Country ,Year,Sector ,GDP_Value_USD_Bn,Employment_%,Growth_Rate_%
France,2013,Agriculture,2286,45%,4.1
Germany,2013,Agriculture,1689,30%,
UK,2011,Agriculture,469,55%,-2.5
France,2014,Manufacturing,1876,30%,
China,2010,Manufacturing,3188,25%,4.1
Brazil,2018,Services,3739,45%,5.6
UK,2014,Services,256,40%,5.6
UK,2015,Services,3440,40%,7.8
France,2011,Manufacturing,3920,12%,
USA,2019,Services,3846,30%,5.6
China,2019,Services,2584,40%,-2.5
France,2010,Manufacturing,2230,12%,3.2
China,2013,Agriculture,4260,35%,-2.5
China,2016,Manufacturing,4356,55%,0
Brazil,2015,Services,4277,40%,
UK,2019,Agriculture,1447,35%,4.1
Germany,2010,Manufacturing,4299,30%,7.8
Brazil,2010,Agriculture,1496,55%,7.8
Brazil,2017,Agriculture,1001,40%,4.1
China,2013,Services,4071,55%,4.1
Japan,2014,Manufacturing,1767,30%,3.2
UK,2022,Services,4292,40%,4.1
USA,2016,Manufacturing,3855,,
Brazil,2017,Manufacturing,3248,25%,0
Germany,2019,Manufacturing,4860,25%,4.1
Japan,2016,Agriculture,1646,12%,5.6
Japan,2011,Agriculture,3783,45%,4.1
USA,2023,Services,3266,12%,5.6
Brazil,2013,Manufacturing,956,55%,5.6
Germany,2019,Manufacturing,3800,,-2.5
UK,2021,Agriculture,4108,45%,5.6
India,2010,Manufacturing,2204,35%,0
Germany,2019,Services,4974,55%,7.8
USA,2018,Manufacturing,1387,25%,-2.5
Japan,2012,Manufacturing,4156,12%,5.6
UK,2021,Agriculture,2545,12%,0
Germany,2012,Manufacturing,3024,30%,3.2
India,2019,Services,2492,35%,0
India,2018,Services,4523,12%,7.8
China,2019,Services,410,12%,0
China,2012,Services,3114,40%,4.1
France,2017,Agriculture,4787,45%,0
USA,2011,Manufacturing,622,55%,4.1
Brazil,2023,Agriculture,2005,45%,4.1
Germany,2022,Services,3094,45%,-2.5
Germany,2012,Manufacturing,1634,12%,7.8
Brazil,2011,Agriculture,2283,40%,5.6
France,2010,Manufacturing,3342,55%,4.1
Japan,2011,Services,3296,12%,4.1
Japan,2017,Services,1864,,7.8
France,2018,Manufacturing,4091,40%,3.2
Japan,2022,Manufacturing,1939,,
China,2011,Services,1949,40%,4.1
Germany,2016,Agriculture,2705,12%,4.1
France,2014,Services,2379,45%,7.8
Germany,2012,Manufacturing,3768,,-2.5
Brazil,2018,Agriculture,1106,25%,5.6
India,2015,Services,2179,,7.8
China,2020,Manufacturing,1556,25%,
UK,2010,Manufacturing,1680,40%,4.1
China,2014,Manufacturing,1041,45%,5.6
France,2016,Agriculture,4640,45%,4.1
UK,2013,Agriculture,1243,12%,-2.5
India,2017,Agriculture,4018,55%,4.1
France,2019,Agriculture,752,,4.1
USA,2014,Manufacturing,1080,12%,0
Germany,2018,Manufacturing,4971,12%,4.1
India,2018,Agriculture,2531,35%,
Germany,2018,Agriculture,612,12%,3.2
Japan,2010,Manufacturing,416,55%,7.8
USA,2011,Services,843,12%,5.6
USA,2012,Services,3153,30%,7.8
India,2023,Manufacturing,4781,45%,4.1
USA,2013,Agriculture,1036,55%,-2.5
UK,2019,Agriculture,1007,,0
USA,2018,Manufacturing,3645,45%,-2.5
Germany,2019,Services,904,40%,
Germany,2022,Manufacturing,1619,35%,4.1
France,2015,Manufacturing,2306,35%,4.1
Germany,2010,Manufacturing,3959,55%,5.6
France,2021,Agriculture,4153,,7.8
Germany,2018,Agriculture,4882,40%,4.1
UK,2015,Agriculture,2272,25%,5.6
Brazil,2013,Services,4226,40%,4.1
France,2023,Manufacturing,287,25%,
China,2013,Manufacturing,3338,55%,
Japan,2012,Services,4332,55%,4.1
India,2016,Agriculture,4775,40%,-2.5
Germany,2012,Manufacturing,1782,40%,7.8
USA,2011,Services,3111,45%,5.6
Brazil,2019,Agriculture,864,35%,7.8
Germany,2017,Agriculture,4759,30%,3.2
USA,2013,Manufacturing,1236,30%,-2.5
Japan,2017,Agriculture,2275,55%,-2.5
Japan,2010,Services,1034,12%,3.2
Japan,2014,Agriculture,847,45%,0
USA,2022,Manufacturing,4212,35%,
Germany,2018,Services,593,45%,5.6
Japan,2010,Agriculture,569,35%,4.1
UK,2020,Agriculture,2596,12%,0
France,2022,Agriculture,1504,35%,7.8
USA,2013,Services,1108,45%,5.6
USA,2015,Agriculture,2286,40%,4.1
Germany,2019,Manufacturing,1162,30%,4.1
USA,2017,Services,3456,35%,5.6
USA,2023,Services,996,45%,
Japan,2012,Agriculture,4080,55%,5.6
Germany,2014,Services,185,30%,3.2
Japan,2016,Manufacturing,2643,12%,4.1
France,2010,Services,842,45%,-2.5
Brazil,2016,Manufacturing,1186,30%,3.2
France,2022,Agriculture,1412,25%,3.2
Brazil,2021,Services,604,25%,4.1
Japan,2020,Manufacturing,2622,,3.2
France,2017,Agriculture,3453,,0
Germany,2017,Manufacturing,2304,35%,3.2
India,2018,Services,1416,55%,-2.5
Japan,2015,Services,998,55%,5.6
Brazil,2021,Manufacturing,153,25%,0
UK,2015,Agriculture,1096,35%,4.1
Brazil,2011,Agriculture,4076,30%,
UK,2012,Agriculture,2664,30%,3.2
USA,2013,Agriculture,3381,55%,3.2
France,2013,Manufacturing,1013,55%,5.6
UK,2017,Services,3321,40%,5.6
Brazil,2023,Manufacturing,887,30%,
USA,2010,Services,2508,35%,0
India,2019,Services,931,45%,
Germany,2023,Manufacturing,3238,25%,
Germany,2013,Manufacturing,4569,,-2.5
Germany,2020,Agriculture,2252,40%,0
UK,2021,Services,3384,55%,5.6
India,2022,Agriculture,2248,40%,-2.5
UK,2020,Agriculture,261,40%,4.1
France,2020,Manufacturing,1265,45%,3.2
UK,2013,Agriculture,930,45%,
India,2010,Agriculture,804,45%,3.2
India,2012,Agriculture,750,45%,7.8
France,2014,Manufacturing,2269,12%,5.6
India,2015,Agriculture,420,12%,7.8
Brazil,2018,Agriculture,1782,,0
India,2018,Manufacturing,851,35%,0
Germany,2018,Manufacturing,1039,25%,
Brazil,2020,Manufacturing,4821,30%,-2.5
Brazil,2010,Services,465,35%,
France,2021,Manufacturing,3015,30%,5.6
China,2018,Services,3387,40%,-2.5
China,2022,Manufacturing,3662,12%,-2.5
India,2017,Manufacturing,1670,30%,4.1
Brazil,2011,Manufacturing,1585,35%,4.1
China,2022,Services,4394,35%,0
China,2020,Agriculture,2842,45%,0
India,2010,Manufacturing,622,55%,
China,2010,Services,4943,12%,5.6
UK,2021,Manufacturing,4906,12%,0
USA,2015,Agriculture,3705,35%,5.6
France,2018,Services,342,55%,7.8
USA,2016,Manufacturing,4343,35%,
India,2014,Manufacturing,129,25%,3.2
Germany,2020,Manufacturing,4282,12%,
France,2011,Agriculture,4358,30%,7.8
India,2010,Services,1912,45%,4.1
Brazil,2011,Manufacturing,668,45%,4.1
Germany,2010,Manufacturing,1009,45%,0
USA,2012,Services,3328,,3.2
India,2015,Agriculture,3785,,3.2
Brazil,2022,Agriculture,2263,12%,
France,2017,Agriculture,3624,12%,
France,2012,Agriculture,4046,45%,-2.5
Japan,2019,Agriculture,2527,30%,3.2
Brazil,2018,Manufacturing,3301,30%,5.6
UK,2019,Manufacturing,2218,40%,0
China,2014,Manufacturing,3295,12%,4.1
Germany,2016,Services,2428,30%,0
Brazil,2017,Agriculture,1772,30%,-2.5
Japan,2012,Services,1211,45%,
China,2011,Agriculture,1939,25%,
China,2011,Agriculture,2090,25%,-2.5
India,2014,Services,4021,25%,0
China,2010,Manufacturing,3451,35%,-2.5
UK,2011,Services,3359,35%,3.2
France,2022,Manufacturing,1149,55%,4.1
Japan,2018,Agriculture,4068,30%,3.2
China,2016,Manufacturing,1738,55%,5.6
India,2015,Agriculture,4182,55%,
UK,2018,Agriculture,894,25%,-2.5
USA,2016,Manufacturing,1693,30%,0
France,2023,Agriculture,2383,25%,
France,2020,Manufacturing,1313,25%,
Japan,2014,Services,2984,30%,7.8
France,2018,Agriculture,3735,12%,0
China,2015,Agriculture,265,12%,
India,2015,Services,4826,25%,7.8
France,2020,Agriculture,3707,45%,7.8
France,2013,Services,2390,55%,4.1
USA,2022,Services,1557,35%,5.6
USA,2021,Agriculture,2140,55%,7.8
Germany,2010,Services,3428,45%,3.2
UK,2014,Services,1166,30%,3.2
China,2020,Services,2790,30%,
France,2018,Agriculture,2211,,5.6
Brazil,2022,Services,3306,12%,0
France,2017,Manufacturing,3018,40%,0
India,2017,Manufacturing,1198,25%,
Germany,2014,Services,3226,12%,
UK,2021,Manufacturing,4303,30%,0
Brazil,2018,Agriculture,3395,12%,0
Germany,2012,Services,4011,30%,3.2
Japan,2012,Agriculture,1190,45%,3.2
UK,2010,Manufacturing,2983,12%,5.6
France,2018,Manufacturing,2157,12%,5.6
France,2015,Manufacturing,2498,40%,5.6
UK,2011,Manufacturing,877,55%,0
France,2017,Agriculture,1253,55%,0
China,2021,Services,3353,,3.2
UK,2018,Agriculture,894,30%,3.2
Germany,2018,Services,3021,45%,-2.5
UK,2011,Manufacturing,1318,40%,-2.5
Brazil,2011,Manufacturing,4783,25%,
France,2022,Manufacturing,4794,40%,0
China,2016,Manufacturing,1679,55%,
China,2020,Agriculture,3580,40%,3.2
Japan,2013,Services,853,30%,0
Germany,2022,Services,177,,
USA,2010,Manufacturing,1001,12%,
USA,2017,Agriculture,2314,,7.8
UK,2011,Manufacturing,69,,-2.5
Japan,2023,Services,3688,35%,5.6
India,2012,Services,1831,55%,0
UK,2014,Agriculture,3884,,4.1
Japan,2023,Services,3181,,7.8
Germany,2012,Agriculture,4820,35%,5.6
Germany,2016,Manufacturing,4884,25%,
Germany,2016,Manufacturing,606,30%,7.8
Germany,2023,Agriculture,2294,30%,4.1
Germany,2011,Manufacturing,3033,12%,3.2
Japan,2022,Agriculture,3613,55%,3.2
Japan,2022,Manufacturing,2775,40%,3.2
China,2016,Manufacturing,4649,25%,
Brazil,2020,Services,4883,40%,5.6
USA,2015,Services,4937,40%,5.6
France,2019,Agriculture,3381,45%,3.2
Germany,2018,Manufacturing,246,25%,
India,2022,Manufacturing,2878,45%,5.6
France,2018,Manufacturing,4889,45%,3.2
Japan,2011,Services,4038,55%,0
India,2016,Agriculture,2519,35%,3.2
India,2014,Agriculture,1680,45%,
India,2022,Agriculture,3328,12%,-2.5
China,2015,Manufacturing,2088,55%,0
Japan,2010,Agriculture,2529,,
India,2016,Services,4380,,4.1
Germany,2015,Services,4624,45%,3.2
UK,2013,Agriculture,2525,55%,-2.5
India,2010,Manufacturing,4811,12%,3.2
China,2018,Services,3359,55%,0
France,2013,Services,3228,40%,3.2
Japan,2011,Manufacturing,1437,55%,5.6
Brazil,2017,Manufacturing,691,40%,3.2
China,2011,Agriculture,624,,0
India,2014,Services,3194,45%,7.8
Japan,2020,Services,1771,25%,3.2
UK,2015,Agriculture,1068,30%,5.6
India,2020,Agriculture,4108,55%,4.1
China,2022,Services,3470,30%,0
USA,2017,Services,449,45%,-2.5
Germany,2020,Manufacturing,4740,,7.8
Brazil,2010,Manufacturing,1506,30%,4.1
France,2010,Services,1645,12%,
China,2021,Services,166,40%,3.2
Japan,2013,Manufacturing,432,12%,0
Brazil,2014,Agriculture,2179,30%,5.6
Brazil,2022,Agriculture,1900,25%,5.6
Brazil,2022,Services,881,12%,0
India,2018,Services,2750,45%,4.1
Germany,2020,Manufacturing,2831,25%,5.6
India,2023,Services,3531,40%,
Japan,2016,Agriculture,2167,,4.1
India,2016,Manufacturing,4532,45%,7.8
USA,2017,Manufacturing,2056,,-2.5
Germany,2014,Agriculture,2621,30%,4.1
Germany,2014,Agriculture,346,,5.6
Japan,2010,Manufacturing,768,25%,5.6
France,2023,Services,3186,25%,-2.5
USA,2018,Agriculture,3129,45%,7.8
China,2015,Manufacturing,60,25%,7.8
India,2018,Services,4930,45%,7.8
UK,2012,Services,460,12%,
India,2014,Manufacturing,2989,40%,4.1
Brazil,2011,Agriculture,2704,12%,5.6
India,2019,Services,3236,40%,4.1
China,2014,Agriculture,3500,30%,5.6
India,2022,Manufacturing,648,55%,7.8
USA,2022,Agriculture,873,35%,5.6
USA,2022,Services,2447,35%,4.1
Germany,2023,Manufacturing,4164,12%,3.2
Japan,2017,Services,362,55%,4.1
France,2020,Services,3024,30%,5.6
UK,2011,Manufacturing,3788,35%,
Brazil,2017,Manufacturing,2542,45%,7.8
India,2013,Agriculture,1995,45%,4.1
India,2019,Manufacturing,280,25%,0
China,2019,Agriculture,3790,30%,7.8
Japan,2010,Manufacturing,2722,35%,0
USA,2022,Services,3504,,5.6
UK,2014,Agriculture,3633,30%,5.6
Germany,2022,Manufacturing,93,45%,
USA,2010,Agriculture,2974,35%,0
Brazil,2016,Agriculture,3743,25%,4.1
Japan,2017,Agriculture,2320,12%,7.8
Brazil,2012,Services,3507,55%,-2.5
France,2012,Manufacturing,2999,,4.1
Germany,2016,Manufacturing,2368,25%,-2.5
France,2013,Agriculture,3435,25%,7.8
China,2012,Manufacturing,2344,25%,5.6
Brazil,2017,Services,3045,55%,0
China,2012,Agriculture,3688,45%,4.1
India,2022,Services,4966,35%,0
France,2023,Services,3417,12%,7.8
Japan,2016,Manufacturing,3334,40%,7.8
Brazil,2011,Manufacturing,2392,12%,3.2
UK,2020,Agriculture,220,,
Germany,2020,Services,4391,55%,0
USA,2010,Manufacturing,1689,12%,
Japan,2021,Agriculture,666,,3.2
Japan,2015,Agriculture,289,30%,5.6
China,2017,Manufacturing,4543,,0
France,2010,Services,1906,30%,
Brazil,2022,Agriculture,972,55%,7.8
Brazil,2019,Manufacturing,4937,55%,7.8
India,2021,Agriculture,1954,35%,5.6
India,2018,Manufacturing,3199,35%,
Germany,2012,Agriculture,862,55%,
China,2012,Services,1780,35%,-2.5
Japan,2013,Agriculture,881,45%,3.2
Brazil,2020,Manufacturing,3474,25%,7.8
UK,2010,Manufacturing,2257,12%,
China,2018,Manufacturing,4889,12%,4.1
Germany,2020,Services,3482,40%,0
Germany,2012,Manufacturing,4958,12%,
China,2022,Manufacturing,3418,12%,0
Germany,2019,Services,2277,45%,4.1
China,2013,Manufacturing,2310,45%,0
USA,2010,Manufacturing,4675,25%,5.6
China,2013,Services,2967,55%,4.1
France,2022,Agriculture,3570,35%,-2.5
China,2010,Manufacturing,4430,25%,3.2
Germany,2014,Agriculture,2758,40%,0
Brazil,2014,Services,1870,12%,0
France,2023,Manufacturing,698,35%,7.8
Germany,2020,Manufacturing,238,40%,-2.5
India,2016,Services,1272,25%,7.8
India,2023,Manufacturing,528,12%,5.6
Brazil,2017,Agriculture,3112,25%,5.6
Brazil,2013,Agriculture,2075,12%,3.2
France,2016,Services,4662,30%,4.1
USA,2013,Manufacturing,1938,,5.6
Brazil,2012,Manufacturing,1600,12%,4.1
India,2015,Services,2966,30%,3.2
China,2013,Agriculture,3305,30%,7.8
Germany,2023,Agriculture,2856,30%,0
India,2012,Services,83,,0
India,2018,Manufacturing,345,45%,4.1
USA,2014,Agriculture,2550,12%,-2.5
France,2022,Manufacturing,3829,25%,5.6
France,2023,Agriculture,3626,35%,-2.5
Japan,2016,Manufacturing,1479,45%,-2.5
USA,2021,Agriculture,2239,,0
China,2023,Manufacturing,2037,35%,5.6
France,2015,Services,4793,,0
Germany,2019,Agriculture,2932,30%,4.1
Brazil,2014,Services,1759,30%,
USA,2016,Agriculture,2827,40%,-2.5
Brazil,2020,Agriculture,3747,55%,5.6
India,2015,Agriculture,1597,30%,
Germany,2019,Manufacturing,512,35%,
Germany,2011,Agriculture,3365,30%,
India,2022,Services,3354,55%,4.1
USA,2022,Manufacturing,563,40%,0
India,2022,Manufacturing,4146,55%,3.2
Brazil,2012,Agriculture,3616,45%,
Japan,2011,Manufacturing,3853,35%,3.2
Germany,2021,Agriculture,3737,,7.8
UK,2012,Services,3988,12%,7.8
UK,2010,Manufacturing,3539,45%,5.6
Brazil,2017,Manufacturing,1521,45%,7.8
China,2015,Services,387,12%,4.1
France,2022,Services,3131,35%,5.6
India,2011,Agriculture,3462,,-2.5
India,2017,Manufacturing,2442,45%,3.2
China,2015,Services,1026,55%,5.6
China,2016,Manufacturing,2295,12%,4.1
Brazil,2020,Services,4118,,4.1
Brazil,2010,Manufacturing,1753,25%,-2.5
China,2016,Services,921,45%,3.2
Germany,2012,Manufacturing,3459,,0
Brazil,2020,Agriculture,2639,55%,-2.5
Japan,2021,Manufacturing,4602,35%,0
Brazil,2017,Agriculture,1599,35%,7.8
India,2015,Agriculture,3557,12%,4.1
Brazil,2013,Agriculture,4511,55%,5.6
Germany,2020,Manufacturing,2671,12%,3.2
China,2017,Manufacturing,2579,45%,4.1
India,2018,Agriculture,2207,12%,7.8
Brazil,2019,Services,2406,25%,-2.5
Germany,2011,Manufacturing,209,12%,4.1
Japan,2015,Manufacturing,4989,12%,7.8
Brazil,2014,Manufacturing,2152,45%,0
Germany,2014,Manufacturing,2858,55%,4.1
Japan,2019,Agriculture,2049,,0
China,2020,Services,2631,,
Brazil,2012,Services,3043,25%,5.6
Japan,2021,Services,2984,12%,7.8
India,2017,Services,2361,45%,
China,2023,Agriculture,2845,45%,3.2
India,2017,Manufacturing,4378,30%,0
UK,2021,Manufacturing,4378,,-2.5
USA,2014,Agriculture,3638,45%,7.8
Brazil,2017,Manufacturing,3166,55%,3.2
Japan,2019,Agriculture,4703,12%,3.2
USA,2017,Services,3797,35%,4.1
USA,2012,Agriculture,1999,,3.2
Japan,2011,Manufacturing,1509,40%,3.2
China,2018,Manufacturing,4480,40%,
Brazil,2011,Manufacturing,2501,,0
UK,2018,Services,4401,25%,5.6
India,2013,Agriculture,3117,35%,7.8
Germany,2021,Agriculture,4140,55%,0
India,2022,Manufacturing,3038,40%,4.1
Germany,2011,Agriculture,821,,5.6
India,2019,Manufacturing,1161,12%,3.2
Japan,2010,Agriculture,3361,35%,-2.5
UK,2013,Services,4456,35%,3.2
Brazil,2018,Services,1644,40%,5.6
Germany,2021,Agriculture,2779,,5.6
Brazil,2018,Services,1331,35%,-2.5
Brazil,2013,Services,3635,25%,
Brazil,2018,Services,2878,12%,0
France,2021,Manufacturing,2423,45%,
China,2015,Agriculture,4935,12%,-2.5
India,2010,Agriculture,391,40%,3.2
Brazil,2019,Manufacturing,4983,,7.8
India,2022,Manufacturing,4773,35%,0
Brazil,2023,Services,2868,12%,7.8
Germany,2015,Agriculture,2975,45%,4.1
China,2018,Manufacturing,1322,30%,7.8
China,2022,Services,759,25%,0
Japan,2011,Agriculture,788,12%,3.2
France,2015,Services,1828,12%,
Japan,2011,Agriculture,4640,25%,4.1
Japan,2013,Services,4180,25%,5.6
Japan,2017,Agriculture,3768,,3.2
Japan,2022,Agriculture,4963,35%,
Japan,2016,Agriculture,59,35%,5.6
UK,2020,Agriculture,1787,,5.6
China,2021,Services,2628,25%,0
Japan,2022,Manufacturing,1608,45%,0
Brazil,2018,Agriculture,2192,30%,-2.5
China,2016,Agriculture,2673,35%,
China,2010,Agriculture,4050,45%,4.1
USA,2011,Agriculture,4595,25%,7.8
UK,2015,Services,2193,12%,7.8
Japan,2016,Manufacturing,914,,7.8
India,2012,Manufacturing,1850,30%,7.8
Germany,2018,Manufacturing,3502,40%,-2.5
France,2022,Services,2766,25%,5.6
Brazil,2016,Manufacturing,4352,25%,-2.5
India,2023,Services,1859,30%,
UK,2015,Services,4995,55%,4.1
Germany,2022,Agriculture,4391,25%,0
UK,2015,Services,2047,35%,3.2
Brazil,2010,Manufacturing,2981,40%,5.6
China,2022,Manufacturing,2180,12%,5.6
Germany,2014,Manufacturing,4462,45%,-2.5
China,2019,Agriculture,2742,55%,0
Brazil,2012,Agriculture,3226,40%,0
India,2016,Agriculture,2846,,
Brazil,2019,Services,4745,35%,4.1
India,2012,Manufacturing,1605,12%,5.6
Germany,2014,Services,3740,40%,-2.5
Germany,2016,Services,4986,45%,7.8
Japan,2023,Manufacturing,3622,12%,5.6
UK,2012,Agriculture,4493,35%,7.8
Japan,2022,Manufacturing,380,,3.2
UK,2022,Services,4755,,0
Japan,2019,Services,1994,12%,5.6
China,2011,Agriculture,4889,25%,3.2
Germany,2015,Services,4008,12%,7.8
India,2017,Services,4714,25%,5.6
UK,2013,Manufacturing,1734,40%,3.2
Brazil,2018,Agriculture,2486,,5.6
UK,2021,Manufacturing,1020,35%,3.2
India,2021,Manufacturing,796,55%,3.2
Japan,2017,Manufacturing,2234,25%,7.8
UK,2016,Services,1434,30%,0
France,2023,Services,4080,30%,-2.5
China,2016,Agriculture,1068,30%,3.2
Germany,2012,Services,2628,,0
India,2023,Agriculture,4161,40%,
Germany,2015,Manufacturing,4713,12%,-2.5
France,2022,Manufacturing,3990,,7.8
UK,2022,Services,2074,12%,5.6
UK,2014,Services,1592,12%,0
Brazil,2010,Agriculture,2761,,4.1
France,2020,Services,3096,35%,5.6
India,2012,Services,1504,45%,5.6
Brazil,2022,Services,3053,12%,-2.5
China,2021,Manufacturing,1752,12%,
Brazil,2010,Services,4470,25%,0
USA,2013,Services,3923,55%,3.2
India,2019,Manufacturing,171,,
USA,2012,Manufacturing,1526,12%,-2.5
France,2020,Manufacturing,315,40%,0
Japan,2013,Manufacturing,77,35%,3.2
USA,2018,Services,2174,45%,4.1
China,2012,Services,481,45%,4.1
Brazil,2021,Services,3827,40%,5.6
Japan,2015,Agriculture,4581,30%,7.8
Brazil,2015,Manufacturing,1135,45%,7.8
USA,2016,Services,2144,30%,-2.5
Brazil,2018,Services,2535,35%,
France,2021,Services,150,45%,4.1
Japan,2016,Manufacturing,2204,,3.2
France,2023,Manufacturing,3098,45%,3.2
USA,2010,Manufacturing,849,25%,7.8
France,2017,Services,3872,45%,3.2
China,2014,Manufacturing,1345,25%,0
USA,2018,Services,484,30%,0
USA,2019,Agriculture,3854,25%,7.8
USA,2022,Manufacturing,2663,30%,5.6
India,2021,Manufacturing,965,25%,5.6
Brazil,2014,Services,2325,35%,5.6
India,2014,Manufacturing,4690,12%,7.8
India,2021,Manufacturing,697,55%,-2.5
China,2021,Services,2345,40%,4.1
Japan,2023,Services,4128,40%,4.1
Brazil,2011,Services,1481,,3.2
France,2021,Agriculture,2411,,0
UK,2020,Services,4182,45%,
USA,2012,Manufacturing,773,30%,4.1
France,2019,Agriculture,1597,55%,0
USA,2018,Services,1029,12%,
China,2016,Agriculture,133,25%,-2.5
USA,2010,Agriculture,3536,25%,3.2
India,2012,Manufacturing,1415,40%,5.6
Brazil,2021,Agriculture,4864,25%,
UK,2011,Services,599,30%,0
Germany,2010,Agriculture,3542,40%,4.1
USA,2018,Agriculture,2812,25%,4.1
France,2017,Manufacturing,3903,30%,5.6
India,2014,Manufacturing,4732,45%,5.6
Germany,2020,Services,3249,12%,7.8
UK,2021,Manufacturing,201,40%,7.8
Germany,2011,Services,3548,12%,3.2
India,2010,Services,2262,40%,0
Brazil,2016,Manufacturing,3035,40%,7.8
Brazil,2022,Agriculture,4144,12%,3.2
Japan,2020,Manufacturing,1617,55%,-2.5
Brazil,2020,Agriculture,261,,5.6
Japan,2011,Agriculture,4887,40%,0
Germany,2010,Services,2229,25%,0
China,2011,Services,3273,35%,3.2
France,2016,Manufacturing,4241,30%,7.8
France,2016,Agriculture,1576,,5.6
Germany,2019,Manufacturing,571,12%,5.6
USA,2015,Services,3996,30%,0
USA,2014,Agriculture,1752,55%,0
Brazil,2012,Manufacturing,67,45%,5.6
France,2023,Manufacturing,3530,30%,-2.5
France,2021,Services,1769,25%,3.2
Japan,2012,Services,3366,55%,-2.5
China,2020,Services,4064,,7.8
India,2022,Services,928,30%,-2.5
USA,2021,Manufacturing,643,35%,-2.5
France,2018,Services,4788,35%,7.8
Japan,2013,Services,4946,45%,
UK,2018,Manufacturing,4600,12%,4.1
Japan,2013,Manufacturing,1659,12%,4.1
USA,2011,Agriculture,925,55%,
USA,2013,Manufacturing,3281,40%,3.2
Japan,2015,Agriculture,2498,,4.1
India,2015,Services,4607,55%,5.6
Germany,2014,Agriculture,2186,,-2.5
USA,2010,Agriculture,2103,12%,3.2
Japan,2012,Services,133,12%,7.8
France,2014,Services,1489,55%,4.1
Japan,2015,Services,2718,25%,
China,2023,Agriculture,2269,,3.2
Germany,2010,Manufacturing,748,,
UK,2023,Manufacturing,1870,30%,-2.5
India,2023,Manufacturing,4675,35%,5.6
Brazil,2018,Services,4464,30%,7.8
UK,2023,Services,1148,35%,7.8
Germany,2012,Manufacturing,2944,45%,-2.5
Germany,2019,Services,3467,35%,
Germany,2022,Agriculture,298,,3.2
UK,2012,Agriculture,4532,40%,5.6
France,2020,Services,2007,55%,7.8
Germany,2011,Manufacturing,1940,25%,-2.5
Japan,2017,Manufacturing,4508,30%,-2.5
UK,2022,Agriculture,3417,55%,0
Brazil,2012,Services,2165,12%,
Germany,2015,Manufacturing,3113,,0
Japan,2011,Manufacturing,1856,12%,3.2
France,2016,Services,345,,4.1
China,2022,Services,2744,35%,-2.5
France,2013,Manufacturing,2041,25%,
Brazil,2018,Services,3989,,3.2
Germany,2023,Services,81,45%,3.2
Brazil,2019,Services,4700,55%,5.6
UK,2018,Manufacturing,3925,30%,0
USA,2016,Agriculture,4450,45%,3.2
Germany,2021,Services,842,45%,5.6
USA,2017,Manufacturing,4241,45%,5.6
Japan,2012,Agriculture,1139,45%,
China,2020,Manufacturing,279,55%,0
India,2014,Manufacturing,2830,12%,0
Brazil,2011,Manufacturing,4503,55%,-2.5
France,2019,Agriculture,4547,30%,3.2
China,2016,Manufacturing,839,12%,5.6
Germany,2022,Agriculture,4244,30%,-2.5
USA,2017,Services,4416,12%,
France,2018,Agriculture,1848,55%,3.2
USA,2020,Manufacturing,4030,55%,3.2
UK,2020,Agriculture,4507,55%,-2.5
USA,2016,Manufacturing,3290,,5.6
UK,2019,Services,4685,12%,-2.5
Japan,2019,Agriculture,3906,55%,3.2
France,2022,Services,4978,25%,-2.5
France,2017,Agriculture,363,35%,-2.5
India,2021,Manufacturing,282,35%,
Germany,2018,Agriculture,3557,25%,3.2
UK,2015,Services,1079,35%,0
India,2021,Agriculture,3656,12%,
USA,2021,Services,2761,30%,4.1
USA,2019,Services,4389,30%,5.6
India,2011,Manufacturing,2338,55%,3.2
France,2011,Agriculture,4049,55%,
USA,2013,Services,2655,40%,4.1
Brazil,2018,Manufacturing,3394,,
Japan,2016,Manufacturing,2172,30%,0
Japan,2011,Manufacturing,2380,55%,-2.5
Brazil,2017,Services,3829,25%,0
India,2020,Agriculture,4232,25%,3.2
Brazil,2016,Services,930,12%,
UK,2018,Manufacturing,3027,25%,
UK,2017,Services,1222,30%,3.2
India,2012,Services,209,30%,4.1
Brazil,2010,Manufacturing,2543,,-2.5
UK,2011,Agriculture,2179,55%,4.1
France,2023,Manufacturing,3128,,
Brazil,2022,Manufacturing,2279,40%,3.2
France,2011,Services,2967,12%,4.1
UK,2013,Manufacturing,3063,12%,7.8
Japan,2015,Services,1599,55%,0
UK,2013,Manufacturing,4623,45%,7.8
France,2018,Manufacturing,3435,55%,7.8
China,2013,Agriculture,1629,12%,0
Germany,2015,Manufacturing,3421,30%,3.2
USA,2015,Agriculture,2010,30%,0
Brazil,2019,Manufacturing,3894,45%,-2.5
China,2020,Manufacturing,4747,55%,7.8
UK,2019,Manufacturing,2440,55%,
Japan,2010,Agriculture,1469,45%,7.8
India,2017,Services,3967,45%,4.1
UK,2021,Agriculture,3885,35%,3.2
Japan,2012,Manufacturing,4478,30%,0
Germany,2022,Services,4500,,
UK,2015,Manufacturing,3680,40%,4.1
France,2012,Agriculture,4992,30%,5.6
India,2020,Agriculture,212,45%,
Japan,2011,Services,165,30%,3.2
Japan,2014,Agriculture,1520,30%,3.2
Japan,2023,Manufacturing,3129,25%,3.2
Germany,2010,Services,3902,45%,4.1
UK,2018,Manufacturing,2888,12%,0
Germany,2020,Services,592,40%,3.2
Brazil,2016,Services,463,45%,4.1
USA,2012,Manufacturing,731,55%,-2.5
USA,2013,Agriculture,691,25%,-2.5
Brazil,2022,Manufacturing,4028,40%,7.8
UK,2015,Agriculture,1482,30%,7.8
France,2012,Agriculture,718,40%,0
Germany,2021,Manufacturing,2119,45%,5.6
India,2016,Services,1018,25%,7.8
Japan,2022,Manufacturing,1230,,7.8
Japan,2015,Services,4869,40%,7.8
UK,2018,Agriculture,3285,40%,
France,2021,Services,301,35%,4.1
USA,2014,Manufacturing,4350,25%,7.8
USA,2013,Services,2929,55%,3.2
Japan,2012,Agriculture,4048,35%,7.8
UK,2019,Agriculture,840,45%,
Germany,2010,Services,4610,,0
USA,2012,Agriculture,1545,40%,
Germany,2012,Agriculture,4539,,3.2
France,2016,Services,3118,40%,
USA,2016,Agriculture,2757,,3.2
USA,2022,Services,2627,25%,0
China,2021,Services,1285,35%,5.6
USA,2010,Agriculture,1108,45%,7.8
Brazil,2012,Services,1220,,-2.5
India,2022,Agriculture,3668,30%,5.6
Brazil,2017,Agriculture,3709,30%,7.8
UK,2018,Agriculture,3705,,-2.5
UK,2016,Manufacturing,106,,3.2
Germany,2016,Agriculture,1942,,
Brazil,2021,Services,2619,45%,3.2
Brazil,2020,Services,4130,25%,3.2
Brazil,2017,Services,4506,,7.8
France,2015,Manufacturing,1998,,0
USA,2020,Manufacturing,272,25%,3.2
India,2012,Services,1689,35%,4.1
Germany,2010,Services,4472,25%,3.2
Brazil,2016,Manufacturing,1807,45%,3.2
Brazil,2010,Services,885,30%,
China,2010,Agriculture,2586,55%,7.8
Germany,2018,Agriculture,2575,40%,-2.5
Brazil,2022,Services,1034,35%,5.6
Germany,2019,Agriculture,1407,55%,3.2
USA,2016,Services,4937,30%,5.6
China,2022,Manufacturing,3110,30%,0
Germany,2020,Services,4527,,0
India,2022,Manufacturing,1496,55%,4.1
India,2013,Agriculture,1421,45%,0
UK,2015,Agriculture,3274,55%,3.2
China,2010,Agriculture,1924,12%,5.6
China,2016,Services,2549,35%,-2.5
UK,2021,Manufacturing,3411,30%,7.8
Germany,2015,Manufacturing,1192,45%,5.6
China,2013,Agriculture,4359,25%,7.8
India,2016,Agriculture,614,30%,4.1
India,2012,Manufacturing,4877,40%,5.6
Brazil,2010,Services,4584,45%,3.2
USA,2013,Agriculture,1638,25%,-2.5
China,2012,Services,4035,45%,3.2
Germany,2010,Agriculture,4774,12%,0
UK,2011,Agriculture,1520,35%,-2.5
UK,2020,Services,3964,,
Germany,2014,Services,3163,,
France,2017,Services,4540,55%,5.6
Japan,2010,Services,4392,40%,4.1
USA,2013,Manufacturing,3412,45%,3.2
UK,2023,Manufacturing,1686,35%,7.8
China,2013,Agriculture,2962,35%,3.2
USA,2014,Agriculture,1522,35%,3.2
China,2016,Agriculture,1294,35%,5.6
France,2022,Manufacturing,3787,35%,5.6
India,2021,Services,2148,40%,0
USA,2017,Agriculture,2647,55%,4.1
Brazil,2015,Manufacturing,2562,,-2.5
UK,2010,Agriculture,4564,55%,3.2
USA,2016,Manufacturing,308,45%,7.8
USA,2012,Services,2408,,
USA,2022,Manufacturing,3443,,
Japan,2022,Services,3828,30%,5.6
USA,2022,Agriculture,3461,25%,5.6
China,2015,Services,1318,45%,0
India,2017,Manufacturing,989,40%,-2.5
France,2016,Agriculture,2426,35%,
Germany,2019,Agriculture,4001,25%,0
USA,2015,Manufacturing,245,,5.6
UK,2018,Services,4207,40%,4.1
USA,2018,Manufacturing,3146,40%,7.8
UK,2010,Services,3685,45%,0
China,2010,Services,611,25%,4.1
UK,2010,Agriculture,3499,,3.2
Brazil,2017,Services,3416,55%,5.6
Germany,2021,Agriculture,3173,35%,5.6
India,2022,Manufacturing,2941,40%,0
UK,2023,Manufacturing,89,25%,7.8
UK,2021,Agriculture,1817,12%,0
India,2023,Agriculture,2554,30%,4.1
Germany,2019,Services,837,30%,7.8
USA,2016,Agriculture,1926,35%,5.6
UK,2012,Manufacturing,4147,55%,4.1
India,2022,Agriculture,1542,55%,0
Brazil,2011,Agriculture,1179,45%,-2.5
Brazil,2013,Agriculture,2313,40%,
China,2012,Services,4922,,0
India,2016,Agriculture,4559,12%,0
China,2019,Services,4071,25%,4.1
Brazil,2017,Services,4355,40%,-2.5
Germany,2015,Agriculture,2235,45%,-2.5
USA,2012,Services,1694,55%,3.2
India,2015,Agriculture,3610,25%,-2.5
France,2011,Manufacturing,2735,55%,7.8
Brazil,2021,Manufacturing,4871,55%,
Brazil,2016,Services,1462,12%,
France,2023,Manufacturing,1271,35%,3.2
Japan,2020,Agriculture,2299,25%,7.8
Brazil,2019,Services,2289,12%,4.1
UK,2023,Agriculture,4252,,3.2
Germany,2016,Services,4472,40%,4.1
India,2013,Services,693,55%,3.2
France,2022,Services,4502,55%,
UK,2017,Services,2598,12%,4.1
France,2013,Manufacturing,4653,,7.8
India,2016,Manufacturing,3855,25%,5.6
China,2013,Manufacturing,4340,55%,
India,2022,Services,4192,,5.6
Japan,2021,Manufacturing,1435,25%,0
India,2014,Services,2634,12%,4.1
India,2016,Manufacturing,1651,55%,5.6
Japan,2022,Services,4992,45%,
Germany,2023,Manufacturing,4854,45%,0
Brazil,2023,Manufacturing,3367,55%,5.6
India,2022,Manufacturing,857,35%,0
Japan,2019,Services,2709,55%,
UK,2012,Services,164,55%,0
China,2019,Manufacturing,2777,55%,
China,2014,Services,4776,12%,-2.5
India,2020,Agriculture,2316,55%,
Germany,2023,Manufacturing,4342,55%,0
Germany,2012,Manufacturing,4546,12%,4.1
UK,2014,Agriculture,3951,55%,
India,2023,Services,2778,45%,
China,2012,Services,4221,30%,4.1
Germany,2020,Services,1499,45%,7.8
India,2019,Manufacturing,4432,40%,7.8
France,2020,Manufacturing,1618,,0
Germany,2016,Manufacturing,1372,40%,7.8
Japan,2022,Manufacturing,910,40%,5.6
France,2010,Manufacturing,791,55%,7.8
Brazil,2018,Services,1780,30%,-2.5
Germany,2018,Agriculture,4954,12%,7.8
China,2014,Services,2983,55%,5.6
USA,2018,Services,3568,30%,
France,2019,Manufacturing,4559,55%,5.6
Brazil,2022,Agriculture,4576,,0
UK,2015,Agriculture,3217,25%,3.2
UK,2014,Services,1968,40%,5.6
China,2022,Agriculture,2268,30%,0
Germany,2012,Services,1390,,0
India,2020,Services,4689,35%,7.8
Germany,2020,Services,1564,12%,7.8
China,2017,Services,1461,40%,0
UK,2013,Manufacturing,3086,35%,
Germany,2019,Agriculture,4217,25%,-2.5
UK,2022,Manufacturing,1072,35%,
France,2022,Manufacturing,4677,30%,0
Brazil,2012,Manufacturing,2336,55%,7.8
India,2022,Services,2808,45%,5.6
France,2015,Services,4722,12%,-2.5
UK,2017,Manufacturing,3821,30%,3.2
UK,2022,Manufacturing,1162,12%,
USA,2018,Agriculture,1995,30%,5.6
USA,2023,Manufacturing,4858,55%,7.8
France,2015,Services,1608,,5.6
Japan,2014,Manufacturing,3929,40%,5.6
France,2021,Agriculture,691,40%,7.8
USA,2020,Agriculture,2287,40%,5.6
UK,2011,Manufacturing,4957,35%,0
China,2011,Agriculture,3536,12%,
France,2018,Agriculture,3275,30%,-2.5
UK,2011,Services,1064,30%,
China,2011,Agriculture,2071,,4.1
China,2012,Agriculture,2726,40%,7.8
USA,2012,Manufacturing,1590,40%,-2.5
France,2013,Services,2986,25%,0
Germany,2016,Agriculture,3156,40%,7.8
India,2018,Manufacturing,833,25%,0
USA,2011,Manufacturing,720,35%,3.2
USA,2013,Manufacturing,2819,30%,3.2
Germany,2018,Manufacturing,2623,25%,3.2
India,2023,Manufacturing,2634,30%,-2.5
UK,2011,Manufacturing,4992,40%,4.1
Japan,2019,Agriculture,1327,30%,
France,2020,Services,3093,45%,
Japan,2022,Services,3222,55%,3.2
UK,2010,Manufacturing,3832,40%,3.2
Brazil,2019,Manufacturing,227,12%,0
USA,2017,Services,325,,4.1
India,2018,Agriculture,2409,55%,5.6
USA,2016,Manufacturing,3531,35%,4.1
China,2017,Services,4936,55%,4.1
USA,2013,Services,3409,12%,5.6
USA,2013,Manufacturing,1474,40%,
UK,2022,Services,4172,30%,
UK,2011,Agriculture,3010,,3.2
UK,2017,Services,2519,12%,
Japan,2020,Manufacturing,3135,35%,5.6
China,2011,Manufacturing,2422,12%,4.1
Brazil,2018,Services,4118,25%,3.2
Brazil,2023,Services,1640,,3.2
UK,2013,Manufacturing,4430,,-2.5
India,2010,Agriculture,1162,55%,7.8
Japan,2022,Services,1118,45%,5.6
Germany,2013,Agriculture,2595,45%,3.2
India,2012,Agriculture,3699,45%,5.6
France,2021,Manufacturing,1864,35%,-2.5
France,2015,Manufacturing,3957,45%,4.1
India,2016,Manufacturing,3781,30%,-2.5
UK,2017,Agriculture,2242,,3.2
Germany,2011,Manufacturing,131,40%,5.6
Germany,2015,Manufacturing,3756,,5.6
Japan,2015,Agriculture,3226,55%,5.6
Germany,2019,Agriculture,1875,12%,-2.5
France,2021,Agriculture,131,25%,0
China,2014,Agriculture,143,40%,0
UK,2019,Services,392,45%,5.6
Germany,2019,Manufacturing,2458,45%,5.6
Japan,2016,Services,1904,40%,7.8
France,2012,Agriculture,4049,30%,3.2
China,2013,Agriculture,1139,45%,-2.5
USA,2019,Agriculture,673,25%,7.8
USA,2022,Agriculture,917,55%,5.6
China,2018,Agriculture,2526,40%,
France,2013,Manufacturing,3522,40%,0
Japan,2012,Services,220,30%,0
China,2023,Services,1832,45%,7.8
UK,2011,Manufacturing,627,12%,0
UK,2014,Manufacturing,117,35%,0
USA,2013,Manufacturing,1565,25%,
Germany,2022,Services,50,55%,3.2
Japan,2022,Services,2248,,5.6
USA,2017,Agriculture,951,12%,4.1
Germany,2016,Services,4895,25%,7.8
Germany,2015,Services,844,,
Brazil,2020,Manufacturing,2116,25%,-2.5
UK,2021,Services,1869,35%,-2.5
France,2011,Agriculture,420,30%,
India,2012,Services,2588,35%,5.6
France,2019,Manufacturing,3957,,-2.5
India,2018,Manufacturing,2104,30%,
China,2022,Agriculture,2646,,0
UK,2018,Agriculture,4516,55%,3.2
Germany,2014,Services,1738,45%,7.8
Japan,2023,Agriculture,4902,40%,7.8
India,2012,Agriculture,3371,,0
France,2011,Manufacturing,1188,30%,4.1
Germany,2017,Manufacturing,2671,35%,5.6
India,2015,Services,2778,55%,3.2
India,2019,Services,1215,25%,-2.5
Brazil,2020,Services,1558,40%,4.1
India,2021,Services,3891,45%,7.8
Japan,2016,Manufacturing,4608,12%,7.8
UK,2010,Services,4626,25%,5.6
Japan,2010,Services,4968,40%,3.2
USA,2019,Agriculture,573,55%,
Germany,2011,Services,2308,12%,-2.5
UK,2019,Agriculture,4389,40%,7.8
Brazil,2012,Manufacturing,288,25%,7.8
UK,2021,Services,1270,35%,-2.5
UK,2010,Agriculture,818,55%,4.1
France,2023,Services,284,12%,3.2
UK,2014,Agriculture,2810,30%,3.2
Brazil,2012,Services,4642,,3.2
Japan,2010,Manufacturing,1569,35%,7.8
UK,2017,Manufacturing,1953,,
China,2021,Agriculture,2284,,0
Germany,2020,Agriculture,985,12%,4.1
UK,2015,Manufacturing,1318,45%,7.8
Germany,2018,Services,868,40%,5.6
China,2012,Agriculture,3617,40%,4.1
China,2018,Manufacturing,4167,30%,5.6
Germany,2018,Agriculture,2165,45%,
India,2021,Manufacturing,2489,55%,4.1
USA,2022,Manufacturing,3437,12%,7.8
France,2021,Agriculture,1138,40%,7.8
India,2010,Agriculture,1877,45%,-2.5
India,2012,Manufacturing,4874,25%,3.2
Japan,2015,Services,2638,25%,
France,2017,Manufacturing,2665,45%,-2.5
France,2013,Services,1923,40%,
India,2014,Services,4357,,5.6
UK,2018,Services,1823,,5.6
Japan,2015,Agriculture,249,45%,0
Japan,2021,Manufacturing,227,55%,3.2
China,2016,Manufacturing,980,,3.2
Brazil,2016,Services,3786,55%,
France,2013,Services,2086,25%,5.6
India,2013,Services,1535,35%,-2.5
China,2013,Manufacturing,2141,12%,7.8
Germany,2023,Services,4313,35%,3.2
USA,2020,Manufacturing,2434,55%,7.8
Brazil,2014,Manufacturing,4138,30%,5.6
Brazil,2014,Agriculture,4731,30%,0
Brazil,2017,Services,1965,,5.6
Japan,2018,Services,65,35%,7.8
Germany,2011,Services,2984,55%,5.6
Brazil,2020,Agriculture,886,40%,3.2
Germany,2016,Services,2207,35%,
UK,2010,Manufacturing,1626,25%,
Brazil,2010,Services,355,30%,7.8
USA,2013,Manufacturing,2103,55%,7.8
Germany,2019,Manufacturing,2940,25%,0
Germany,2016,Manufacturing,3394,35%,4.1
USA,2011,Manufacturing,4506,45%,3.2
Brazil,2020,Services,1258,45%,-2.5
USA,2011,Agriculture,1908,12%,4.1
Germany,2010,Agriculture,2753,30%,0
USA,2019,Manufacturing,2021,40%,3.2
Germany,2011,Services,1163,45%,
Germany,2022,Agriculture,1033,40%,-2.5
UK,2016,Services,3360,12%,4.1
India,2018,Agriculture,4051,35%,
Germany,2015,Manufacturing,2821,30%,7.8
Brazil,2019,Manufacturing,3202,30%,
China,2011,Manufacturing,2212,12%,4.1
Japan,2021,Agriculture,2177,12%,0
France,2019,Services,3689,30%,7.8
India,2019,Manufacturing,4324,12%,7.8
India,2022,Services,610,40%,4.1
India,2018,Services,1859,25%,7.8
UK,2016,Manufacturing,4437,40%,3.2
Germany,2020,Agriculture,2982,40%,-2.5
UK,2010,Manufacturing,340,12%,3.2
Germany,2021,Manufacturing,4687,,7.8
Brazil,2018,Agriculture,1959,30%,4.1
UK,2011,Services,4739,55%,0
UK,2013,Agriculture,1478,35%,
Japan,2018,Agriculture,997,25%,4.1
China,2013,Manufacturing,2577,55%,7.8
UK,2012,Agriculture,1398,35%,-2.5
Japan,2010,Agriculture,430,40%,3.2
USA,2016,Agriculture,1754,30%,-2.5
China,2015,Services,359,30%,3.2
Brazil,2019,Services,3464,25%,
UK,2013,Manufacturing,1548,40%,4.1
France,2015,Manufacturing,2944,35%,-2.5
India,2015,Services,710,45%,-2.5
USA,2022,Agriculture,3497,35%,3.2
USA,2013,Manufacturing,2323,45%,4.1
Brazil,2023,Manufacturing,1547,40%,3.2
Japan,2022,Agriculture,2122,30%,3.2
USA,2015,Agriculture,3486,45%,5.6
China,2019,Agriculture,2192,,
UK,2020,Agriculture,4710,35%,-2.5
UK,2017,Agriculture,1655,40%,5.6
France,2022,Services,4789,30%,5.6
Brazil,2012,Agriculture,1481,40%,7.8
India,2013,Manufacturing,2000,45%,4.1
Japan,2019,Services,3972,,5.6
India,2022,Manufacturing,508,25%,5.6
USA,2021,Agriculture,2998,45%,3.2
Brazil,2023,Manufacturing,387,12%,3.2
France,2010,Agriculture,3993,25%,0
India,2013,Manufacturing,2063,40%,
China,2020,Manufacturing,4070,30%,4.1
UK,2019,Agriculture,394,30%,-2.5
USA,2019,Manufacturing,4721,,
France,2021,Services,992,30%,5.6
India,2023,Manufacturing,395,25%,5.6
Japan,2018,Services,3944,30%,-2.5
China,2017,Services,3369,25%,
China,2020,Manufacturing,3745,40%,3.2
India,2013,Services,374,12%,3.2
UK,2021,Services,2188,12%,-2.5
India,2016,Manufacturing,4439,12%,4.1
USA,2019,Agriculture,3662,12%,-2.5
India,2012,Agriculture,573,,3.2
China,2018,Services,2947,30%,4.1
France,2019,Services,3790,12%,-2.5
India,2013,Agriculture,308,30%,4.1
UK,2011,Services,1160,,
Brazil,2019,Agriculture,870,,3.2
France,2014,Manufacturing,2838,55%,-2.5
Japan,2011,Services,4714,40%,3.2
Germany,2023,Manufacturing,4654,55%,0
India,2019,Agriculture,1613,30%,3.2
UK,2015,Agriculture,4670,12%,3.2
France,2020,Manufacturing,1257,,5.6
UK,2019,Services,358,25%,
Japan,2010,Manufacturing,1889,45%,4.1
China,2023,Manufacturing,3402,45%,3.2
UK,2015,Services,1433,30%,-2.5
France,2013,Agriculture,2356,55%,7.8
UK,2012,Manufacturing,1230,12%,-2.5
UK,2011,Manufacturing,2522,35%,5.6
UK,2016,Agriculture,2736,45%,-2.5
USA,2018,Manufacturing,3017,40%,0
USA,2021,Agriculture,4495,40%,7.8
China,2012,Services,1010,,7.8
India,2015,Agriculture,3506,40%,4.1
UK,2018,Agriculture,487,,
Japan,2011,Manufacturing,505,45%,5.6
India,2016,Agriculture,3867,25%,
Japan,2014,Agriculture,1619,45%,7.8
India,2014,Manufacturing,1153,55%,3.2
China,2020,Agriculture,1668,40%,5.6
UK,2016,Manufacturing,3662,30%,
UK,2018,Services,1562,12%,0
Germany,2013,Agriculture,4788,12%,7.8
Japan,2018,Services,441,30%,7.8
India,2023,Agriculture,2671,,5.6
India,2022,Agriculture,970,45%,7.8
Brazil,2020,Services,2507,35%,4.1
Brazil,2019,Services,3650,55%,7.8
USA,2018,Manufacturing,4558,,0
Germany,2022,Manufacturing,1838,45%,0
France,2013,Services,310,30%,5.6
Brazil,2012,Agriculture,2063,55%,7.8
France,2011,Manufacturing,1385,30%,
USA,2018,Agriculture,384,35%,4.1
USA,2021,Manufacturing,2829,,-2.5
USA,2011,Manufacturing,853,40%,5.6
Japan,2015,Manufacturing,2487,55%,
Japan,2014,Services,2857,,0
China,2023,Agriculture,990,55%,-2.5
China,2014,Services,3213,55%,
USA,2013,Manufacturing,952,40%,
Germany,2015,Services,3482,,7.8
India,2014,Services,1318,12%,4.1
Japan,2020,Services,73,40%,5.6
Germany,2013,Agriculture,4702,35%,5.6
UK,2022,Services,2798,,0
Japan,2018,Services,2500,30%,3.2
Japan,2022,Services,1446,30%,3.2
China,2015,Services,3407,12%,3.2
India,2020,Services,3954,30%,5.6
India,2019,Services,2538,25%,4.1
Brazil,2019,Services,3716,45%,4.1
France,2022,Manufacturing,1807,,0
France,2019,Services,1928,12%,0
France,2022,Services,2582,30%,3.2
France,2012,Agriculture,3564,,-2.5
UK,2019,Manufacturing,3823,,3.2
UK,2015,Services,2128,,5.6
Japan,2023,Agriculture,4711,40%,-2.5
USA,2010,Services,2107,55%,0
China,2014,Services,727,25%,7.8
China,2019,Services,4996,35%,
France,2015,Services,3024,35%,-2.5
Japan,2020,Services,334,,4.1
Brazil,2017,Agriculture,2250,12%,0
Germany,2020,Services,4516,30%,-2.5
USA,2018,Agriculture,1890,40%,3.2
Japan,2020,Services,1928,,-2.5
USA,2012,Agriculture,1660,55%,-2.5
USA,2011,Manufacturing,4012,55%,-2.5
USA,2022,Services,4286,,5.6
Japan,2013,Manufacturing,3209,35%,
France,2017,Manufacturing,3548,30%,5.6
China,2020,Manufacturing,2181,55%,
China,2017,Services,3364,45%,3.2
France,2012,Manufacturing,1428,12%,7.8
USA,2013,Agriculture,3127,12%,5.6
Germany,2012,Services,3064,55%,7.8
India,2019,Manufacturing,3942,35%,5.6
Japan,2011,Services,1765,40%,0
India,2013,Manufacturing,502,,0
Brazil,2015,Agriculture,391,45%,-2.5
France,2020,Services,442,45%,7.8
Germany,2023,Services,1319,,-2.5
Japan,2020,Manufacturing,3100,40%,
France,2014,Agriculture,4109,45%,-2.5
USA,2012,Services,1020,25%,5.6
China,2011,Manufacturing,2255,55%,5.6
India,2018,Agriculture,4844,45%,-2.5
UK,2010,Agriculture,215,40%,
UK,2018,Agriculture,304,30%,5.6
Germany,2010,Agriculture,351,55%,
USA,2023,Services,3153,35%,0
Brazil,2016,Services,3890,35%,0
India,2015,Agriculture,2606,,7.8
USA,2016,Manufacturing,1555,35%,0
India,2012,Manufacturing,1306,25%,
Germany,2023,Agriculture,2312,35%,-2.5
Germany,2012,Agriculture,4390,55%,3.2
Brazil,2022,Manufacturing,259,12%,5.6
UK,2020,Agriculture,3843,12%,-2.5
USA,2010,Agriculture,4571,55%,5.6
Japan,2013,Services,3097,12%,7.8
UK,2021,Services,1030,45%,-2.5
USA,2011,Agriculture,2169,12%,-2.5
UK,2019,Agriculture,3795,40%,-2.5
Japan,2017,Services,227,25%,7.8
China,2012,Agriculture,1596,30%,-2.5
China,2016,Services,2084,35%,5.6
Brazil,2016,Services,348,12%,3.2
China,2021,Manufacturing,2617,12%,-2.5
China,2018,Services,3616,40%,7.8
France,2015,Manufacturing,4089,30%,7.8
India,2010,Manufacturing,324,,-2.5
France,2017,Services,3045,25%,7.8
France,2010,Agriculture,102,,4.1
Brazil,2012,Services,1473,25%,0
France,2020,Manufacturing,1677,12%,
China,2014,Services,538,45%,7.8
Japan,2017,Services,2404,12%,4.1
Brazil,2018,Manufacturing,466,45%,4.1
Brazil,2016,Services,2606,,3.2
Germany,2018,Services,970,40%,0
Brazil,2020,Manufacturing,1603,35%,5.6
Germany,2012,Agriculture,2735,55%,0
Brazil,2022,Manufacturing,715,35%,3.2
India,2014,Manufacturing,4151,12%,
China,2019,Services,2519,12%,0
Brazil,2017,Manufacturing,1524,45%,-2.5
China,2021,Services,387,25%,7.8
China,2010,Services,3209,,-2.5
UK,2017,Services,318,,4.1
Brazil,2016,Manufacturing,1137,,-2.5
USA,2010,Manufacturing,1343,45%,4.1
UK,2022,Services,706,25%,-2.5
USA,2022,Agriculture,2878,25%,4.1
China,2019,Agriculture,4023,40%,0
China,2021,Manufacturing,1386,25%,5.6
UK,2019,Services,2406,25%,4.1
UK,2021,Services,1717,12%,
USA,2015,Manufacturing,1875,55%,7.8
Germany,2010,Agriculture,4080,,0
USA,2011,Manufacturing,1262,55%,
UK,2014,Manufacturing,2818,35%,-2.5
Japan,2011,Services,4465,35%,3.2
UK,2023,Manufacturing,3108,35%,3.2
Japan,2019,Agriculture,494,45%,4.1
India,2010,Manufacturing,1447,35%,-2.5
UK,2015,Services,4431,,4.1
India,2017,Agriculture,2268,40%,5.6
Germany,2017,Services,3726,35%,
USA,2022,Manufacturing,2360,35%,7.8
Japan,2022,Manufacturing,4090,40%,4.1
USA,2017,Manufacturing,3656,12%,
India,2020,Services,1877,35%,0
Japan,2015,Manufacturing,3269,40%,5.6
USA,2020,Agriculture,4738,55%,3.2
UK,2012,Agriculture,4561,12%,-2.5
China,2010,Services,2122,30%,0
India,2011,Services,4239,25%,5.6
USA,2014,Services,2380,45%,
India,2022,Manufacturing,735,12%,5.6
France,2019,Agriculture,734,12%,5.6
India,2014,Agriculture,2987,55%,
Japan,2019,Agriculture,3761,30%,0
France,2023,Services,390,40%,4.1
Brazil,2010,Services,4749,,7.8
Japan,2010,Manufacturing,783,,
China,2018,Services,1546,35%,0
France,2011,Agriculture,3943,25%,
Brazil,2016,Manufacturing,3004,40%,-2.5
UK,2019,Services,1181,30%,0
India,2013,Services,4685,55%,5.6
USA,2016,Agriculture,1782,40%,7.8
Germany,2017,Manufacturing,3085,40%,7.8
India,2014,Services,2763,55%,-2.5
Brazil,2022,Services,2529,12%,-2.5
India,2021,Manufacturing,1469,25%,3.2
China,2021,Manufacturing,2039,40%,3.2
UK,2010,Services,4760,55%,3.2
Germany,2013,Services,537,,0
France,2019,Agriculture,3869,45%,7.8
France,2012,Manufacturing,1491,40%,-2.5
France,2019,Services,2440,45%,4.1
Brazil,2021,Services,1434,55%,3.2
Japan,2014,Services,2206,12%,-2.5
Japan,2019,Services,4994,40%,3.2
USA,2022,Agriculture,4446,45%,0
Germany,2019,Manufacturing,1441,12%,
France,2022,Services,4850,35%,0
Japan,2015,Manufacturing,3192,35%,5.6
Brazil,2011,Manufacturing,318,40%,-2.5
USA,2016,Services,3967,12%,4.1
UK,2022,Services,1574,55%,
USA,2012,Services,527,35%,
Japan,2010,Agriculture,4321,,5.6
China,2019,Services,288,40%,
Brazil,2012,Manufacturing,659,40%,0
China,2018,Manufacturing,4637,35%,
France,2019,Agriculture,4474,,4.1
China,2020,Services,3447,45%,0
France,2020,Services,4590,55%,
France,2015,Agriculture,4587,12%,
Japan,2020,Agriculture,4940,30%,-2.5
China,2015,Services,1881,35%,4.1
France,2013,Services,1204,40%,5.6
Germany,2017,Manufacturing,1801,55%,
UK,2014,Services,3648,35%,4.1
USA,2016,Services,2535,45%,
USA,2018,Manufacturing,3388,55%,5.6
Japan,2022,Manufacturing,2383,25%,5.6
China,2022,Manufacturing,4436,40%,-2.5
China,2023,Manufacturing,4513,45%,-2.5
France,2014,Agriculture,4631,12%,-2.5
Brazil,2020,Manufacturing,217,55%,7.8
India,2023,Agriculture,3592,,
France,2014,Manufacturing,4059,35%,4.1
UK,2023,Manufacturing,127,,0
Germany,2013,Manufacturing,2948,30%,7.8
USA,2015,Services,1158,55%,7.8
France,2011,Agriculture,941,12%,0
India,2012,Manufacturing,4806,,
India,2010,Services,1274,,3.2
France,2011,Agriculture,4734,,3.2
Japan,2011,Agriculture,614,40%,3.2
USA,2017,Services,2909,55%,4.1
Japan,2017,Agriculture,351,35%,-2.5
Germany,2011,Services,4439,30%,-2.5
India,2022,Manufacturing,158,40%,5.6
India,2023,Services,2462,,4.1
UK,2015,Agriculture,2697,45%,4.1
Germany,2014,Agriculture,2775,45%,5.6
India,2012,Manufacturing,3388,35%,7.8
Germany,2014,Services,2190,40%,5.6
USA,2014,Manufacturing,4573,25%,-2.5
China,2014,Services,4783,25%,7.8
India,2012,Services,3863,45%,5.6
UK,2012,Services,4250,,5.6
USA,2013,Manufacturing,2306,12%,4.1
France,2016,Manufacturing,3695,55%,3.2
Germany,2021,Agriculture,3109,30%,-2.5
France,2021,Manufacturing,2571,40%,7.8
Japan,2021,Services,3467,35%,0
USA,2023,Services,61,12%,
France,2011,Services,4794,40%,5.6
Brazil,2019,Manufacturing,3316,,-2.5
Brazil,2013,Agriculture,3195,55%,7.8
India,2013,Manufacturing,924,30%,
Germany,2010,Agriculture,2483,40%,4.1
China,2019,Manufacturing,933,45%,-2.5
USA,2017,Services,4700,30%,-2.5
India,2010,Agriculture,4035,40%,7.8
UK,2017,Manufacturing,1629,35%,3.2
Japan,2016,Services,3821,12%,
Germany,2018,Agriculture,402,55%,3.2
USA,2017,Agriculture,1556,45%,5.6
Brazil,2014,Services,3537,45%,3.2
USA,2017,Services,2901,55%,5.6
China,2023,Manufacturing,2079,30%,5.6
Brazil,2020,Manufacturing,1896,25%,7.8
China,2019,Services,2440,40%,-2.5
UK,2021,Manufacturing,4080,40%,0
Japan,2021,Services,3488,25%,4.1
UK,2012,Services,2433,55%,0
India,2019,Manufacturing,3417,55%,3.2
India,2016,Manufacturing,1515,30%,7.8
UK,2021,Agriculture,2201,30%,0
Japan,2013,Agriculture,3533,55%,4.1
UK,2014,Manufacturing,623,45%,-2.5
Japan,2018,Manufacturing,824,,5.6
Japan,2016,Manufacturing,3415,40%,5.6
France,2013,Agriculture,4388,,7.8
Brazil,2015,Manufacturing,3980,40%,3.2
Germany,2019,Agriculture,2730,35%,-2.5
Japan,2023,Agriculture,2270,45%,4.1
China,2020,Agriculture,1489,30%,3.2
Japan,2016,Agriculture,763,40%,4.1
Japan,2022,Services,625,45%,3.2
Japan,2019,Manufacturing,3031,25%,7.8
France,2022,Manufacturing,119,55%,5.6
Brazil,2018,Services,3814,30%,3.2
France,2013,Manufacturing,4988,45%,4.1
India,2019,Agriculture,2426,45%,3.2
France,2012,Services,2255,55%,-2.5
China,2017,Agriculture,967,,
China,2010,Services,2795,35%,5.6
France,2018,Agriculture,792,25%,3.2
Brazil,2022,Manufacturing,4200,30%,
UK,2010,Manufacturing,2583,12%,0
Germany,2011,Manufacturing,1887,,4.1
Brazil,2022,Services,1426,45%,
France,2017,Manufacturing,459,30%,0
Japan,2018,Services,3057,35%,4.1
USA,2016,Agriculture,3002,12%,5.6
Germany,2012,Manufacturing,4292,40%,5.6
Germany,2016,Agriculture,1729,,7.8
China,2015,Manufacturing,1764,40%,
Germany,2011,Agriculture,1247,,4.1
France,2012,Services,2387,30%,3.2
Japan,2020,Manufacturing,3266,55%,0
Japan,2022,Services,3006,12%,
India,2021,Services,3243,30%,0
Japan,2022,Agriculture,76,55%,4.1
Brazil,2019,Manufacturing,3187,40%,5.6
Japan,2019,Services,3023,,4.1
China,2022,Agriculture,3215,,5.6
Japan,2021,Agriculture,1140,,-2.5
India,2014,Agriculture,299,35%,-2.5
USA,2019,Manufacturing,191,,4.1
France,2013,Manufacturing,316,12%,5.6
China,2011,Agriculture,4360,25%,-2.5
Brazil,2013,Manufacturing,538,35%,5.6
USA,2021,Agriculture,545,12%,
China,2017,Manufacturing,529,45%,5.6
UK,2014,Manufacturing,2740,12%,7.8
Germany,2014,Agriculture,4146,40%,-2.5
UK,2022,Agriculture,3130,12%,3.2
Japan,2021,Manufacturing,4986,25%,3.2
USA,2021,Agriculture,2477,35%,
Japan,2019,Agriculture,893,45%,7.8
Germany,2012,Agriculture,3265,,4.1
China,2022,Agriculture,3961,35%,3.2
Germany,2017,Manufacturing,4127,35%,3.2
India,2015,Services,2399,30%,
Germany,2011,Manufacturing,699,45%,
India,2011,Agriculture,1943,40%,7.8
Germany,2018,Agriculture,2906,30%,0
France,2022,Manufacturing,3300,45%,7.8
India,2016,Agriculture,2436,25%,7.8
USA,2019,Manufacturing,1775,40%,-2.5
Japan,2018,Services,1404,55%,3.2
Brazil,2023,Agriculture,1343,25%,4.1
Japan,2015,Services,3096,40%,3.2
UK,2014,Services,3308,40%,0
Japan,2021,Agriculture,2763,,4.1
China,2010,Agriculture,453,45%,7.8
France,2021,Manufacturing,4022,12%,5.6
Germany,2015,Manufacturing,4082,12%,0
UK,2015,Agriculture,1596,35%,0
China,2012,Manufacturing,2656,35%,3.2
China,2012,Services,2875,55%,3.2
India,2012,Services,1902,40%,3.2
Japan,2012,Agriculture,4256,55%,3.2
USA,2016,Manufacturing,862,30%,0
Brazil,2019,Agriculture,3424,55%,
USA,2020,Services,979,55%,7.8
UK,2011,Agriculture,4125,12%,
France,2019,Agriculture,3373,40%,
USA,2022,Agriculture,224,45%,3.2
Germany,2019,Agriculture,1413,,-2.5
USA,2011,Services,2945,,0
UK,2012,Agriculture,1087,55%,4.1
Brazil,2019,Agriculture,3061,40%,4.1
USA,2021,Manufacturing,2140,25%,5.6
Germany,2016,Agriculture,510,,5.6
India,2012,Manufacturing,2802,55%,7.8
France,2016,Agriculture,198,12%,0
UK,2018,Manufacturing,4483,35%,0
India,2020,Agriculture,1183,25%,0
India,2019,Manufacturing,403,55%,
India,2021,Agriculture,1157,30%,-2.5
China,2020,Agriculture,2652,30%,4.1
France,2013,Manufacturing,2163,30%,4.1
Brazil,2016,Agriculture,4144,12%,-2.5
Japan,2018,Agriculture,3735,35%,
France,2023,Agriculture,3256,30%,3.2
China,2017,Agriculture,1159,30%,
Japan,2017,Services,4229,30%,5.6
France,2018,Agriculture,2027,55%,4.1
India,2023,Services,276,12%,
UK,2014,Services,2989,12%,-2.5
Japan,2023,Agriculture,1062,45%,5.6
Germany,2014,Manufacturing,4165,12%,
Germany,2012,Manufacturing,3156,55%,0
USA,2014,Agriculture,3986,40%,-2.5
Japan,2017,Services,2852,12%,5.6
UK,2021,Manufacturing,1516,25%,-2.5
Brazil,2014,Agriculture,3038,12%,0
China,2013,Agriculture,319,12%,0
India,2017,Services,3856,,0
USA,2016,Manufacturing,1581,25%,3.2
Germany,2023,Agriculture,353,55%,
China,2023,Manufacturing,4955,35%,5.6
China,2015,Agriculture,1982,45%,4.1
India,2014,Agriculture,2090,,3.2
Brazil,2023,Agriculture,4071,35%,4.1
Brazil,2014,Services,191,55%,7.8
Japan,2022,Services,858,55%,7.8
Germany,2019,Services,997,,4.1
Brazil,2011,Manufacturing,4001,25%,4.1
UK,2022,Services,3462,35%,4.1
Brazil,2013,Services,2342,12%,-2.5
China,2017,Manufacturing,815,25%,-2.5
India,2017,Manufacturing,2973,25%,-2.5
UK,2020,Manufacturing,988,45%,4.1
Japan,2010,Manufacturing,2546,25%,3.2
Germany,2011,Services,3612,35%,
Japan,2014,Services,1312,55%,0
China,2018,Manufacturing,592,,-2.5
UK,2019,Services,2729,45%,-2.5
UK,2020,Agriculture,3004,,
UK,2021,Services,2981,,7.8
China,2022,Agriculture,2831,12%,4.1
China,2020,Manufacturing,4289,30%,0
Japan,2016,Manufacturing,3041,40%,3.2
USA,2019,Services,2662,35%,
Japan,2014,Manufacturing,3698,12%,0
Germany,2010,Services,1249,40%,7.8
India,2015,Services,2167,40%,3.2
UK,2021,Services,2730,25%,4.1
USA,2017,Services,2898,35%,5.6
India,2016,Agriculture,4738,30%,4.1
USA,2011,Agriculture,4712,,4.1
Brazil,2021,Manufacturing,4836,40%,-2.5
Brazil,2014,Agriculture,3731,45%,3.2
France,2023,Manufacturing,3545,,7.8
Brazil,2020,Manufacturing,714,45%,0
Japan,2013,Services,4551,12%,3.2
Brazil,2018,Services,3212,55%,7.8
China,2019,Services,3415,40%,
UK,2010,Services,1466,30%,4.1
Japan,2021,Services,3158,,3.2
India,2015,Services,566,45%,-2.5
France,2012,Agriculture,899,30%,
France,2020,Manufacturing,1951,12%,0
France,2018,Manufacturing,957,55%,
India,2014,Services,365,35%,0
India,2022,Agriculture,3293,45%,3.2
India,2015,Services,1557,45%,
India,2020,Agriculture,4172,,7.8
France,2018,Agriculture,1568,,-2.5
France,2018,Manufacturing,4200,12%,4.1
USA,2017,Manufacturing,1984,45%,-2.5
Japan,2018,Agriculture,4394,40%,3.2
UK,2013,Manufacturing,1851,12%,5.6
Brazil,2015,Agriculture,2672,45%,
Brazil,2014,Agriculture,906,12%,3.2
China,2014,Agriculture,1926,40%,
France,2013,Manufacturing,1575,30%,-2.5
China,2011,Services,1466,40%,4.1
Japan,2021,Manufacturing,3529,45%,
Japan,2015,Services,3921,30%,4.1
China,2018,Manufacturing,1844,35%,0
France,2021,Manufacturing,3115,,3.2
China,2010,Services,2770,35%,4.1
Brazil,2023,Agriculture,4254,40%,4.1
USA,2016,Services,3726,12%,3.2
Brazil,2015,Agriculture,402,40%,0
Germany,2012,Agriculture,3281,35%,
France,2010,Manufacturing,1477,12%,4.1
France,2022,Manufacturing,2242,,3.2
UK,2013,Manufacturing,1827,40%,7.8
India,2023,Manufacturing,3586,12%,0
Germany,2018,Manufacturing,1166,,0
Japan,2011,Services,2370,25%,
France,2012,Services,583,35%,0
China,2011,Services,1267,25%,-2.5
Germany,2023,Services,3038,40%,3.2
UK,2011,Manufacturing,2278,,5.6
Japan,2019,Services,2029,,3.2
India,2020,Services,2126,25%,3.2
India,2020,Agriculture,581,40%,-2.5
UK,2017,Manufacturing,3126,,7.8
UK,2012,Services,1994,45%,4.1
China,2016,Services,4285,12%,7.8
France,2017,Services,3149,55%,-2.5
India,2012,Manufacturing,4407,30%,-2.5
Japan,2011,Services,3879,25%,-2.5
Germany,2022,Agriculture,4164,45%,3.2
Japan,2022,Manufacturing,2634,35%,-2.5
USA,2017,Agriculture,1598,55%,5.6
USA,2012,Manufacturing,1538,,4.1
UK,2016,Services,3709,12%,0
China,2021,Manufacturing,277,30%,7.8
USA,2010,Manufacturing,4521,45%,
India,2023,Manufacturing,4881,55%,5.6
Japan,2021,Agriculture,4402,12%,
Japan,2015,Manufacturing,4978,12%,7.8
UK,2021,Services,4846,55%,4.1
France,2021,Manufacturing,748,45%,3.2
France,2022,Manufacturing,487,,3.2
Germany,2018,Services,1734,55%,-2.5
UK,2021,Services,2203,25%,7.8
Brazil,2012,Agriculture,4760,12%,3.2
Germany,2023,Services,2964,35%,3.2
Brazil,2016,Services,3267,,
France,2022,Services,1009,40%,
UK,2015,Manufacturing,1889,30%,7.8
Brazil,2017,Agriculture,327,40%,3.2
UK,2012,Services,4270,30%,4.1
UK,2012,Services,3806,55%,-2.5
France,2013,Services,1393,30%,3.2
Germany,2012,Manufacturing,4820,55%,5.6
Germany,2018,Manufacturing,764,12%,5.6
UK,2020,Agriculture,1555,12%,-2.5
USA,2013,Agriculture,3971,30%,5.6
China,2015,Manufacturing,2764,55%,
France,2017,Services,1397,40%,3.2
China,2020,Services,2492,35%,5.6
China,2022,Agriculture,4918,12%,5.6
Germany,2017,Services,4010,12%,3.2
Germany,2014,Manufacturing,1802,25%,7.8
USA,2014,Agriculture,2555,45%,-2.5
China,2015,Manufacturing,1787,25%,7.8
China,2019,Manufacturing,4219,35%,7.8
UK,2016,Services,1158,30%,5.6
Germany,2022,Manufacturing,2729,40%,0
China,2022,Manufacturing,1087,45%,7.8
Japan,2019,Services,961,30%,4.1
USA,2023,Manufacturing,4939,30%,3.2
Brazil,2016,Services,2146,40%,3.2
Japan,2022,Manufacturing,3063,55%,3.2
Japan,2013,Services,408,40%,0
Brazil,2015,Services,1126,30%,0
France,2016,Agriculture,2153,35%,
France,2014,Manufacturing,3577,35%,-2.5
USA,2014,Manufacturing,2352,25%,4.1
Japan,2011,Agriculture,4150,45%,4.1
China,2016,Services,1654,35%,0
Germany,2021,Services,1125,45%,-2.5
USA,2015,Agriculture,4098,40%,
UK,2020,Agriculture,378,,3.2
Brazil,2010,Services,3282,40%,4.1
Japan,2013,Services,3527,55%,0
USA,2012,Agriculture,1052,45%,4.1
India,2021,Manufacturing,4928,25%,5.6
India,2012,Services,626,40%,
France,2016,Agriculture,376,25%,5.6
Brazil,2020,Manufacturing,1577,35%,5.6
Germany,2021,Manufacturing,2871,45%,0
China,2019,Manufacturing,1515,40%,0
Germany,2013,Manufacturing,3275,25%,0
Germany,2021,Agriculture,2331,12%,5.6
Germany,2017,Services,4797,25%,3.2
Brazil,2020,Manufacturing,2430,55%,7.8
Germany,2018,Manufacturing,544,12%,3.2
UK,2012,Agriculture,1188,45%,0
Brazil,2014,Manufacturing,2466,,4.1
UK,2013,Agriculture,1406,35%,7.8
Brazil,2023,Agriculture,1203,12%,4.1
France,2021,Services,3299,25%,
USA,2019,Manufacturing,2192,30%,7.8
India,2015,Services,3438,40%,3.2
Germany,2020,Agriculture,1174,40%,5.6
France,2019,Manufacturing,851,35%,-2.5
USA,2013,Agriculture,2092,,5.6
India,2017,Agriculture,257,,5.6
Japan,2012,Agriculture,2704,35%,4.1
China,2020,Manufacturing,522,30%,7.8
UK,2014,Agriculture,1688,35%,0
Japan,2022,Agriculture,185,35%,0
Brazil,2010,Manufacturing,4406,45%,7.8
India,2022,Services,1220,45%,5.6
Japan,2015,Agriculture,507,45%,3.2
China,2020,Services,1486,40%,
France,2014,Services,3621,30%,4.1
India,2017,Services,2198,25%,-2.5
Japan,2018,Services,4292,45%,5.6
UK,2017,Services,4862,35%,4.1
UK,2017,Services,556,12%,5.6
USA,2021,Manufacturing,2655,12%,-2.5
Japan,2023,Manufacturing,2433,,3.2
Germany,2022,Services,495,12%,-2.5
Japan,2012,Manufacturing,2831,12%,7.8
France,2013,Manufacturing,493,12%,-2.5
India,2020,Services,167,,-2.5
India,2013,Services,1590,55%,5.6
France,2023,Agriculture,2820,40%,4.1
Japan,2020,Manufacturing,616,12%,5.6
France,2014,Services,3652,30%,0
China,2022,Manufacturing,1986,12%,-2.5
Brazil,2018,Manufacturing,4233,12%,7.8
France,2021,Manufacturing,1702,40%,0
UK,2018,Agriculture,4621,,
France,2019,Services,4440,25%,-2.5
India,2022,Manufacturing,4865,55%,5.6
UK,2021,Services,4831,40%,7.8
India,2023,Manufacturing,2736,12%,3.2
USA,2010,Services,1253,,0
Germany,2023,Services,2987,,5.6
India,2023,Services,455,30%,3.2
UK,2017,Manufacturing,3957,45%,-2.5
USA,2023,Agriculture,4264,40%,7.8
India,2010,Services,4129,40%,5.6
China,2011,Agriculture,362,25%,5.6
France,2016,Services,212,,7.8
Germany,2017,Agriculture,1578,,5.6
India,2010,Services,4438,55%,5.6
USA,2012,Agriculture,4835,45%,-2.5
China,2016,Services,1615,45%,0
Japan,2022,Services,4818,25%,3.2
USA,2018,Agriculture,448,,
France,2017,Services,3636,45%,7.8
USA,2017,Manufacturing,1097,35%,3.2
China,2018,Services,1992,25%,7.8
USA,2019,Services,3180,25%,
China,2012,Manufacturing,2846,35%,7.8
India,2017,Manufacturing,289,25%,5.6
Brazil,2010,Manufacturing,2408,45%,
China,2017,Agriculture,721,45%,
China,2022,Manufacturing,2669,40%,-2.5
Germany,2016,Agriculture,2511,45%,7.8
China,2022,Manufacturing,3443,35%,
China,2017,Agriculture,451,40%,3.2
Japan,2010,Manufacturing,2156,45%,0
Brazil,2015,Manufacturing,4198,35%,3.2
India,2016,Services,1137,30%,
France,2023,Manufacturing,1192,35%,-2.5
Germany,2020,Services,4431,35%,0
Japan,2014,Manufacturing,2115,40%,4.1
UK,2023,Manufacturing,3958,30%,5.6
Brazil,2014,Services,4305,25%,4.1
India,2016,Services,4009,55%,4.1
India,2020,Agriculture,191,,3.2
UK,2012,Services,446,35%,3.2
France,2015,Agriculture,2677,45%,
China,2016,Manufacturing,4679,35%,7.8
Japan,2010,Services,1605,,7.8
USA,2021,Services,2558,12%,0
Germany,2011,Manufacturing,4431,25%,5.6
USA,2021,Manufacturing,1078,30%,7.8
UK,2013,Manufacturing,2226,45%,
India,2022,Manufacturing,720,25%,3.2
France,2017,Services,4644,25%,0
India,2020,Manufacturing,1905,12%,7.8
Germany,2022,Manufacturing,3479,35%,7.8
India,2023,Services,2128,45%,-2.5
India,2019,Agriculture,2056,30%,0
Germany,2015,Services,1738,55%,0
Japan,2010,Agriculture,4481,30%,
Japan,2019,Manufacturing,619,30%,5.6
Germany,2014,Services,4744,25%,7.8
France,2016,Manufacturing,1196,,0
UK,2022,Services,3824,55%,
Brazil,2015,Agriculture,914,30%,5.6
India,2022,Services,4950,55%,7.8
France,2022,Manufacturing,4459,40%,4.1
India,2021,Services,77,35%,3.2
Brazil,2018,Manufacturing,1079,55%,-2.5
UK,2017,Services,2046,45%,5.6
Japan,2013,Agriculture,1391,35%,-2.5
France,2022,Services,1298,30%,3.2
China,2020,Services,2186,,0
China,2021,Services,2137,55%,7.8
Brazil,2014,Services,730,35%,4.1
China,2016,Agriculture,424,45%,0
Japan,2017,Manufacturing,3419,25%,-2.5
Brazil,2014,Services,3095,12%,4.1
Japan,2018,Services,2387,35%,0
UK,2023,Services,855,,0
India,2019,Agriculture,3089,12%,5.6
UK,2021,Manufacturing,328,40%,4.1
UK,2013,Manufacturing,1455,30%,
Japan,2013,Services,837,25%,5.6
Brazil,2022,Services,1382,,3.2
Brazil,2017,Manufacturing,4422,45%,5.6
China,2010,Services,3197,,5.6
USA,2017,Services,2395,25%,5.6
India,2014,Services,3499,12%,4.1
Japan,2022,Agriculture,482,45%,5.6
China,2023,Agriculture,1059,,
France,2020,Manufacturing,3899,30%,4.1
USA,2010,Agriculture,366,55%,3.2
USA,2013,Agriculture,4266,55%,5.6
Japan,2011,Manufacturing,1415,30%,5.6
Germany,2013,Agriculture,4449,30%,-2.5
India,2017,Manufacturing,985,35%,5.6
USA,2014,Services,3568,55%,3.2
Japan,2010,Manufacturing,3837,,
Japan,2016,Manufacturing,2818,12%,3.2
China,2010,Manufacturing,545,55%,0
France,2018,Services,3642,35%,5.6
Germany,2012,Services,2282,45%,7.8
India,2021,Services,4068,55%,0
Brazil,2012,Manufacturing,2985,35%,3.2
UK,2015,Manufacturing,4858,30%,0
France,2019,Manufacturing,4495,55%,7.8
France,2015,Manufacturing,2417,40%,-2.5
China,2022,Manufacturing,2634,55%,7.8
Brazil,2020,Manufacturing,955,,
USA,2020,Manufacturing,3277,30%,
USA,2015,Agriculture,1877,30%,0
China,2022,Services,3772,12%,5.6
Japan,2010,Agriculture,2630,35%,-2.5
USA,2014,Services,4647,35%,
Germany,2021,Manufacturing,1565,25%,7.8
India,2015,Agriculture,4672,25%,5.6
France,2017,Manufacturing,4856,35%,7.8
France,2022,Agriculture,3053,30%,3.2
Germany,2010,Agriculture,161,,5.6
Brazil,2014,Manufacturing,1722,12%,3.2
USA,2012,Agriculture,2352,55%,-2.5
France,2011,Agriculture,1700,30%,-2.5
UK,2020,Services,4445,45%,-2.5
Brazil,2017,Manufacturing,2524,,4.1
India,2016,Manufacturing,4045,55%,-2.5
India,2019,Agriculture,1940,45%,3.2
France,2016,Manufacturing,356,12%,3.2
China,2014,Services,170,25%,
Brazil,2021,Services,3151,30%,0
France,2022,Manufacturing,1327,35%,0
China,2018,Manufacturing,1477,12%,3.2
France,2014,Services,3152,45%,-2.5
UK,2011,Manufacturing,1235,,0
Brazil,2012,Agriculture,1505,35%,5.6
Japan,2013,Manufacturing,1229,45%,3.2
India,2014,Agriculture,1396,55%,5.6
France,2022,Services,678,55%,-2.5
UK,2012,Manufacturing,1264,,
China,2021,Services,2011,55%,3.2
China,2023,Manufacturing,3045,35%,0
India,2016,Agriculture,4662,25%,
Germany,2014,Manufacturing,4990,25%,4.1
France,2014,Services,1597,45%,0
Brazil,2015,Agriculture,4965,25%,5.6
USA,2016,Manufacturing,2908,30%,4.1
China,2019,Services,811,25%,3.2
Brazil,2019,Services,2416,45%,
Brazil,2017,Manufacturing,4256,45%,-2.5
Japan,2018,Services,1891,45%,7.8
Brazil,2020,Agriculture,4952,35%,7.8
Brazil,2013,Manufacturing,1546,30%,4.1
Japan,2014,Agriculture,3969,40%,
China,2014,Services,3138,45%,-2.5
Brazil,2017,Services,1293,30%,0
Germany,2018,Services,4632,35%,7.8
Germany,2016,Agriculture,4956,35%,-2.5
UK,2014,Services,2093,35%,
Japan,2012,Manufacturing,3426,40%,
UK,2010,Manufacturing,566,30%,
Japan,2020,Services,884,45%,5.6
France,2018,Manufacturing,673,25%,0
France,2014,Agriculture,1097,,-2.5
Brazil,2018,Agriculture,1614,30%,
USA,2019,Services,4032,,5.6
France,2021,Manufacturing,546,40%,3.2
USA,2022,Manufacturing,2479,25%,7.8
France,2023,Services,2313,40%,4.1
India,2013,Agriculture,592,45%,7.8
France,2014,Services,965,25%,7.8
UK,2013,Manufacturing,1851,40%,4.1
China,2011,Manufacturing,3132,45%,-2.5
Brazil,2021,Services,131,30%,3.2
UK,2010,Agriculture,1229,40%,-2.5
China,2017,Agriculture,215,35%,
Germany,2013,Services,2305,30%,-2.5
UK,2014,Manufacturing,2121,55%,3.2
Germany,2015,Agriculture,856,12%,
USA,2023,Services,2788,40%,
USA,2017,Manufacturing,381,,5.6
India,2020,Agriculture,3640,40%,
France,2017,Agriculture,1584,45%,0
UK,2016,Services,230,35%,7.8
Germany,2013,Manufacturing,1366,55%,3.2
China,2015,Agriculture,1156,35%,5.6
USA,2013,Services,1639,12%,
France,2023,Agriculture,2536,,3.2
USA,2016,Manufacturing,2640,25%,4.1
China,2021,Agriculture,2290,25%,0
France,2022,Manufacturing,537,35%,3.2
France,2021,Agriculture,661,12%,4.1
Germany,2022,Agriculture,3470,35%,3.2
Germany,2022,Services,3244,25%,5.6
UK,2020,Agriculture,1447,35%,4.1
UK,2023,Manufacturing,1506,55%,7.8
Japan,2010,Services,2243,30%,7.8
Brazil,2014,Manufacturing,3124,12%,5.6
Japan,2023,Manufacturing,1387,25%,5.6
India,2019,Services,4472,,-2.5
USA,2021,Manufacturing,2250,,4.1
UK,2019,Agriculture,4547,35%,-2.5
Germany,2013,Services,2917,12%,0
China,2020,Agriculture,4633,35%,4.1
Germany,2016,Agriculture,3932,25%,-2.5
USA,2022,Manufacturing,2164,12%,-2.5
Japan,2018,Manufacturing,2186,30%,3.2
Germany,2014,Agriculture,128,25%,3.2
Brazil,2013,Services,427,55%,4.1
India,2018,Agriculture,214,55%,5.6
USA,2014,Agriculture,4894,,
Japan,2018,Manufacturing,1770,45%,7.8
Brazil,2017,Manufacturing,3034,12%,0
China,2013,Agriculture,204,55%,-2.5
Japan,2020,Agriculture,1196,45%,3.2
France,2020,Manufacturing,1113,,7.8
Brazil,2016,Agriculture,2266,12%,4.1
Brazil,2014,Manufacturing,2889,25%,-2.5
India,2019,Agriculture,1513,35%,
USA,2013,Services,3520,35%,7.8
China,2014,Services,1566,30%,3.2
India,2014,Agriculture,3100,25%,5.6
Japan,2020,Manufacturing,4473,55%,
India,2018,Agriculture,1576,30%,
Brazil,2021,Agriculture,3660,35%,-2.5
USA,2018,Manufacturing,2442,25%,-2.5
UK,2015,Agriculture,838,45%,0
India,2023,Manufacturing,2598,45%,-2.5
France,2013,Agriculture,4707,25%,3.2
India,2011,Manufacturing,4658,12%,4.1
Japan,2023,Agriculture,565,55%,7.8
Japan,2012,Services,3112,55%,
China,2011,Manufacturing,4812,25%,7.8
Japan,2014,Services,1617,35%,5.6
Germany,2015,Manufacturing,1498,30%,
USA,2020,Manufacturing,1016,,
USA,2014,Manufacturing,413,55%,5.6
UK,2011,Manufacturing,157,55%,3.2
UK,2021,Agriculture,3144,45%,7.8
USA,2014,Agriculture,672,45%,
France,2018,Manufacturing,4466,30%,5.6
UK,2013,Agriculture,559,30%,
China,2021,Manufacturing,1114,45%,5.6
Japan,2019,Manufacturing,3915,,0
USA,2011,Services,353,55%,0
Brazil,2012,Manufacturing,1018,55%,4.1
UK,2012,Manufacturing,1488,,3.2
USA,2018,Agriculture,3571,40%,3.2
Germany,2013,Manufacturing,3921,55%,3.2
India,2010,Manufacturing,3550,35%,3.2
Japan,2010,Services,2249,35%,7.8
USA,2016,Agriculture,4404,35%,-2.5
India,2016,Agriculture,3951,40%,3.2
UK,2011,Services,2320,12%,0
India,2018,Manufacturing,279,55%,
Japan,2018,Services,2536,,-2.5
USA,2014,Agriculture,199,55%,-2.5
Germany,2012,Services,959,,7.8
France,2012,Agriculture,3578,40%,5.6
UK,2021,Services,1027,25%,4.1
USA,2012,Manufacturing,684,25%,
Japan,2015,Manufacturing,4767,12%,
UK,2013,Agriculture,2240,25%,-2.5
China,2017,Services,4199,35%,7.8
India,2022,Agriculture,4989,12%,7.8
France,2020,Manufacturing,3524,12%,7.8
Japan,2022,Agriculture,3830,12%,3.2
China,2020,Manufacturing,1915,45%,
Brazil,2020,Agriculture,348,40%,5.6
USA,2014,Services,2789,25%,3.2
Germany,2010,Manufacturing,3775,30%,0
UK,2018,Agriculture,3441,55%,5.6
India,2010,Manufacturing,4590,30%,3.2
UK,2015,Services,147,45%,5.6
France,2010,Manufacturing,3247,,0
USA,2012,Services,2155,35%,3.2
UK,2019,Manufacturing,4322,45%,5.6
India,2014,Services,4864,35%,0
USA,2019,Manufacturing,3572,40%,4.1
UK,2016,Services,4468,55%,
Germany,2023,Agriculture,895,55%,7.8
Japan,2019,Agriculture,4235,25%,5.6
USA,2017,Manufacturing,4276,,0
Japan,2021,Services,3931,45%,
Brazil,2018,Agriculture,1102,55%,4.1
USA,2015,Manufacturing,3898,40%,7.8
Germany,2020,Agriculture,3665,35%,4.1
Japan,2018,Services,3207,30%,0
China,2017,Manufacturing,2155,55%,
India,2018,Services,1043,25%,
China,2019,Services,3146,30%,
UK,2013,Services,239,35%,4.1
Germany,2018,Agriculture,2173,12%,-2.5
China,2016,Manufacturing,2468,,0
USA,2014,Services,2948,25%,3.2
UK,2014,Agriculture,4651,40%,3.2
UK,2010,Services,2016,40%,3.2
China,2011,Agriculture,4328,40%,3.2
Brazil,2019,Manufacturing,4299,40%,4.1
China,2012,Manufacturing,3461,25%,
Brazil,2023,Manufacturing,3996,12%,
Germany,2023,Manufacturing,1096,,-2.5
India,2017,Services,2623,40%,-2.5
China,2015,Agriculture,655,55%,-2.5
France,2021,Manufacturing,1416,25%,7.8
Brazil,2019,Services,2976,12%,5.6
China,2020,Manufacturing,2008,,4.1
Japan,2022,Manufacturing,1114,12%,3.2
USA,2023,Manufacturing,567,,4.1
France,2014,Agriculture,2504,25%,5.6
France,2022,Agriculture,4283,45%,3.2
Brazil,2010,Agriculture,3857,40%,4.1
Japan,2021,Manufacturing,2639,30%,3.2
Japan,2020,Services,2322,25%,3.2
UK,2021,Services,2358,40%,4.1
Brazil,2018,Services,1152,,-2.5
India,2012,Manufacturing,4842,45%,
USA,2012,Agriculture,860,55%,7.8
Germany,2011,Services,3813,12%,3.2
France,2013,Manufacturing,4618,35%,3.2
Germany,2021,Manufacturing,126,30%,3.2
China,2011,Services,2359,30%,0
China,2022,Services,1075,25%,4.1
Germany,2018,Manufacturing,2114,35%,3.2
China,2021,Services,4489,55%,-2.5
India,2019,Manufacturing,2791,30%,-2.5
Japan,2016,Services,4991,25%,5.6
China,2017,Agriculture,4049,35%,4.1
UK,2012,Manufacturing,3278,30%,
China,2015,Agriculture,4319,30%,
USA,2019,Services,3608,55%,-2.5
India,2015,Manufacturing,895,45%,5.6
USA,2022,Services,742,55%,7.8
USA,2010,Manufacturing,4098,30%,0
UK,2015,Services,1382,25%,-2.5
India,2022,Agriculture,3087,,4.1
India,2023,Agriculture,4382,,3.2
Brazil,2012,Services,1324,40%,4.1
India,2020,Agriculture,1294,40%,4.1
India,2012,Agriculture,387,,7.8
India,2012,Services,3344,25%,3.2
UK,2019,Manufacturing,386,25%,5.6
China,2020,Services,1917,55%,4.1
Brazil,2020,Manufacturing,4055,25%,4.1
USA,2019,Agriculture,544,40%,5.6
India,2020,Agriculture,4692,55%,4.1
France,2017,Agriculture,3936,,0
China,2022,Agriculture,210,40%,4.1
China,2014,Agriculture,2086,12%,7.8
USA,2013,Manufacturing,1791,12%,5.6
UK,2022,Manufacturing,1557,40%,3.2
Germany,2018,Manufacturing,3610,40%,
Germany,2018,Services,1425,12%,4.1
China,2010,Agriculture,1603,35%,-2.5
Japan,2011,Agriculture,2331,12%,-2.5
Japan,2017,Agriculture,1918,12%,
USA,2014,Services,1651,55%,7.8
Germany,2016,Services,3877,55%,7.8
China,2010,Services,3530,,5.6
UK,2021,Agriculture,1349,40%,-2.5
Germany,2019,Manufacturing,760,25%,
China,2021,Services,4217,25%,0
China,2014,Services,2096,25%,
India,2020,Manufacturing,2931,,0
UK,2021,Services,1867,55%,
India,2012,Manufacturing,2248,55%,
USA,2019,Agriculture,3382,12%,
India,2021,Manufacturing,1153,45%,
France,2021,Manufacturing,3227,55%,
India,2023,Agriculture,3644,,4.1
France,2011,Services,3524,30%,
Germany,2011,Agriculture,4865,30%,4.1
Japan,2018,Services,2227,45%,0
Brazil,2022,Services,1244,55%,0
Brazil,2013,Manufacturing,4551,,5.6
China,2013,Agriculture,585,55%,
Brazil,2016,Manufacturing,1119,35%,3.2
France,2019,Agriculture,4419,45%,4.1
UK,2019,Agriculture,182,40%,0
India,2022,Manufacturing,313,30%,5.6
France,2011,Services,4512,30%,0
UK,2012,Services,2102,40%,4.1
Japan,2012,Agriculture,4996,35%,0
Brazil,2015,Services,4139,12%,
Japan,2012,Manufacturing,2897,35%,4.1
Brazil,2020,Manufacturing,407,35%,3.2
India,2014,Manufacturing,4470,,4.1
USA,2013,Agriculture,800,40%,0
India,2012,Agriculture,3300,12%,5.6
Germany,2017,Services,4401,45%,4.1
France,2023,Manufacturing,2308,30%,
China,2019,Manufacturing,960,25%,5.6
USA,2012,Agriculture,3860,55%,-2.5
India,2015,Agriculture,633,30%,7.8
UK,2022,Agriculture,3488,,0
USA,2016,Manufacturing,626,45%,
France,2016,Manufacturing,2626,12%,4.1
Brazil,2011,Services,1921,35%,0
USA,2023,Manufacturing,1202,25%,5.6
Brazil,2012,Services,1833,35%,0
France,2021,Services,1143,55%,4.1
India,2019,Manufacturing,2149,12%,
France,2019,Services,4582,30%,5.6
USA,2013,Services,2191,30%,-2.5
UK,2016,Agriculture,2183,25%,
Japan,2011,Manufacturing,567,45%,4.1
USA,2012,Services,791,45%,0
France,2016,Services,2527,12%,
Japan,2016,Services,2926,12%,
France,2019,Manufacturing,92,,-2.5
UK,2012,Agriculture,3491,35%,4.1
France,2021,Agriculture,453,25%,-2.5
India,2010,Manufacturing,1376,55%,7.8
China,2021,Manufacturing,2266,12%,4.1
Brazil,2012,Manufacturing,2199,25%,5.6
Brazil,2014,Manufacturing,2443,,4.1
USA,2016,Agriculture,2700,40%,-2.5
China,2013,Services,4587,12%,5.6
France,2022,Services,4395,30%,7.8
UK,2022,Manufacturing,927,12%,5.6
USA,2020,Manufacturing,1936,45%,
France,2020,Services,1353,30%,4.1
Japan,2010,Agriculture,1790,30%,7.8
Germany,2015,Manufacturing,1162,40%,0
France,2011,Manufacturing,3926,25%,7.8
China,2021,Agriculture,1948,45%,7.8
USA,2012,Agriculture,297,,4.1
China,2013,Agriculture,3310,45%,7.8
USA,2015,Manufacturing,617,40%,3.2
France,2015,Agriculture,3859,30%,-2.5
India,2016,Manufacturing,1238,,5.6
Japan,2014,Manufacturing,2645,40%,
France,2016,Agriculture,1403,25%,5.6
Brazil,2011,Services,3662,,4.1
China,2010,Agriculture,1030,,3.2
Germany,2021,Services,218,45%,0
Germany,2019,Agriculture,3214,40%,4.1
UK,2017,Agriculture,2721,35%,
USA,2010,Manufacturing,428,40%,4.1
China,2021,Manufacturing,1982,55%,4.1
UK,2011,Manufacturing,243,55%,4.1
China,2020,Manufacturing,313,35%,4.1
Brazil,2021,Manufacturing,1521,30%,-2.5
USA,2019,Manufacturing,2065,12%,-2.5
France,2015,Manufacturing,4666,30%,-2.5
France,2010,Services,1350,45%,4.1
Germany,2019,Services,3250,55%,-2.5
France,2012,Manufacturing,3423,25%,3.2
France,2016,Services,623,,5.6
Brazil,2021,Agriculture,1587,,4.1
India,2017,Services,1433,12%,0
Germany,2013,Manufacturing,1430,30%,
UK,2021,Services,3587,55%,
Japan,2012,Agriculture,3209,40%,4.1
India,2010,Services,1573,45%,0
UK,2021,Manufacturing,4662,55%,0
USA,2018,Agriculture,3982,45%,3.2
India,2019,Agriculture,3672,12%,3.2
Brazil,2015,Services,945,40%,7.8
UK,2015,Agriculture,3443,40%,3.2
USA,2018,Agriculture,514,40%,-2.5
Germany,2010,Agriculture,1660,,4.1
Japan,2015,Manufacturing,662,35%,5.6
USA,2021,Agriculture,3262,,0
France,2014,Services,654,45%,3.2
China,2022,Services,670,45%,5.6
USA,2020,Agriculture,2652,30%,-2.5
USA,2015,Services,2233,12%,3.2
Japan,2023,Agriculture,3850,12%,3.2
China,2020,Services,205,25%,5.6
France,2017,Agriculture,3403,,
UK,2014,Agriculture,3961,,4.1
UK,2011,Agriculture,2967,12%,
USA,2021,Manufacturing,3167,55%,-2.5
Brazil,2021,Services,2765,45%,3.2
Brazil,2011,Agriculture,4389,40%,5.6
China,2019,Manufacturing,499,35%,-2.5
China,2014,Manufacturing,4899,12%,3.2
France,2012,Agriculture,4551,40%,
Japan,2019,Agriculture,4011,45%,3.2
Germany,2012,Agriculture,1119,35%,0
UK,2017,Agriculture,4067,25%,7.8
Japan,2016,Agriculture,4894,30%,-2.5
India,2010,Services,3641,55%,5.6
UK,2021,Agriculture,2869,25%,0
Japan,2022,Agriculture,2335,12%,3.2
UK,2021,Services,2085,55%,5.6
Germany,2014,Manufacturing,1240,25%,0
India,2018,Services,1449,45%,0
Brazil,2013,Manufacturing,3790,12%,
Brazil,2010,Manufacturing,2298,,
Germany,2017,Services,2843,25%,7.8
France,2014,Agriculture,773,55%,
India,2011,Manufacturing,1491,55%,0
USA,2021,Agriculture,4870,30%,-2.5
Japan,2010,Services,136,,7.8
India,2023,Manufacturing,4199,40%,7.8
France,2021,Agriculture,1801,35%,3.2
France,2021,Manufacturing,3470,55%,3.2
Germany,2021,Manufacturing,4887,55%,-2.5
UK,2012,Services,2533,30%,5.6
India,2018,Agriculture,3262,40%,
Japan,2010,Agriculture,3972,12%,
India,2013,Manufacturing,2539,55%,-2.5
China,2017,Agriculture,1536,35%,7.8
UK,2017,Manufacturing,3577,55%,3.2
Japan,2019,Services,122,35%,-2.5
Brazil,2021,Services,774,40%,3.2
Japan,2020,Agriculture,3804,45%,-2.5
USA,2022,Services,3045,35%,
Germany,2020,Services,4415,12%,-2.5
USA,2017,Agriculture,268,25%,0
Japan,2019,Manufacturing,596,,-2.5
UK,2017,Services,3779,25%,3.2
India,2013,Agriculture,2018,45%,-2.5
Brazil,2017,Agriculture,4566,12%,5.6
India,2018,Agriculture,1309,45%,
UK,2016,Services,2983,45%,
Japan,2023,Services,2559,30%,0
France,2021,Manufacturing,4058,55%,-2.5
India,2011,Manufacturing,4122,55%,5.6
France,2018,Manufacturing,4730,12%,3.2
India,2020,Manufacturing,1612,25%,4.1
India,2017,Manufacturing,2135,35%,4.1
Brazil,2022,Manufacturing,1839,55%,5.6
Germany,2014,Agriculture,3719,12%,
Germany,2021,Manufacturing,2531,30%,0
China,2012,Services,3480,12%,3.2
USA,2016,Manufacturing,254,40%,4.1
UK,2023,Services,791,25%,-2.5
UK,2023,Manufacturing,2938,12%,-2.5
UK,2011,Agriculture,3544,,5.6
China,2022,Agriculture,4313,12%,-2.5
Germany,2012,Services,4787,25%,4.1
Japan,2021,Manufacturing,1155,55%,3.2
France,2018,Agriculture,1873,30%,4.1
Brazil,2013,Agriculture,2697,25%,
France,2013,Manufacturing,4247,30%,3.2
Japan,2012,Services,138,45%,-2.5
Brazil,2014,Services,3431,55%,5.6
China,2012,Services,4753,30%,-2.5
Japan,2018,Agriculture,3561,45%,
UK,2012,Manufacturing,2256,12%,7.8
USA,2011,Agriculture,3235,45%,-2.5
India,2021,Agriculture,4431,25%,0
France,2014,Agriculture,914,25%,-2.5
Germany,2015,Agriculture,104,40%,
Germany,2010,Manufacturing,4721,35%,7.8
China,2023,Agriculture,2130,40%,0
Brazil,2021,Agriculture,607,40%,5.6
Germany,2020,Services,4876,30%,0
UK,2015,Agriculture,1042,,3.2
France,2019,Manufacturing,4946,40%,
Japan,2012,Agriculture,4341,30%,7.8
UK,2013,Manufacturing,497,12%,3.2
China,2015,Manufacturing,1871,25%,3.2
UK,2017,Manufacturing,3869,55%,4.1
Japan,2018,Services,3022,40%,0
USA,2015,Services,141,40%,0
China,2016,Agriculture,657,40%,3.2
USA,2023,Agriculture,1301,25%,
India,2014,Agriculture,335,55%,5.6
USA,2023,Manufacturing,2971,12%,-2.5
India,2021,Manufacturing,3356,,-2.5
India,2018,Manufacturing,151,35%,7.8
USA,2013,Agriculture,3885,35%,0
China,2019,Agriculture,4285,45%,-2.5
Brazil,2020,Agriculture,4980,25%,5.6
Japan,2015,Agriculture,1728,12%,7.8
UK,2014,Services,3873,45%,
UK,2010,Services,584,12%,0
Japan,2014,Services,65,12%,-2.5
France,2022,Agriculture,610,45%,3.2
France,2014,Services,2975,12%,5.6
India,2023,Services,2433,30%,4.1
India,2018,Agriculture,959,45%,5.6
China,2010,Services,1463,30%,0
Germany,2014,Agriculture,168,40%,
USA,2016,Agriculture,4112,40%,5.6
India,2020,Agriculture,3163,,0
UK,2015,Manufacturing,3110,25%,5.6
China,2015,Agriculture,1541,45%,4.1
USA,2021,Services,2146,25%,-2.5
China,2016,Services,2304,40%,4.1
USA,2015,Agriculture,563,35%,
USA,2014,Manufacturing,1283,45%,4.1
Japan,2019,Manufacturing,4182,40%,0
India,2014,Manufacturing,1529,30%,5.6
Brazil,2018,Services,3399,,-2.5
China,2023,Manufacturing,1590,35%,
Brazil,2017,Manufacturing,179,30%,-2.5
China,2023,Agriculture,3766,45%,-2.5
Japan,2021,Manufacturing,3793,12%,4.1
UK,2019,Manufacturing,1821,30%,
Brazil,2023,Manufacturing,4504,30%,4.1
UK,2013,Agriculture,3125,35%,0
France,2013,Agriculture,555,55%,0
India,2019,Manufacturing,4963,55%,5.6
India,2014,Services,4939,55%,
Germany,2022,Services,888,35%,4.1
Japan,2022,Agriculture,3921,25%,4.1
UK,2012,Manufacturing,4768,45%,
USA,2017,Services,2726,12%,4.1
China,2016,Manufacturing,146,12%,
India,2014,Agriculture,2013,40%,3.2
Brazil,2019,Services,2916,35%,3.2
China,2012,Agriculture,4076,55%,7.8
China,2014,Manufacturing,648,,3.2
Germany,2012,Agriculture,3031,40%,
UK,2019,Agriculture,4013,12%,4.1
India,2014,Agriculture,478,,3.2
China,2010,Agriculture,3831,40%,5.6
India,2015,Services,1374,,0
USA,2019,Manufacturing,2640,12%,3.2
Germany,2013,Services,2464,25%,7.8
USA,2013,Manufacturing,1817,12%,5.6
India,2017,Manufacturing,1566,40%,-2.5
France,2011,Manufacturing,1389,30%,-2.5
Brazil,2013,Manufacturing,4144,30%,7.8
India,2011,Manufacturing,4709,12%,0
UK,2010,Services,3453,45%,
China,2019,Manufacturing,2596,12%,-2.5
China,2022,Agriculture,1026,45%,0
USA,2022,Services,1664,30%,3.2
Brazil,2012,Services,1634,40%,3.2
Germany,2021,Manufacturing,4111,55%,3.2
France,2017,Agriculture,4701,25%,-2.5
Japan,2015,Agriculture,1320,40%,-2.5
Brazil,2021,Manufacturing,268,,0
China,2016,Manufacturing,583,40%,0
UK,2011,Agriculture,1545,12%,
Brazil,2015,Services,1423,25%,7.8
USA,2023,Services,4189,40%,
USA,2017,Manufacturing,3873,30%,4.1
Japan,2017,Services,3999,,3.2
UK,2013,Services,114,40%,5.6
Germany,2015,Agriculture,4391,40%,5.6
Brazil,2023,Services,3192,25%,3.2
UK,2014,Agriculture,1774,30%,7.8
Germany,2018,Manufacturing,2255,,
UK,2017,Manufacturing,3035,,0
UK,2011,Agriculture,3963,25%,-2.5
India,2021,Agriculture,1098,35%,7.8
USA,2022,Manufacturing,3704,45%,4.1
Brazil,2016,Agriculture,2922,,7.8
UK,2016,Manufacturing,4305,,4.1
Brazil,2020,Manufacturing,1054,,3.2
Japan,2023,Manufacturing,2172,,0
UK,2023,Manufacturing,4624,25%,5.6
China,2021,Manufacturing,4031,,4.1
USA,2010,Manufacturing,4532,30%,5.6
China,2010,Services,521,30%,
Brazil,2021,Services,3455,30%,4.1
Brazil,2013,Manufacturing,358,55%,
USA,2014,Services,2984,12%,5.6
Brazil,2013,Agriculture,4846,40%,7.8
China,2016,Agriculture,3097,30%,
UK,2012,Manufacturing,1971,30%,-2.5
UK,2016,Services,3049,30%,0
India,2022,Agriculture,2067,,-2.5
Japan,2017,Agriculture,4931,25%,5.6
Brazil,2015,Agriculture,1528,40%,-2.5
China,2015,Agriculture,2402,30%,7.8
Brazil,2017,Services,4247,,3.2
Brazil,2017,Agriculture,4920,30%,-2.5
Germany,2016,Agriculture,3509,30%,
India,2015,Agriculture,3804,25%,-2.5
China,2015,Manufacturing,1281,,-2.5
China,2019,Agriculture,3170,12%,
Brazil,2020,Agriculture,621,,5.6
India,2022,Services,3639,55%,-2.5
UK,2022,Agriculture,197,,0
China,2015,Agriculture,3493,30%,7.8
UK,2017,Agriculture,646,,0
India,2010,Manufacturing,1120,40%,0
UK,2014,Services,3795,30%,5.6
USA,2012,Services,4300,40%,-2.5
Germany,2021,Manufacturing,4375,30%,7.8
France,2017,Manufacturing,3421,25%,7.8
China,2020,Services,207,25%,7.8
Japan,2015,Agriculture,972,,-2.5
Germany,2023,Services,3368,55%,7.8
France,2011,Manufacturing,2396,25%,4.1
UK,2022,Agriculture,4100,40%,7.8
China,2016,Services,1296,55%,4.1
UK,2016,Agriculture,815,25%,3.2
USA,2022,Agriculture,3701,12%,3.2
India,2014,Manufacturing,2662,55%,7.8
China,2017,Services,4612,30%,
France,2023,Manufacturing,3878,12%,0
France,2014,Services,4631,12%,
USA,2010,Services,493,30%,-2.5
USA,2018,Agriculture,954,25%,0
Brazil,2013,Agriculture,2960,40%,0
China,2022,Agriculture,3259,55%,-2.5
UK,2011,Manufacturing,1851,35%,-2.5
Japan,2013,Agriculture,975,12%,5.6
France,2023,Manufacturing,3771,40%,5.6
France,2022,Agriculture,4437,30%,4.1
USA,2018,Manufacturing,801,12%,5.6
Germany,2011,Services,1284,12%,7.8
USA,2013,Manufacturing,2972,25%,
Japan,2011,Manufacturing,712,25%,7.8
UK,2014,Manufacturing,3245,12%,7.8
UK,2012,Services,1634,30%,
Germany,2019,Manufacturing,969,40%,5.6
France,2011,Services,4269,,
USA,2023,Agriculture,117,25%,-2.5
Brazil,2018,Agriculture,4620,25%,7.8
UK,2014,Services,4503,25%,-2.5
Japan,2019,Manufacturing,1816,45%,
China,2014,Agriculture,2003,55%,4.1
India,2010,Manufacturing,2618,40%,5.6
India,2015,Manufacturing,3758,25%,-2.5
India,2022,Services,4978,45%,7.8
Brazil,2016,Agriculture,2721,45%,-2.5
France,2010,Services,3449,25%,4.1
USA,2018,Services,1403,40%,5.6
Germany,2017,Services,492,,7.8
Brazil,2021,Services,650,45%,4.1
Brazil,2023,Manufacturing,3216,35%,7.8
UK,2023,Agriculture,3992,45%,5.6
China,2017,Agriculture,2859,55%,0
Brazil,2016,Agriculture,3438,45%,3.2
Japan,2014,Manufacturing,4632,25%,5.6
China,2012,Manufacturing,2836,40%,
Japan,2021,Services,2745,,-2.5
France,2023,Services,3698,12%,0
USA,2018,Services,2102,40%,5.6
India,2023,Services,681,40%,3.2
Brazil,2016,Agriculture,3492,35%,7.8
USA,2020,Services,1804,45%,
France,2019,Manufacturing,3083,,3.2
Germany,2019,Manufacturing,1628,35%,4.1
Germany,2017,Manufacturing,75,40%,3.2
France,2023,Services,2259,40%,
Japan,2015,Agriculture,2952,55%,4.1
UK,2021,Agriculture,1179,40%,5.6
UK,2023,Services,4154,45%,7.8
Japan,2020,Services,4195,45%,7.8
Germany,2023,Manufacturing,491,35%,3.2
Germany,2014,Manufacturing,3945,45%,5.6
Brazil,2017,Agriculture,4847,30%,4.1
Germany,2012,Manufacturing,4899,40%,7.8
USA,2021,Manufacturing,1878,45%,7.8
Germany,2022,Services,1585,12%,4.1
China,2022,Agriculture,4375,35%,-2.5
Brazil,2016,Services,609,25%,3.2
India,2011,Agriculture,1223,30%,0
Germany,2012,Services,1928,40%,3.2
Japan,2022,Agriculture,2305,25%,5.6
India,2021,Manufacturing,1134,55%,4.1
USA,2011,Agriculture,3964,12%,
Japan,2014,Agriculture,288,35%,4.1
India,2016,Services,2964,35%,4.1
Japan,2020,Agriculture,2145,12%,
USA,2019,Agriculture,1521,12%,7.8
Brazil,2020,Agriculture,2095,55%,7.8
China,2020,Services,4662,25%,-2.5
USA,2020,Agriculture,3733,,7.8
USA,2019,Services,254,35%,7.8
Japan,2022,Manufacturing,3650,,
Brazil,2023,Services,2187,30%,0
France,2010,Agriculture,1263,12%,3.2
UK,2022,Manufacturing,3884,35%,7.8
Germany,2019,Agriculture,3141,25%,5.6
Germany,2018,Services,1432,35%,0
China,2010,Manufacturing,3730,,0
China,2010,Manufacturing,1729,35%,-2.5
Germany,2023,Manufacturing,56,12%,5.6
UK,2021,Agriculture,1935,12%,0
Germany,2019,Manufacturing,3548,12%,3.2
France,2017,Manufacturing,345,25%,5.6
UK,2015,Manufacturing,313,40%,3.2
China,2015,Manufacturing,2187,40%,-2.5
India,2021,Services,4998,40%,-2.5
Japan,2018,Agriculture,3915,45%,7.8
France,2013,Agriculture,4546,25%,3.2
France,2017,Manufacturing,4502,12%,
Brazil,2013,Services,2596,55%,3.2
China,2023,Manufacturing,4979,35%,-2.5
China,2011,Agriculture,4580,35%,
USA,2020,Agriculture,168,30%,3.2
France,2017,Agriculture,2445,,5.6
USA,2021,Manufacturing,3417,35%,7.8
USA,2016,Manufacturing,1752,40%,7.8
Japan,2013,Services,579,,5.6
USA,2018,Services,3724,35%,0
UK,2018,Agriculture,352,55%,4.1
Germany,2017,Agriculture,4117,,
India,2023,Services,4301,12%,
China,2010,Agriculture,4018,45%,3.2
UK,2016,Services,63,40%,4.1
India,2014,Manufacturing,2853,35%,4.1
France,2016,Agriculture,938,,0
France,2021,Agriculture,3578,45%,0
France,2018,Services,1246,,3.2
UK,2011,Manufacturing,4590,30%,4.1
UK,2022,Agriculture,2219,25%,
China,2023,Agriculture,3618,25%,4.1
Germany,2020,Services,2281,40%,-2.5
Brazil,2013,Manufacturing,1893,35%,3.2
USA,2013,Services,3701,30%,-2.5
France,2011,Manufacturing,3926,12%,5.6
Japan,2012,Manufacturing,2768,55%,-2.5
Germany,2020,Services,98,,0
Japan,2023,Services,230,35%,0
China,2023,Manufacturing,3928,25%,0
China,2022,Services,1467,30%,4.1
China,2017,Agriculture,3514,25%,
India,2021,Agriculture,3469,,4.1
Japan,2018,Agriculture,579,,
Germany,2015,Agriculture,4729,30%,-2.5
Brazil,2019,Agriculture,1336,30%,0
Germany,2011,Services,2240,,7.8
UK,2011,Manufacturing,756,40%,3.2
UK,2016,Services,3267,45%,0
France,2017,Agriculture,343,55%,
Brazil,2017,Agriculture,1611,,-2.5
UK,2023,Services,4567,40%,0
China,2015,Services,2661,30%,4.1
Germany,2019,Manufacturing,710,,-2.5
Japan,2017,Agriculture,3228,35%,4.1
China,2023,Services,3439,12%,3.2
India,2010,Manufacturing,2156,45%,-2.5
UK,2018,Agriculture,3113,30%,3.2
China,2022,Agriculture,2890,55%,0
China,2021,Agriculture,3546,45%,4.1
India,2010,Services,2628,40%,
USA,2022,Agriculture,2101,30%,7.8
Germany,2012,Agriculture,2459,,0
Japan,2021,Manufacturing,3003,12%,3.2
France,2018,Services,418,,
USA,2020,Manufacturing,588,30%,5.6
UK,2014,Services,2977,25%,5.6
China,2018,Agriculture,2443,40%,5.6
Brazil,2018,Manufacturing,780,,4.1
India,2015,Services,946,35%,0
India,2020,Services,4709,35%,-2.5
Brazil,2010,Agriculture,2418,40%,7.8
Germany,2019,Agriculture,4609,12%,
USA,2016,Manufacturing,2730,,7.8
France,2023,Manufacturing,2430,35%,
Germany,2015,Services,64,35%,4.1
Brazil,2018,Manufacturing,3178,,0
China,2016,Agriculture,1403,45%,3.2
Brazil,2023,Manufacturing,3185,12%,0
Germany,2021,Manufacturing,2327,40%,5.6
Japan,2020,Services,60,30%,3.2
India,2021,Agriculture,1706,45%,7.8
India,2022,Services,1297,30%,0
UK,2013,Agriculture,1710,35%,-2.5
UK,2016,Agriculture,1813,40%,-2.5
Brazil,2011,Services,591,40%,4.1
France,2015,Manufacturing,1579,,7.8
China,2015,Services,1230,40%,3.2
Japan,2011,Manufacturing,2738,55%,5.6
USA,2023,Services,2667,,-2.5
Germany,2013,Services,2804,55%,-2.5
France,2017,Manufacturing,978,45%,0
China,2017,Manufacturing,1476,25%,
UK,2022,Manufacturing,3709,,4.1
Brazil,2017,Services,2283,25%,7.8
Germany,2017,Manufacturing,3959,12%,-2.5
UK,2010,Manufacturing,2111,55%,0
Brazil,2011,Manufacturing,4147,30%,3.2
Germany,2021,Agriculture,2613,40%,
USA,2013,Manufacturing,2853,55%,-2.5
China,2021,Manufacturing,2343,45%,4.1
Germany,2018,Manufacturing,1675,40%,7.8
Japan,2012,Agriculture,621,,0
France,2023,Agriculture,4581,35%,3.2
India,2015,Manufacturing,2450,12%,0
Japan,2016,Manufacturing,1761,45%,5.6
Japan,2017,Manufacturing,432,25%,7.8
France,2022,Manufacturing,1133,,7.8
India,2016,Agriculture,1999,35%,
Japan,2012,Manufacturing,2567,40%,-2.5
Germany,2015,Agriculture,4219,12%,
Germany,2014,Services,3547,,0
Germany,2022,Agriculture,3364,35%,3.2
India,2021,Services,4980,25%,-2.5
Japan,2019,Agriculture,2725,45%,7.8
Brazil,2013,Agriculture,3444,45%,0
India,2010,Agriculture,1253,55%,3.2
Germany,2023,Manufacturing,823,,
France,2022,Agriculture,3106,40%,7.8
Japan,2016,Manufacturing,2363,30%,4.1
Japan,2017,Agriculture,2647,45%,3.2
UK,2011,Agriculture,1453,55%,
UK,2016,Services,4222,45%,0
USA,2015,Agriculture,3111,12%,3.2
Brazil,2014,Manufacturing,3375,,-2.5
Brazil,2022,Services,1453,40%,-2.5
China,2013,Services,3370,25%,4.1
Brazil,2011,Agriculture,919,,0
UK,2019,Agriculture,1133,,
India,2015,Services,1023,35%,7.8
Brazil,2014,Manufacturing,1275,25%,5.6
UK,2011,Agriculture,1852,25%,5.6
USA,2019,Services,3014,55%,5.6
Japan,2016,Manufacturing,1238,55%,7.8
Brazil,2015,Agriculture,3493,12%,4.1
USA,2021,Services,3984,35%,-2.5
Japan,2020,Services,4459,45%,-2.5
France,2018,Agriculture,1371,45%,
France,2020,Manufacturing,2073,25%,
Japan,2019,Manufacturing,4781,30%,-2.5
Brazil,2014,Services,4562,,
China,2018,Manufacturing,488,12%,0
UK,2018,Services,214,,
India,2022,Agriculture,3387,35%,-2.5
India,2010,Manufacturing,3400,45%,
Germany,2014,Agriculture,1037,25%,-2.5
Japan,2018,Services,2579,12%,-2.5
India,2016,Agriculture,4662,35%,4.1
Brazil,2015,Manufacturing,4227,,4.1
China,2015,Agriculture,4264,25%,5.6
Japan,2020,Manufacturing,3895,25%,3.2
China,2016,Manufacturing,1376,40%,-2.5
Brazil,2010,Manufacturing,3336,,3.2
India,2013,Manufacturing,77,12%,
India,2022,Manufacturing,2074,12%,4.1
Germany,2010,Services,4643,12%,-2.5
India,2015,Agriculture,243,12%,5.6
Japan,2023,Services,641,35%,5.6
Brazil,2022,Agriculture,2539,12%,
France,2013,Agriculture,1907,12%,
Brazil,2010,Agriculture,162,30%,
Japan,2018,Services,1367,12%,3.2
Japan,2021,Manufacturing,1787,40%,4.1
Germany,2013,Manufacturing,2111,30%,4.1
Germany,2021,Services,1740,30%,5.6
India,2015,Manufacturing,3718,35%,4.1
USA,2022,Agriculture,1444,45%,0
Brazil,2016,Manufacturing,3218,25%,7.8
Brazil,2017,Manufacturing,3609,55%,4.1
USA,2021,Manufacturing,2286,,7.8
Germany,2022,Agriculture,3933,40%,
India,2020,Manufacturing,3301,25%,-2.5
USA,2018,Manufacturing,3982,35%,5.6
India,2018,Manufacturing,3064,,7.8
India,2017,Services,3536,12%,3.2
India,2019,Services,1178,35%,3.2
UK,2020,Manufacturing,1746,40%,
Japan,2021,Services,182,40%,3.2
India,2021,Services,4715,45%,-2.5
UK,2023,Agriculture,4270,55%,7.8
Germany,2012,Services,3589,45%,7.8
USA,2021,Services,3038,30%,7.8
Japan,2011,Manufacturing,4352,12%,3.2
France,2014,Agriculture,3343,35%,
USA,2010,Agriculture,361,30%,3.2
Japan,2012,Agriculture,2479,30%,-2.5
France,2010,Services,1835,35%,
USA,2022,Manufacturing,4441,12%,0
Japan,2012,Agriculture,451,12%,7.8
USA,2022,Agriculture,1646,55%,-2.5
USA,2013,Services,171,45%,3.2
France,2016,Agriculture,800,12%,0
USA,2021,Manufacturing,155,12%,5.6
USA,2021,Agriculture,1109,45%,0
France,2014,Manufacturing,4217,12%,4.1
Germany,2014,Manufacturing,4713,,-2.5
India,2022,Manufacturing,3288,55%,0
Brazil,2010,Services,1294,55%,3.2
China,2017,Services,125,40%,0
UK,2022,Manufacturing,1059,45%,3.2
China,2013,Manufacturing,3332,40%,0
China,2019,Agriculture,2325,25%,-2.5
Japan,2014,Agriculture,3858,55%,5.6
India,2011,Agriculture,502,35%,7.8
Japan,2021,Services,815,35%,0
India,2022,Agriculture,4632,25%,5.6
France,2010,Manufacturing,2765,55%,0
France,2018,Manufacturing,1547,40%,
Brazil,2011,Services,3996,12%,5.6
India,2015,Services,3782,,3.2
USA,2010,Agriculture,4975,25%,5.6
Germany,2010,Services,2888,12%,7.8
Brazil,2018,Manufacturing,539,,5.6
Brazil,2013,Manufacturing,2473,30%,4.1
USA,2018,Services,1985,35%,7.8
Germany,2020,Manufacturing,2799,30%,7.8
Japan,2014,Services,3346,30%,5.6
Germany,2016,Manufacturing,4620,,4.1
Japan,2010,Agriculture,3741,25%,7.8
France,2015,Services,1153,55%,7.8
China,2017,Services,1649,30%,
France,2023,Services,3331,35%,3.2
France,2010,Manufacturing,3210,55%,4.1
China,2018,Agriculture,3995,12%,-2.5
Germany,2012,Services,275,55%,3.2
Brazil,2010,Manufacturing,4853,,-2.5
Germany,2010,Services,1764,25%,-2.5
Japan,2022,Manufacturing,4199,12%,3.2
USA,2023,Agriculture,2293,25%,7.8
Japan,2020,Manufacturing,2942,,
USA,2015,Manufacturing,2395,12%,4.1
France,2020,Services,628,40%,3.2
China,2015,Manufacturing,1748,40%,7.8
France,2010,Services,4645,25%,3.2
India,2023,Manufacturing,2721,35%,3.2
Germany,2023,Agriculture,4351,40%,
USA,2012,Manufacturing,2977,25%,0
Japan,2016,Services,328,35%,5.6
China,2019,Manufacturing,1518,,3.2
USA,2012,Manufacturing,4822,45%,5.6
Japan,2012,Agriculture,990,55%,7.8
Germany,2012,Services,2368,40%,0
France,2021,Agriculture,4586,12%,
Germany,2016,Manufacturing,1833,55%,0
UK,2013,Agriculture,1925,,-2.5
India,2013,Manufacturing,4693,35%,4.1
UK,2012,Manufacturing,3276,40%,4.1
China,2019,Agriculture,3778,30%,
USA,2020,Agriculture,1035,35%,4.1
China,2018,Manufacturing,2869,35%,
France,2011,Agriculture,4020,25%,5.6
Japan,2013,Agriculture,2116,55%,0
Germany,2017,Manufacturing,474,30%,7.8
UK,2015,Services,2155,40%,-2.5
Brazil,2023,Agriculture,2520,35%,0
UK,2016,Agriculture,3844,45%,7.8
France,2022,Services,2941,,5.6
UK,2016,Agriculture,1733,35%,7.8
France,2011,Manufacturing,3223,40%,7.8
Brazil,2013,Agriculture,3197,30%,4.1
China,2019,Manufacturing,4111,55%,4.1
Germany,2019,Services,4101,35%,7.8
USA,2015,Services,3701,35%,3.2
Japan,2012,Services,4211,12%,
USA,2018,Agriculture,4960,35%,0
China,2022,Services,1224,55%,7.8
Japan,2013,Agriculture,2999,,-2.5
UK,2019,Agriculture,1859,12%,3.2
Brazil,2022,Agriculture,486,12%,7.8
Brazil,2011,Services,4935,35%,7.8
India,2015,Services,284,35%,
China,2010,Agriculture,4820,45%,0
China,2015,Services,2195,40%,4.1
Germany,2022,Agriculture,3625,40%,4.1
USA,2021,Services,4906,55%,3.2
China,2019,Manufacturing,3611,,7.8
China,2010,Services,2524,40%,7.8
UK,2023,Services,276,55%,5.6
UK,2017,Services,2660,30%,-2.5
Japan,2014,Agriculture,2325,30%,-2.5
France,2015,Agriculture,4851,25%,0
France,2011,Manufacturing,1865,,4.1
India,2011,Manufacturing,3904,25%,3.2
France,2021,Manufacturing,4045,55%,
Germany,2018,Agriculture,1460,35%,
India,2012,Manufacturing,4814,12%,7.8
Japan,2015,Manufacturing,3429,45%,4.1
UK,2019,Services,1895,30%,4.1
France,2014,Manufacturing,1387,35%,
USA,2023,Services,167,,3.2
UK,2021,Agriculture,1918,30%,0
Brazil,2013,Agriculture,2147,,4.1
Germany,2019,Services,1863,12%,5.6
UK,2011,Manufacturing,1637,,0
Germany,2017,Agriculture,3302,55%,-2.5
Germany,2019,Services,592,40%,4.1
Germany,2016,Agriculture,2424,,5.6
Japan,2020,Agriculture,1576,35%,7.8
Germany,2011,Manufacturing,3617,,0
Germany,2015,Agriculture,1319,45%,3.2
Brazil,2023,Services,651,40%,3.2
USA,2017,Manufacturing,3664,,-2.5
India,2016,Services,2199,40%,-2.5
China,2010,Services,3351,25%,
Brazil,2014,Services,437,12%,-2.5
India,2011,Manufacturing,3730,35%,4.1
Germany,2015,Agriculture,1652,45%,4.1
USA,2016,Services,3332,35%,4.1
UK,2023,Agriculture,2746,55%,4.1
USA,2023,Agriculture,4484,12%,-2.5
Brazil,2016,Services,4201,30%,7.8
Germany,2012,Agriculture,3883,55%,5.6
USA,2016,Manufacturing,1355,30%,
France,2014,Manufacturing,766,,-2.5
USA,2017,Agriculture,3705,55%,0
Germany,2021,Agriculture,3041,,7.8
Japan,2017,Manufacturing,363,25%,5.6
France,2016,Agriculture,2330,55%,7.8
USA,2015,Agriculture,2672,30%,3.2
China,2011,Agriculture,937,45%,7.8
China,2015,Agriculture,4392,30%,
USA,2022,Services,2539,12%,4.1
Japan,2021,Agriculture,1972,25%,7.8
UK,2020,Manufacturing,4079,40%,3.2
Germany,2018,Services,3113,35%,3.2
China,2011,Services,210,55%,3.2
UK,2010,Manufacturing,2237,35%,
USA,2020,Agriculture,2401,25%,
Brazil,2022,Services,1533,35%,7.8
UK,2014,Services,3942,45%,3.2
France,2020,Agriculture,1787,25%,-2.5
India,2015,Agriculture,4270,12%,0
China,2012,Manufacturing,1958,12%,4.1
USA,2017,Services,1420,30%,0
Brazil,2016,Agriculture,2027,40%,4.1
Germany,2011,Agriculture,3445,12%,3.2
Brazil,2021,Manufacturing,2504,12%,5.6
Japan,2016,Services,4309,25%,4.1
France,2010,Agriculture,2337,25%,7.8
USA,2018,Manufacturing,1286,,0
Germany,2022,Services,3224,25%,
Japan,2016,Services,1256,55%,
Japan,2015,Services,554,,4.1
USA,2022,Services,3817,30%,-2.5
France,2011,Manufacturing,4670,30%,5.6
UK,2012,Agriculture,1453,25%,5.6
UK,2010,Services,1817,25%,-2.5
Japan,2019,Services,3783,40%,7.8
UK,2022,Agriculture,750,25%,7.8
India,2014,Services,3254,12%,3.2
Japan,2018,Services,4195,45%,4.1
Japan,2022,Agriculture,3055,30%,-2.5
Germany,2015,Agriculture,4840,12%,-2.5
UK,2014,Services,4171,,
France,2021,Agriculture,4132,40%,4.1
Japan,2012,Manufacturing,60,45%,-2.5
Brazil,2014,Manufacturing,4953,40%,3.2
France,2017,Services,2108,45%,0
India,2021,Services,3727,40%,7.8
Germany,2011,Agriculture,2869,45%,4.1
USA,2014,Agriculture,1022,40%,3.2
France,2015,Services,3842,,4.1
Japan,2019,Services,2504,,4.1
India,2017,Manufacturing,891,12%,4.1
China,2017,Agriculture,4504,55%,3.2
India,2014,Services,334,40%,
India,2018,Services,2485,35%,3.2
Germany,2013,Agriculture,2881,30%,
USA,2021,Agriculture,4570,55%,
China,2018,Services,1079,12%,4.1
UK,2020,Services,4501,45%,-2.5
UK,2016,Services,3016,35%,3.2
France,2015,Agriculture,603,55%,0
India,2013,Services,317,40%,4.1
Brazil,2011,Services,1290,,5.6
Germany,2017,Services,4209,40%,3.2
Brazil,2015,Manufacturing,2539,,4.1
Germany,2021,Manufacturing,2638,25%,
UK,2012,Agriculture,519,30%,0
France,2016,Services,3337,30%,
France,2019,Services,3986,,-2.5
France,2016,Agriculture,2069,30%,5.6
China,2015,Agriculture,2073,55%,7.8
USA,2011,Agriculture,1639,12%,7.8
China,2017,Services,2110,35%,-2.5
Japan,2010,Manufacturing,4367,25%,4.1
Japan,2022,Agriculture,1469,40%,-2.5
Brazil,2010,Services,930,,7.8
USA,2015,Agriculture,888,,-2.5
UK,2014,Services,801,40%,4.1
USA,2018,Agriculture,319,35%,7.8
Germany,2022,Services,3419,35%,-2.5
Japan,2021,Agriculture,4877,40%,7.8
India,2016,Manufacturing,4761,55%,0
India,2011,Agriculture,3553,,-2.5
UK,2022,Agriculture,4010,45%,7.8
Germany,2021,Manufacturing,2125,,-2.5
Brazil,2016,Agriculture,1362,55%,4.1
China,2012,Manufacturing,2334,25%,7.8
Germany,2010,Services,433,12%,7.8
India,2020,Manufacturing,4230,,
India,2017,Manufacturing,4391,55%,
Brazil,2023,Services,2858,45%,4.1
Japan,2021,Manufacturing,853,30%,5.6
Germany,2012,Manufacturing,4385,30%,4.1
Germany,2020,Services,1146,45%,-2.5
India,2017,Agriculture,3792,55%,0
China,2016,Agriculture,4533,25%,3.2
UK,2021,Manufacturing,3769,45%,3.2
France,2011,Agriculture,4821,45%,
UK,2022,Agriculture,2746,,-2.5
Germany,2023,Manufacturing,4316,,
UK,2023,Services,858,40%,7.8
India,2010,Agriculture,2201,25%,7.8
India,2016,Manufacturing,3343,25%,0
Brazil,2022,Services,1355,25%,-2.5
Germany,2010,Agriculture,3509,40%,3.2
Brazil,2015,Services,2469,25%,0
Germany,2022,Manufacturing,4274,55%,4.1
France,2020,Services,1246,30%,-2.5
France,2019,Services,4617,55%,-2.5
Japan,2020,Manufacturing,3574,35%,
Germany,2019,Agriculture,1575,40%,
China,2017,Agriculture,1649,35%,-2.5
UK,2016,Services,1094,40%,5.6
Germany,2013,Services,2203,35%,0
USA,2010,Services,1917,45%,-2.5
Japan,2010,Services,1425,25%,4.1
USA,2013,Agriculture,661,55%,
India,2014,Manufacturing,3366,55%,4.1
France,2021,Manufacturing,1648,25%,0
UK,2016,Manufacturing,4999,35%,3.2
Germany,2023,Services,2027,,-2.5
USA,2013,Services,4447,40%,7.8
UK,2019,Manufacturing,688,45%,-2.5
India,2023,Agriculture,4216,55%,-2.5
France,2021,Manufacturing,1972,12%,0
China,2010,Agriculture,695,45%,4.1
Japan,2020,Services,4319,45%,0
UK,2019,Manufacturing,2048,35%,
UK,2016,Manufacturing,139,25%,5.6
China,2011,Services,3328,40%,-2.5
UK,2022,Agriculture,2416,40%,
India,2020,Manufacturing,873,12%,3.2
India,2011,Manufacturing,600,35%,0
China,2017,Agriculture,109,25%,5.6
Japan,2021,Manufacturing,4272,40%,4.1
Germany,2019,Manufacturing,4228,12%,7.8
USA,2019,Services,1293,,7.8
Germany,2019,Agriculture,3529,,5.6
UK,2014,Manufacturing,995,55%,
USA,2019,Manufacturing,1690,12%,4.1
Brazil,2011,Services,2002,35%,7.8
China,2014,Manufacturing,2683,12%,-2.5
China,2017,Services,3551,30%,0
Japan,2015,Manufacturing,939,12%,3.2
USA,2012,Services,623,30%,7.8
India,2017,Agriculture,562,12%,-2.5
USA,2023,Agriculture,4210,30%,4.1
UK,2018,Manufacturing,2014,30%,
India,2014,Manufacturing,4101,55%,0
France,2022,Services,2280,,-2.5
France,2011,Services,2333,,-2.5
Brazil,2011,Agriculture,661,30%,
France,2016,Manufacturing,487,25%,0
China,2010,Services,1509,12%,7.8
USA,2019,Agriculture,573,30%,4.1
France,2021,Agriculture,3627,40%,4.1
Germany,2011,Services,4945,45%,7.8
Japan,2019,Manufacturing,3448,40%,-2.5
Germany,2013,Agriculture,2311,35%,5.6
France,2010,Services,1073,45%,7.8
Brazil,2013,Agriculture,1629,40%,-2.5
Japan,2022,Manufacturing,371,25%,
UK,2021,Services,3176,35%,3.2
Germany,2020,Manufacturing,2881,25%,4.1
Brazil,2022,Manufacturing,4325,30%,3.2
USA,2019,Agriculture,2477,40%,5.6
USA,2014,Manufacturing,3030,35%,
Germany,2018,Agriculture,3807,,-2.5
France,2010,Services,499,,3.2
Brazil,2021,Services,1334,45%,4.1
USA,2014,Agriculture,3568,45%,
UK,2011,Agriculture,1710,40%,7.8
India,2018,Agriculture,953,55%,-2.5
France,2015,Manufacturing,1227,40%,5.6
Brazil,2011,Services,379,40%,5.6
UK,2023,Services,686,30%,7.8
Brazil,2012,Manufacturing,1939,30%,3.2
Japan,2023,Agriculture,1917,40%,
UK,2017,Services,2565,25%,3.2
France,2010,Manufacturing,462,45%,5.6
Japan,2021,Agriculture,3883,35%,0
France,2012,Services,2465,12%,
USA,2022,Agriculture,2636,40%,4.1
India,2019,Manufacturing,1614,12%,
France,2010,Services,4660,12%,
France,2020,Agriculture,530,55%,5.6
USA,2020,Agriculture,2325,40%,
China,2017,Agriculture,3890,45%,5.6
USA,2010,Manufacturing,3361,25%,-2.5
Japan,2022,Agriculture,2932,25%,7.8
USA,2014,Services,3793,40%,-2.5
USA,2013,Services,2569,40%,5.6
India,2016,Agriculture,4663,55%,-2.5
USA,2023,Manufacturing,4450,30%,3.2
Brazil,2014,Services,704,35%,5.6
France,2017,Services,2027,,3.2
Brazil,2021,Services,230,40%,3.2
India,2023,Agriculture,4175,45%,7.8
Germany,2020,Services,3069,45%,3.2
China,2010,Agriculture,814,35%,-2.5
Brazil,2014,Agriculture,4185,35%,-2.5
India,2013,Agriculture,2416,45%,
Japan,2012,Agriculture,3348,45%,0
Germany,2014,Agriculture,2829,12%,7.8
India,2019,Services,2421,40%,
India,2012,Agriculture,3440,40%,
China,2017,Agriculture,1832,40%,
France,2022,Agriculture,4830,25%,0
Brazil,2012,Agriculture,1114,12%,3.2
Japan,2010,Agriculture,2506,30%,
UK,2018,Agriculture,1396,12%,5.6
Brazil,2018,Services,2277,25%,-2.5
UK,2015,Agriculture,1232,55%,5.6
India,2019,Agriculture,4182,,0
USA,2010,Services,2503,55%,
Japan,2017,Services,588,55%,4.1
Germany,2011,Manufacturing,2473,55%,4.1
USA,2018,Services,2353,35%,4.1
USA,2023,Services,298,30%,0
Brazil,2017,Agriculture,4838,12%,-2.5
Japan,2012,Manufacturing,1090,35%,4.1
France,2022,Agriculture,1441,40%,
India,2014,Manufacturing,2222,35%,0
India,2018,Agriculture,1385,25%,5.6
India,2022,Services,2309,55%,0
India,2010,Services,549,45%,5.6
Brazil,2018,Manufacturing,860,55%,4.1
UK,2013,Agriculture,3763,12%,
India,2013,Agriculture,3754,30%,3.2
UK,2013,Services,1260,35%,
UK,2019,Services,3795,12%,7.8
France,2021,Manufacturing,2036,35%,-2.5
India,2018,Services,1541,35%,0
China,2023,Manufacturing,4320,35%,4.1
Germany,2015,Manufacturing,3098,45%,
USA,2020,Manufacturing,4969,40%,-2.5
UK,2017,Manufacturing,2984,55%,0
Japan,2021,Services,4414,35%,4.1
Japan,2023,Manufacturing,1867,25%,3.2
Germany,2013,Services,4369,,4.1
Japan,2012,Manufacturing,1325,,4.1
China,2023,Services,3072,35%,5.6
Japan,2010,Manufacturing,2927,55%,-2.5
USA,2019,Services,4064,55%,3.2
USA,2016,Agriculture,4137,40%,3.2
UK,2013,Manufacturing,1197,40%,7.8
India,2023,Manufacturing,287,45%,3.2
France,2017,Agriculture,2172,35%,7.8
China,2023,Agriculture,4645,25%,4.1
UK,2012,Manufacturing,1595,45%,3.2
China,2010,Services,4033,45%,4.1
India,2014,Manufacturing,4413,35%,5.6
Brazil,2023,Services,1036,35%,3.2
Japan,2011,Agriculture,1673,45%,
Japan,2012,Services,3171,45%,5.6
France,2023,Manufacturing,3776,30%,0
India,2015,Agriculture,3951,45%,3.2
UK,2012,Agriculture,772,30%,4.1
France,2012,Manufacturing,1145,12%,3.2
India,2021,Manufacturing,3877,45%,0
Germany,2015,Agriculture,4335,30%,4.1
USA,2014,Services,1045,55%,7.8
France,2019,Services,4711,,5.6
France,2018,Services,1042,25%,0
UK,2010,Manufacturing,2833,25%,0
China,2022,Agriculture,205,,
Germany,2012,Services,1945,35%,4.1
UK,2012,Agriculture,1826,40%,-2.5
India,2020,Services,4818,45%,0
India,2015,Agriculture,2166,30%,7.8
India,2017,Manufacturing,2470,25%,7.8
Brazil,2012,Manufacturing,104,25%,7.8
India,2012,Manufacturing,134,55%,4.1
China,2015,Services,2938,55%,5.6
Germany,2017,Manufacturing,4737,12%,5.6
Japan,2015,Manufacturing,2829,,4.1
USA,2022,Manufacturing,2719,12%,3.2
China,2021,Agriculture,3886,30%,0
China,2023,Agriculture,1058,25%,
Brazil,2019,Agriculture,2414,35%,7.8
Japan,2012,Agriculture,3736,25%,0
Japan,2013,Agriculture,4397,35%,4.1
USA,2010,Agriculture,2249,40%,3.2
USA,2022,Agriculture,1409,25%,4.1
Japan,2017,Manufacturing,959,55%,3.2
India,2013,Manufacturing,3489,45%,7.8
China,2015,Services,2963,25%,0
UK,2020,Manufacturing,4745,12%,3.2
USA,2012,Agriculture,1056,40%,-2.5
Brazil,2020,Agriculture,3102,40%,5.6
Brazil,2021,Services,1193,35%,0
USA,2020,Manufacturing,4448,35%,7.8
Japan,2015,Manufacturing,3270,25%,3.2
Germany,2021,Services,1274,30%,3.2
UK,2020,Agriculture,3928,35%,3.2
UK,2018,Agriculture,4545,12%,5.6
USA,2018,Agriculture,117,55%,0
India,2019,Agriculture,4299,45%,3.2
Germany,2012,Services,1064,30%,
UK,2012,Manufacturing,231,45%,5.6
USA,2013,Agriculture,4670,35%,-2.5
Brazil,2021,Manufacturing,4165,25%,0
UK,2016,Manufacturing,4996,35%,7.8
France,2012,Agriculture,2995,40%,0
Germany,2019,Agriculture,2107,12%,3.2
Germany,2017,Agriculture,2797,,4.1
France,2020,Manufacturing,1930,25%,7.8
China,2017,Services,3652,55%,
Brazil,2015,Agriculture,704,12%,0
France,2013,Manufacturing,3736,55%,7.8
Japan,2020,Manufacturing,2338,30%,0
Japan,2021,Agriculture,2249,25%,
USA,2020,Services,2881,55%,-2.5
Germany,2014,Agriculture,3458,12%,-2.5
China,2021,Agriculture,2285,12%,-2.5
China,2011,Services,2561,35%,0
UK,2022,Agriculture,771,,7.8
UK,2015,Agriculture,3298,25%,-2.5
France,2012,Services,1250,45%,5.6
China,2015,Manufacturing,2512,40%,5.6
France,2021,Manufacturing,4723,,-2.5
Brazil,2014,Manufacturing,359,45%,-2.5
France,2023,Manufacturing,1075,30%,3.2
UK,2011,Manufacturing,4462,55%,4.1
Germany,2021,Agriculture,1582,45%,5.6
France,2022,Services,3693,45%,4.1
India,2023,Manufacturing,417,40%,5.6
Germany,2014,Services,4700,12%,-2.5
China,2014,Manufacturing,2702,12%,
China,2023,Agriculture,1299,12%,3.2
France,2018,Manufacturing,3033,45%,7.8
Germany,2020,Manufacturing,4625,55%,3.2
UK,2017,Services,3078,25%,3.2
UK,2021,Services,3184,40%,5.6
Japan,2021,Agriculture,4145,35%,-2.5
China,2016,Services,989,30%,-2.5
USA,2021,Services,4159,55%,4.1
Japan,2022,Services,4287,40%,-2.5
UK,2023,Agriculture,4073,30%,3.2
Germany,2012,Agriculture,3741,30%,4.1
Brazil,2019,Agriculture,639,40%,4.1
UK,2013,Services,1832,12%,3.2
Germany,2015,Services,4618,55%,
Japan,2012,Agriculture,1257,25%,0
China,2020,Services,4462,,7.8
UK,2018,Services,4590,12%,0
France,2017,Manufacturing,2393,25%,
Germany,2015,Agriculture,896,,7.8
China,2013,Agriculture,2474,35%,4.1
Brazil,2016,Services,4730,55%,0
Brazil,2022,Services,848,35%,0
USA,2020,Manufacturing,520,40%,0
Germany,2012,Agriculture,3959,45%,0
Japan,2019,Agriculture,4877,55%,3.2
USA,2017,Services,2144,40%,7.8
USA,2010,Agriculture,3044,,
India,2012,Services,3179,45%,0
UK,2020,Manufacturing,1363,25%,0
Germany,2014,Services,2928,45%,
USA,2014,Manufacturing,3565,,-2.5
India,2019,Services,1097,,3.2
Japan,2023,Manufacturing,1137,25%,5.6
China,2011,Manufacturing,3731,35%,-2.5
France,2019,Agriculture,332,12%,
France,2017,Services,3698,30%,5.6
Germany,2014,Agriculture,1448,35%,0
USA,2016,Agriculture,2783,30%,7.8
France,2016,Services,4117,40%,4.1
UK,2023,Agriculture,2407,30%,5.6
France,2014,Agriculture,2985,45%,4.1
France,2017,Agriculture,3868,25%,4.1
France,2018,Services,3288,45%,5.6
Brazil,2013,Agriculture,1822,30%,5.6
India,2013,Agriculture,4127,,4.1
USA,2017,Agriculture,4152,40%,7.8
UK,2010,Services,837,40%,-2.5
USA,2013,Manufacturing,3274,12%,3.2
Brazil,2015,Manufacturing,92,55%,7.8
Germany,2022,Manufacturing,4346,55%,-2.5
Germany,2013,Manufacturing,2992,55%,0
Germany,2015,Agriculture,4693,45%,-2.5
Japan,2014,Services,4371,30%,5.6
France,2023,Agriculture,3955,55%,-2.5
Japan,2018,Services,4778,25%,4.1
India,2019,Agriculture,3460,12%,-2.5
Germany,2018,Manufacturing,1408,40%,4.1
Brazil,2013,Manufacturing,1254,30%,0
UK,2022,Services,3654,,0
USA,2023,Agriculture,3043,35%,-2.5
France,2013,Manufacturing,2291,,7.8
China,2021,Services,587,25%,4.1
UK,2017,Agriculture,4061,12%,0
France,2019,Services,3918,35%,5.6
Japan,2013,Agriculture,4626,55%,4.1
Japan,2011,Agriculture,4575,35%,7.8
UK,2022,Agriculture,3633,30%,
Japan,2022,Services,1400,40%,-2.5
Germany,2023,Services,994,45%,
India,2011,Agriculture,3906,45%,4.1
USA,2010,Manufacturing,1873,55%,5.6
India,2014,Agriculture,2675,30%,5.6
France,2015,Services,3948,55%,7.8
USA,2018,Agriculture,3537,25%,-2.5
Brazil,2014,Services,4256,25%,5.6
USA,2022,Agriculture,4357,,
India,2015,Agriculture,900,40%,4.1
UK,2015,Manufacturing,2975,45%,
USA,2012,Manufacturing,1045,12%,0
Brazil,2021,Services,4811,25%,0
Brazil,2013,Agriculture,399,12%,7.8
Brazil,2010,Services,1587,,4.1
India,2013,Agriculture,3027,45%,4.1
USA,2010,Agriculture,2778,25%,4.1
China,2014,Agriculture,4396,12%,0
UK,2020,Manufacturing,2416,,4.1
Germany,2020,Services,2286,12%,3.2
USA,2017,Agriculture,3925,25%,-2.5
Brazil,2017,Agriculture,3144,55%,5.6
China,2014,Services,3651,,5.6
Germany,2023,Services,4224,30%,7.8
Germany,2019,Agriculture,4691,,7.8
France,2011,Manufacturing,973,35%,5.6
USA,2021,Manufacturing,668,55%,0
India,2015,Agriculture,4450,,7.8
USA,2010,Manufacturing,3312,35%,3.2
China,2016,Services,3353,12%,7.8
Germany,2020,Manufacturing,2651,25%,0
USA,2013,Services,1097,,-2.5
India,2014,Services,1748,45%,3.2
France,2015,Services,2280,25%,7.8
USA,2020,Services,1918,55%,-2.5
UK,2010,Manufacturing,2704,35%,-2.5
France,2018,Services,132,25%,
India,2019,Agriculture,142,35%,5.6
China,2013,Services,3206,55%,0
Germany,2017,Agriculture,3098,55%,5.6
USA,2014,Services,1517,25%,
India,2020,Services,2074,30%,0
France,2017,Manufacturing,4919,,
UK,2010,Services,3867,45%,-2.5
India,2017,Services,2748,,7.8
Japan,2020,Manufacturing,841,40%,0
Brazil,2022,Manufacturing,525,45%,0
UK,2020,Agriculture,553,30%,-2.5
France,2013,Manufacturing,280,35%,3.2
China,2011,Agriculture,1636,25%,-2.5
Germany,2020,Services,1824,12%,
France,2015,Agriculture,3140,55%,-2.5
Brazil,2011,Manufacturing,2306,,0
China,2014,Services,4020,35%,-2.5
USA,2011,Agriculture,4276,55%,5.6
India,2012,Agriculture,4888,35%,-2.5
Japan,2020,Agriculture,433,25%,7.8
UK,2015,Services,3213,35%,4.1
UK,2010,Agriculture,2459,35%,-2.5
India,2015,Agriculture,810,40%,-2.5
Japan,2012,Manufacturing,4002,12%,4.1
India,2016,Agriculture,992,35%,7.8
USA,2011,Services,2745,45%,3.2
Brazil,2023,Manufacturing,1346,35%,3.2
China,2015,Services,2452,35%,3.2
France,2017,Manufacturing,2197,25%,5.6
UK,2010,Manufacturing,1689,35%,7.8
USA,2020,Agriculture,4446,40%,5.6
China,2020,Services,658,12%,5.6
USA,2022,Agriculture,931,30%,
Japan,2018,Manufacturing,2300,25%,5.6
UK,2014,Agriculture,3142,30%,7.8
France,2014,Manufacturing,2209,40%,0
India,2022,Manufacturing,2478,55%,0
India,2021,Services,4900,30%,3.2
China,2014,Services,3051,45%,5.6
France,2015,Services,4941,45%,4.1
Brazil,2011,Services,2044,30%,3.2
Germany,2015,Agriculture,1373,30%,5.6
Japan,2023,Services,4367,55%,3.2
China,2020,Services,1061,35%,-2.5
Germany,2013,Services,4088,12%,7.8
USA,2017,Manufacturing,738,12%,5.6
Japan,2022,Manufacturing,4118,12%,
USA,2020,Services,4263,12%,5.6
Brazil,2018,Manufacturing,4319,40%,5.6
France,2018,Manufacturing,1292,35%,7.8
UK,2017,Agriculture,3497,55%,-2.5
Japan,2012,Manufacturing,2094,30%,0
Germany,2019,Agriculture,490,40%,7.8
Brazil,2020,Manufacturing,1274,40%,-2.5
UK,2020,Services,2512,55%,3.2
India,2013,Manufacturing,4228,30%,5.6
Germany,2010,Manufacturing,2802,45%,4.1
China,2018,Agriculture,1802,55%,5.6
India,2014,Services,4492,12%,0
Brazil,2015,Agriculture,4679,35%,3.2
India,2012,Services,3052,40%,-2.5
China,2020,Services,4596,25%,3.2
Japan,2019,Agriculture,3266,25%,3.2
India,2017,Manufacturing,3409,12%,0
France,2016,Services,3992,,-2.5
Germany,2010,Manufacturing,3346,45%,0
UK,2019,Agriculture,4359,30%,-2.5
India,2021,Agriculture,4064,30%,7.8
Germany,2014,Agriculture,949,40%,7.8
USA,2019,Agriculture,1239,25%,4.1
Germany,2018,Services,702,,5.6
UK,2021,Agriculture,1032,12%,0
Germany,2020,Manufacturing,625,40%,7.8
China,2021,Manufacturing,382,40%,4.1
Brazil,2015,Services,4357,40%,
UK,2017,Agriculture,338,30%,3.2
Brazil,2019,Services,2263,35%,3.2
Japan,2010,Services,2223,25%,7.8
Brazil,2019,Services,3883,12%,0
USA,2020,Agriculture,1105,25%,5.6
China,2016,Manufacturing,4419,35%,4.1
Japan,2012,Manufacturing,1374,55%,3.2
Germany,2018,Services,3645,30%,5.6
UK,2015,Services,3877,55%,3.2
USA,2014,Manufacturing,2712,35%,4.1
China,2017,Manufacturing,2373,35%,-2.5
Japan,2017,Agriculture,1932,55%,7.8
Japan,2021,Services,3113,35%,0
USA,2021,Agriculture,1203,40%,3.2
France,2012,Manufacturing,3420,35%,7.8
Germany,2011,Manufacturing,146,35%,5.6
USA,2011,Manufacturing,326,55%,0
Japan,2023,Manufacturing,2897,55%,0
India,2014,Agriculture,381,,7.8
China,2019,Manufacturing,2302,30%,7.8
USA,2021,Services,4248,30%,4.1
France,2016,Manufacturing,3101,25%,7.8
Japan,2017,Services,3746,55%,-2.5
Germany,2019,Manufacturing,2457,25%,-2.5
Brazil,2017,Agriculture,3252,40%,0
Japan,2022,Services,2136,40%,7.8
Germany,2021,Agriculture,356,30%,
USA,2017,Manufacturing,933,55%,
Germany,2019,Agriculture,4339,45%,-2.5
UK,2021,Manufacturing,3639,25%,0
UK,2020,Agriculture,3691,30%,3.2
UK,2012,Agriculture,4394,30%,4.1
France,2023,Services,2212,35%,
France,2020,Manufacturing,3197,45%,7.8
India,2011,Agriculture,2833,,-2.5
France,2022,Manufacturing,3191,55%,0
Brazil,2013,Services,4653,30%,7.8
USA,2010,Agriculture,204,55%,0
Japan,2012,Manufacturing,3680,,3.2
Japan,2020,Agriculture,510,45%,
India,2018,Agriculture,1446,12%,0
France,2016,Agriculture,840,40%,4.1
Brazil,2016,Agriculture,3759,35%,4.1
Germany,2010,Services,1917,25%,0
India,2016,Services,1738,45%,3.2
Brazil,2019,Manufacturing,626,25%,5.6
Germany,2016,Manufacturing,3814,55%,4.1
Brazil,2013,Agriculture,2593,12%,7.8
Germany,2016,Agriculture,411,,3.2
China,2017,Agriculture,506,12%,4.1
Brazil,2012,Services,3299,25%,
Japan,2022,Agriculture,4274,,3.2
UK,2019,Manufacturing,3611,40%,
France,2011,Agriculture,3160,55%,7.8
Germany,2016,Services,3579,,
China,2014,Agriculture,4957,40%,0
Brazil,2014,Services,399,,-2.5
Japan,2023,Services,2742,12%,7.8
UK,2014,Services,4597,35%,3.2
Germany,2016,Services,4133,55%,0
Brazil,2018,Manufacturing,158,45%,
Brazil,2020,Services,1281,30%,5.6
Germany,2017,Manufacturing,626,45%,0
India,2015,Manufacturing,290,45%,-2.5
India,2016,Agriculture,2688,35%,0
Japan,2018,Agriculture,2091,55%,4.1
UK,2023,Services,420,,-2.5
Germany,2020,Agriculture,2202,25%,5.6
Japan,2015,Services,147,25%,5.6
Japan,2010,Agriculture,4241,55%,0
USA,2013,Services,1998,35%,7.8
Brazil,2017,Agriculture,1545,55%,7.8
France,2016,Agriculture,2143,30%,7.8
Brazil,2012,Manufacturing,2987,25%,
India,2019,Agriculture,2128,55%,
UK,2012,Agriculture,2505,45%,5.6
Brazil,2020,Services,3496,30%,4.1
Germany,2012,Manufacturing,1455,40%,-2.5
Japan,2021,Services,4861,,
Germany,2010,Agriculture,2741,55%,
USA,2019,Services,2795,30%,3.2
UK,2010,Manufacturing,1022,30%,0
Japan,2015,Services,2798,,
Germany,2023,Agriculture,1562,12%,
India,2023,Services,2973,55%,-2.5
France,2010,Agriculture,858,25%,3.2
USA,2014,Manufacturing,4744,30%,5.6
UK,2013,Manufacturing,4280,40%,3.2
USA,2014,Services,377,25%,4.1
India,2016,Manufacturing,4344,30%,5.6
UK,2015,Services,732,40%,5.6
USA,2021,Agriculture,3381,,
China,2018,Services,173,25%,
India,2015,Agriculture,803,45%,
India,2018,Manufacturing,1656,25%,-2.5
India,2013,Agriculture,3628,12%,7.8
China,2010,Agriculture,4716,55%,4.1
China,2010,Agriculture,1518,35%,7.8
Germany,2019,Agriculture,2895,25%,-2.5
Japan,2016,Agriculture,2988,55%,0
France,2022,Services,1976,30%,5.6
USA,2022,Agriculture,2477,30%,0
Germany,2022,Agriculture,214,45%,4.1
USA,2012,Agriculture,1559,55%,5.6
France,2011,Agriculture,4760,25%,
Japan,2023,Agriculture,4142,25%,5.6
China,2015,Agriculture,2860,,
Japan,2015,Manufacturing,1250,40%,7.8
China,2022,Services,3331,25%,4.1
France,2016,Agriculture,668,12%,7.8
Japan,2014,Services,2762,55%,5.6
Germany,2017,Manufacturing,3773,,4.1
UK,2016,Manufacturing,1736,30%,4.1
Germany,2011,Agriculture,1656,40%,
USA,2010,Services,4782,35%,7.8
Germany,2022,Agriculture,3982,12%,7.8
France,2023,Manufacturing,3942,35%,
India,2018,Manufacturing,3853,30%,3.2
USA,2014,Services,4360,25%,4.1
Japan,2021,Agriculture,1403,35%,4.1
USA,2020,Services,4289,35%,3.2
UK,2014,Services,668,12%,
China,2021,Manufacturing,403,30%,5.6
Japan,2019,Services,330,12%,4.1
Brazil,2013,Manufacturing,3427,55%,7.8
USA,2011,Agriculture,4982,35%,4.1
Japan,2014,Services,3600,12%,4.1
Japan,2011,Services,2009,55%,3.2
Japan,2021,Agriculture,439,35%,0
China,2016,Services,3917,40%,5.6
Brazil,2020,Agriculture,4410,35%,5.6
France,2018,Manufacturing,2103,,4.1
Germany,2018,Manufacturing,217,30%,0
Japan,2020,Services,4995,25%,5.6
India,2015,Manufacturing,2216,40%,7.8
France,2010,Manufacturing,4319,30%,4.1
UK,2022,Agriculture,3056,12%,3.2
China,2015,Manufacturing,236,45%,-2.5
USA,2014,Manufacturing,4096,40%,4.1
China,2013,Manufacturing,2990,,3.2
USA,2021,Agriculture,1347,30%,
China,2015,Services,2695,12%,0
USA,2015,Agriculture,1266,,-2.5
Japan,2023,Services,4677,25%,
Germany,2015,Services,3049,,
USA,2011,Manufacturing,1255,,7.8
Brazil,2023,Manufacturing,277,55%,7.8
USA,2016,Agriculture,2663,40%,4.1
India,2023,Agriculture,4759,12%,4.1
USA,2013,Agriculture,2186,40%,3.2
India,2022,Manufacturing,3781,35%,4.1
UK,2021,Services,299,45%,5.6
Japan,2018,Agriculture,2322,55%,
India,2019,Services,3000,40%,5.6
Germany,2011,Manufacturing,3068,12%,0
France,2014,Manufacturing,4818,55%,5.6
Japan,2023,Manufacturing,2265,40%,7.8
India,2013,Manufacturing,2207,35%,-2.5
Japan,2018,Services,1846,,
Brazil,2013,Services,3294,45%,3.2
Japan,2017,Agriculture,346,40%,4.1
Japan,2017,Services,1977,40%,3.2
UK,2015,Services,2306,35%,3.2
Germany,2015,Services,1507,45%,5.6
China,2020,Agriculture,3596,55%,-2.5
China,2017,Services,3177,,5.6
India,2021,Services,2358,,5.6
Japan,2022,Services,3714,12%,
India,2021,Manufacturing,1639,45%,7.8
UK,2019,Services,145,30%,
UK,2018,Agriculture,3982,35%,4.1
USA,2014,Agriculture,1409,45%,7.8
Brazil,2020,Agriculture,1789,30%,
UK,2010,Agriculture,3844,40%,
USA,2010,Manufacturing,1402,55%,5.6
Germany,2011,Agriculture,4974,,
India,2019,Manufacturing,1592,55%,0
France,2019,Manufacturing,2717,55%,4.1
Germany,2014,Manufacturing,880,40%,4.1
UK,2013,Agriculture,1655,12%,0
Germany,2010,Agriculture,4695,30%,0
Germany,2013,Manufacturing,2797,55%,
Brazil,2013,Manufacturing,3860,12%,5.6
Brazil,2019,Agriculture,4708,40%,4.1
Brazil,2013,Services,271,40%,-2.5
Germany,2010,Services,4001,25%,0
UK,2018,Services,580,45%,7.8
France,2023,Agriculture,4176,30%,3.2
Japan,2012,Agriculture,1431,,3.2
Germany,2022,Manufacturing,4167,,5.6
USA,2013,Agriculture,803,35%,3.2
UK,2014,Agriculture,4359,,4.1
Germany,2022,Agriculture,4857,12%,5.6
France,2022,Manufacturing,1238,,3.2
Japan,2016,Manufacturing,458,12%,-2.5
Brazil,2015,Services,2535,,-2.5
UK,2014,Services,846,35%,-2.5
China,2017,Agriculture,910,45%,-2.5
Japan,2023,Agriculture,4221,55%,0
USA,2010,Manufacturing,415,45%,4.1
Germany,2016,Services,1564,12%,7.8
France,2021,Services,4986,30%,-2.5
China,2015,Services,2984,40%,
France,2020,Agriculture,1633,55%,0
China,2014,Agriculture,548,25%,5.6
UK,2016,Agriculture,3291,35%,3.2
China,2012,Manufacturing,1419,45%,3.2
USA,2010,Services,1301,55%,0
USA,2018,Manufacturing,748,35%,
India,2011,Services,2777,45%,
USA,2022,Agriculture,2300,12%,3.2
Japan,2019,Manufacturing,2543,12%,
China,2012,Manufacturing,181,40%,-2.5
USA,2017,Agriculture,140,30%,4.1
UK,2021,Services,3944,30%,3.2
France,2019,Services,3247,12%,-2.5
Brazil,2018,Services,521,30%,-2.5
France,2022,Services,1315,25%,3.2
India,2012,Agriculture,4647,,4.1
France,2015,Agriculture,2858,12%,0
China,2016,Agriculture,4532,30%,5.6
India,2010,Agriculture,1161,12%,0
China,2023,Manufacturing,647,,7.8
UK,2016,Manufacturing,957,12%,7.8
India,2013,Manufacturing,2964,55%,-2.5
Germany,2014,Agriculture,3266,40%,-2.5
Japan,2017,Services,1404,35%,0
Japan,2013,Manufacturing,3996,25%,4.1
China,2013,Manufacturing,3285,45%,0
France,2017,Agriculture,2754,,-2.5
Brazil,2014,Services,2439,30%,
Brazil,2022,Services,4125,30%,5.6
Germany,2015,Services,3700,40%,5.6
India,2021,Agriculture,513,40%,7.8
Germany,2020,Services,3988,,
Germany,2023,Manufacturing,1122,,5.6
France,2014,Manufacturing,523,25%,3.2
Brazil,2010,Manufacturing,988,35%,-2.5
India,2016,Agriculture,1360,40%,0
UK,2015,Services,2390,12%,-2.5
France,2011,Agriculture,3570,,3.2
Germany,2020,Services,4106,12%,5.6
Germany,2016,Agriculture,1136,45%,-2.5
UK,2015,Manufacturing,4713,,3.2
Germany,2014,Agriculture,3579,40%,
Germany,2017,Agriculture,309,25%,5.6
Germany,2014,Agriculture,1706,25%,4.1
Japan,2020,Manufacturing,3005,40%,7.8
France,2011,Agriculture,4329,40%,
USA,2015,Agriculture,3169,45%,7.8
France,2023,Manufacturing,641,25%,7.8
UK,2021,Services,1482,25%,
Germany,2010,Agriculture,2537,25%,3.2
France,2014,Manufacturing,278,,3.2
Japan,2023,Agriculture,2829,45%,0
Brazil,2015,Manufacturing,1418,,0
UK,2016,Services,1674,45%,7.8
China,2023,Services,4029,30%,-2.5
France,2011,Agriculture,789,35%,5.6
China,2010,Manufacturing,3224,25%,0
Germany,2015,Services,2697,35%,5.6
Japan,2012,Services,2120,30%,
Japan,2014,Manufacturing,4621,55%,-2.5
France,2021,Agriculture,2084,55%,7.8
UK,2020,Services,4430,25%,4.1
UK,2022,Services,1235,12%,5.6
Japan,2011,Services,639,40%,
UK,2010,Agriculture,4267,55%,7.8
Japan,2010,Services,1185,12%,4.1
France,2022,Manufacturing,3470,30%,5.6
USA,2020,Agriculture,2608,35%,-2.5
Japan,2013,Services,51,25%,0
China,2019,Manufacturing,941,40%,3.2
UK,2022,Manufacturing,4944,35%,7.8
Japan,2011,Agriculture,4774,,0
Japan,2010,Manufacturing,4606,35%,5.6
France,2015,Agriculture,3049,45%,
UK,2023,Agriculture,3603,25%,
USA,2013,Agriculture,3707,45%,0
France,2019,Manufacturing,1021,35%,3.2
USA,2022,Agriculture,4199,12%,7.8
Brazil,2021,Agriculture,3792,25%,7.8
France,2016,Manufacturing,4254,25%,0
UK,2020,Agriculture,329,55%,-2.5
India,2015,Services,1748,12%,5.6
UK,2014,Manufacturing,2937,,0
UK,2019,Manufacturing,2934,12%,-2.5
USA,2021,Manufacturing,3335,30%,7.8
USA,2022,Services,3629,35%,5.6
UK,2021,Agriculture,2301,30%,7.8
UK,2021,Manufacturing,4690,35%,3.2
UK,2021,Manufacturing,2406,35%,
USA,2011,Manufacturing,4673,55%,4.1
UK,2014,Services,1981,12%,-2.5
UK,2018,Services,3464,45%,3.2
Brazil,2018,Services,1058,12%,3.2
Germany,2011,Agriculture,4762,45%,3.2
India,2016,Agriculture,2128,25%,-2.5
China,2019,Services,4245,45%,5.6
India,2023,Agriculture,2764,40%,4.1
Germany,2013,Services,1388,25%,7.8
China,2022,Agriculture,4640,30%,5.6
France,2022,Agriculture,3739,30%,
UK,2012,Services,791,,5.6
Germany,2020,Manufacturing,783,,5.6
Brazil,2010,Manufacturing,1856,40%,7.8
France,2012,Agriculture,2428,35%,7.8
UK,2020,Agriculture,3315,40%,-2.5
USA,2018,Agriculture,1803,12%,
Japan,2023,Agriculture,1074,35%,0
Germany,2018,Agriculture,1532,12%,7.8
USA,2016,Agriculture,2615,45%,7.8
Germany,2012,Services,3604,30%,
Brazil,2022,Manufacturing,1829,30%,0
Germany,2012,Manufacturing,3766,12%,7.8
USA,2013,Services,4868,30%,5.6
Brazil,2016,Services,2166,45%,
China,2016,Manufacturing,4616,12%,7.8
India,2021,Manufacturing,2589,40%,-2.5
UK,2021,Agriculture,3015,40%,7.8
Germany,2023,Manufacturing,2810,40%,0
UK,2011,Agriculture,2504,40%,5.6
Japan,2021,Agriculture,3804,25%,0
USA,2014,Manufacturing,1995,45%,
UK,2016,Agriculture,3418,40%,7.8
USA,2016,Agriculture,2679,35%,7.8
UK,2015,Services,578,35%,4.1
India,2019,Manufacturing,4282,35%,-2.5
India,2019,Services,1521,35%,5.6
Brazil,2021,Agriculture,2085,25%,7.8
India,2017,Agriculture,4084,25%,4.1
Brazil,2012,Services,1417,55%,-2.5
India,2010,Services,1769,55%,-2.5
India,2012,Services,1091,40%,0
India,2020,Agriculture,3537,55%,5.6
USA,2011,Manufacturing,609,,3.2
Germany,2011,Agriculture,1614,40%,
Brazil,2023,Services,3274,55%,4.1
UK,2023,Manufacturing,1850,12%,-2.5
India,2011,Services,3320,,3.2
USA,2014,Agriculture,1861,45%,0
USA,2022,Manufacturing,3131,35%,-2.5
USA,2010,Manufacturing,4312,12%,
Brazil,2019,Agriculture,196,,5.6
Germany,2013,Services,3878,40%,3.2
Brazil,2023,Services,4590,25%,5.6
UK,2019,Services,2167,35%,3.2
Germany,2014,Agriculture,2713,45%,4.1
China,2011,Services,368,45%,0
France,2014,Manufacturing,4019,40%,-2.5
USA,2019,Services,4181,40%,-2.5
Brazil,2013,Services,304,25%,0
China,2017,Manufacturing,1386,35%,
Japan,2010,Manufacturing,384,55%,
Brazil,2021,Services,3141,35%,7.8
India,2014,Manufacturing,4443,35%,3.2
France,2023,Agriculture,1094,45%,
India,2023,Manufacturing,4623,30%,
Germany,2020,Agriculture,1841,25%,3.2
France,2021,Manufacturing,2569,35%,7.8
Brazil,2019,Agriculture,1011,12%,0
UK,2010,Agriculture,3799,12%,5.6
China,2019,Services,4615,40%,5.6
UK,2019,Manufacturing,2864,25%,0
Brazil,2013,Manufacturing,639,55%,5.6
Germany,2017,Manufacturing,2038,,0
India,2010,Agriculture,2889,35%,3.2
France,2020,Services,3915,,4.1
UK,2011,Manufacturing,2483,35%,3.2
Brazil,2010,Services,3039,45%,4.1
UK,2020,Services,3998,35%,7.8
Brazil,2016,Agriculture,4591,,4.1
India,2011,Manufacturing,2010,55%,
France,2010,Services,4244,35%,0
China,2021,Manufacturing,704,35%,
India,2015,Manufacturing,1128,40%,5.6
UK,2015,Manufacturing,3124,45%,0
China,2019,Services,1405,30%,-2.5
Brazil,2011,Agriculture,1508,30%,7.8
China,2010,Agriculture,3332,12%,-2.5
Brazil,2023,Services,4962,12%,7.8
India,2019,Manufacturing,4806,40%,7.8
UK,2012,Manufacturing,4745,55%,7.8
Germany,2019,Agriculture,969,25%,4.1
UK,2023,Services,1796,25%,-2.5
Brazil,2014,Services,1808,45%,7.8
USA,2015,Agriculture,1881,,0
France,2012,Services,1221,,0
Japan,2018,Services,3328,35%,-2.5
Germany,2020,Agriculture,409,30%,4.1
China,2014,Agriculture,3860,30%,4.1
Germany,2022,Services,1490,45%,3.2
France,2011,Services,2969,,3.2
China,2019,Agriculture,1769,12%,-2.5
France,2015,Agriculture,3303,40%,4.1
China,2021,Manufacturing,605,55%,7.8
Germany,2017,Services,1283,30%,7.8
China,2020,Services,3970,30%,7.8
China,2015,Agriculture,4089,25%,-2.5
USA,2013,Agriculture,2347,40%,7.8
UK,2015,Manufacturing,1585,35%,0
UK,2017,Manufacturing,4108,40%,7.8
Japan,2017,Agriculture,3352,25%,-2.5
Japan,2022,Services,959,12%,7.8
Brazil,2019,Manufacturing,2011,35%,0
Brazil,2011,Agriculture,61,12%,
Brazil,2017,Agriculture,1029,25%,-2.5
USA,2015,Agriculture,322,25%,3.2
Japan,2011,Services,4633,12%,-2.5
France,2010,Agriculture,2047,35%,5.6
Brazil,2015,Agriculture,4683,12%,3.2
Brazil,2022,Services,1738,35%,3.2
Germany,2016,Agriculture,1645,45%,-2.5
India,2023,Agriculture,3292,45%,5.6
France,2023,Manufacturing,4733,35%,3.2
Brazil,2019,Agriculture,1765,12%,
Brazil,2014,Services,4388,40%,7.8
Brazil,2023,Manufacturing,1251,40%,5.6
India,2019,Agriculture,2895,35%,5.6
India,2017,Services,306,30%,
USA,2020,Agriculture,359,25%,
France,2022,Manufacturing,2613,30%,-2.5
USA,2021,Services,3467,40%,-2.5
China,2018,Manufacturing,1138,12%,-2.5
India,2013,Services,4781,,5.6
Germany,2016,Services,4942,35%,0
Japan,2017,Agriculture,1226,25%,-2.5
Germany,2022,Services,3147,55%,0
Japan,2015,Services,3280,25%,3.2
India,2011,Agriculture,1774,,7.8
India,2016,Services,2678,35%,
India,2022,Services,4224,12%,7.8
USA,2018,Services,3349,12%,0
France,2014,Services,1400,45%,
Japan,2011,Agriculture,669,,5.6
France,2013,Agriculture,2598,35%,4.1
USA,2012,Manufacturing,1428,25%,7.8
USA,2013,Services,4108,25%,0
UK,2019,Agriculture,1027,,-2.5
Germany,2016,Services,1587,35%,0
Germany,2019,Agriculture,3822,25%,3.2
China,2017,Manufacturing,3628,40%,
Brazil,2010,Services,2583,55%,0
USA,2022,Manufacturing,527,,-2.5
Japan,2017,Manufacturing,3704,45%,4.1
UK,2014,Manufacturing,1944,12%,0
UK,2021,Agriculture,2430,30%,-2.5
Brazil,2016,Services,1682,25%,
France,2020,Agriculture,2090,55%,-2.5
Brazil,2020,Agriculture,1615,35%,3.2
Brazil,2010,Services,4175,25%,3.2
Brazil,2011,Services,4872,,7.8
Germany,2010,Services,4318,35%,4.1
USA,2014,Services,2889,30%,-2.5
China,2023,Agriculture,517,55%,-2.5
USA,2023,Services,3597,55%,4.1
France,2015,Services,2025,40%,4.1
India,2019,Services,3438,12%,-2.5
Brazil,2018,Manufacturing,4270,35%,7.8
USA,2017,Services,2793,45%,5.6
France,2016,Services,2624,30%,3.2
India,2021,Agriculture,1469,12%,3.2
India,2014,Manufacturing,1927,35%,-2.5
Brazil,2023,Agriculture,1076,40%,7.8
China,2012,Manufacturing,4681,35%,-2.5
Japan,2018,Agriculture,650,40%,3.2
Germany,2022,Agriculture,3642,55%,
USA,2014,Services,1037,,7.8
India,2012,Services,655,55%,0
USA,2012,Manufacturing,2797,35%,3.2
Japan,2012,Manufacturing,188,,0
Germany,2023,Manufacturing,2107,,5.6
Japan,2015,Services,3636,55%,0
Germany,2010,Agriculture,4275,40%,7.8
UK,2020,Manufacturing,4546,40%,0
Germany,2013,Services,1294,40%,5.6
Brazil,2022,Services,691,35%,3.2
China,2017,Agriculture,486,35%,5.6
Japan,2012,Agriculture,1473,,7.8
India,2014,Services,1186,12%,
Brazil,2011,Agriculture,3771,12%,
UK,2011,Agriculture,3339,45%,0
China,2020,Services,107,12%,0
USA,2022,Manufacturing,1186,25%,7.8
Brazil,2016,Manufacturing,749,30%,-2.5
Japan,2019,Services,1195,25%,7.8
France,2012,Manufacturing,2505,55%,4.1
France,2014,Services,1158,,4.1
India,2012,Services,4545,25%,7.8
Germany,2015,Agriculture,157,12%,5.6
India,2022,Manufacturing,2034,,5.6
France,2019,Services,4297,30%,7.8
USA,2012,Manufacturing,955,45%,3.2
UK,2017,Manufacturing,4995,35%,0
UK,2011,Manufacturing,2042,45%,7.8
Japan,2012,Services,4172,30%,-2.5
UK,2017,Agriculture,4264,12%,0
Japan,2017,Manufacturing,4868,30%,4.1
Brazil,2010,Services,2197,12%,3.2
Japan,2017,Manufacturing,4148,30%,7.8
Brazil,2019,Agriculture,855,12%,
Japan,2011,Manufacturing,2042,55%,3.2
France,2021,Services,3650,25%,
France,2016,Manufacturing,4449,30%,0
Germany,2015,Manufacturing,4322,12%,-2.5
Brazil,2011,Manufacturing,4060,30%,0
China,2014,Agriculture,133,35%,
Brazil,2016,Manufacturing,4408,25%,
Japan,2017,Services,3370,25%,0
Japan,2012,Manufacturing,2555,55%,
China,2010,Manufacturing,2506,45%,7.8
India,2022,Manufacturing,3112,,4.1
Japan,2016,Agriculture,3902,25%,4.1
Germany,2022,Services,4947,25%,0
UK,2014,Manufacturing,437,12%,7.8
UK,2014,Services,2053,35%,7.8
USA,2016,Services,1081,12%,
USA,2010,Agriculture,1590,35%,
UK,2017,Services,499,25%,4.1
UK,2021,Manufacturing,3597,35%,4.1
France,2023,Agriculture,4487,12%,3.2
Germany,2019,Agriculture,1146,12%,
China,2014,Services,909,45%,4.1
USA,2017,Agriculture,351,30%,-2.5
France,2019,Services,2069,55%,7.8
France,2019,Services,930,45%,5.6
China,2014,Agriculture,2331,25%,
France,2021,Manufacturing,4211,35%,
Brazil,2016,Services,279,12%,3.2
Germany,2019,Agriculture,971,12%,7.8
UK,2012,Agriculture,1882,30%,4.1
Japan,2011,Services,100,12%,7.8
China,2015,Services,3728,30%,3.2
UK,2014,Services,4532,,0
UK,2018,Services,3831,12%,7.8
India,2019,Manufacturing,802,,-2.5
Brazil,2013,Manufacturing,1528,25%,7.8
China,2020,Manufacturing,2138,55%,3.2
France,2012,Manufacturing,3043,30%,5.6
Japan,2018,Agriculture,3845,45%,3.2
China,2017,Services,3390,,3.2
France,2015,Agriculture,2393,45%,-2.5
UK,2010,Agriculture,1288,30%,0
Japan,2023,Manufacturing,4570,,4.1
France,2019,Agriculture,2286,12%,-2.5
Germany,2022,Manufacturing,4306,12%,4.1
France,2021,Services,2478,35%,-2.5
India,2020,Manufacturing,4389,12%,7.8
Brazil,2010,Services,232,45%,5.6
UK,2021,Manufacturing,593,35%,3.2
France,2015,Agriculture,2876,40%,-2.5
Brazil,2022,Agriculture,142,35%,4.1
USA,2012,Manufacturing,2465,12%,-2.5
USA,2012,Services,4304,40%,
Brazil,2015,Services,2495,40%,0
Brazil,2022,Manufacturing,4583,35%,0
India,2012,Agriculture,4451,55%,
Germany,2022,Services,3082,12%,5.6
UK,2020,Manufacturing,2023,55%,3.2
China,2019,Services,3339,12%,-2.5
India,2015,Agriculture,2426,,7.8
Germany,2014,Services,4488,55%,
Brazil,2013,Manufacturing,3284,30%,0
China,2017,Services,1183,40%,-2.5
Brazil,2011,Services,3688,12%,7.8
Brazil,2021,Agriculture,2447,30%,-2.5
USA,2023,Agriculture,2823,30%,5.6
USA,2020,Agriculture,4510,45%,
China,2016,Agriculture,1970,,5.6
India,2013,Manufacturing,2112,,7.8
USA,2011,Services,2250,,0
UK,2016,Services,4677,30%,
Brazil,2022,Services,3064,12%,5.6
Japan,2010,Services,3521,45%,0
France,2013,Manufacturing,518,25%,7.8
China,2018,Agriculture,1394,,
China,2023,Services,928,25%,4.1
USA,2013,Services,4512,12%,7.8
India,2021,Agriculture,3959,30%,-2.5
Brazil,2022,Agriculture,3857,,7.8
UK,2012,Services,4786,45%,-2.5
India,2019,Agriculture,2991,45%,0
Germany,2019,Services,3395,,4.1
Germany,2011,Services,638,40%,
Japan,2023,Services,3933,35%,4.1
USA,2012,Services,1379,35%,-2.5
USA,2010,Services,141,,
USA,2019,Services,507,30%,0
Japan,2017,Agriculture,3391,40%,5.6
Germany,2010,Manufacturing,1934,55%,0
India,2012,Manufacturing,3171,35%,4.1
Japan,2023,Services,2089,12%,3.2
Japan,2012,Agriculture,1453,35%,-2.5
India,2022,Services,3753,35%,5.6
USA,2011,Agriculture,4532,40%,0
UK,2023,Services,2031,12%,7.8
India,2014,Services,1842,12%,4.1
Germany,2019,Manufacturing,4516,40%,-2.5
China,2012,Agriculture,2281,55%,0
Brazil,2012,Agriculture,821,45%,5.6
China,2017,Manufacturing,254,35%,
France,2013,Manufacturing,2269,30%,4.1
France,2013,Manufacturing,4970,,4.1
Japan,2012,Manufacturing,271,,7.8
Brazil,2020,Agriculture,1241,25%,
China,2010,Agriculture,3365,45%,-2.5
UK,2017,Manufacturing,3339,12%,4.1
USA,2010,Services,1648,,5.6
Germany,2016,Services,1958,40%,4.1
France,2014,Services,4312,35%,7.8
UK,2013,Services,1592,55%,
Germany,2013,Agriculture,191,40%,3.2
Germany,2017,Agriculture,139,30%,7.8
USA,2020,Agriculture,4035,25%,
Brazil,2020,Services,4456,45%,-2.5
Japan,2022,Manufacturing,2313,35%,3.2
China,2023,Services,3562,30%,0
USA,2015,Agriculture,3756,12%,3.2
UK,2023,Services,1259,45%,3.2
Japan,2021,Manufacturing,3274,40%,3.2
UK,2010,Manufacturing,4906,40%,4.1
Japan,2023,Services,1409,25%,4.1
Brazil,2019,Agriculture,1588,30%,7.8
France,2017,Agriculture,198,12%,3.2
UK,2022,Agriculture,4860,25%,3.2
USA,2023,Services,1475,35%,4.1
Japan,2011,Agriculture,1767,45%,0
Japan,2015,Services,1404,55%,3.2
Germany,2018,Agriculture,2455,40%,
Germany,2010,Manufacturing,2685,35%,7.8
India,2015,Manufacturing,2413,,5.6
UK,2017,Agriculture,2982,35%,4.1
Germany,2019,Services,3157,55%,5.6
India,2022,Agriculture,1551,55%,7.8
France,2011,Services,1501,,7.8
France,2014,Manufacturing,499,,3.2
Germany,2015,Services,1885,12%,7.8
UK,2014,Agriculture,4235,25%,3.2
Japan,2012,Manufacturing,2638,35%,-2.5
China,2013,Services,4321,12%,0
Brazil,2016,Services,1493,,0
UK,2013,Manufacturing,2998,12%,0
Brazil,2018,Agriculture,3985,35%,4.1
USA,2020,Manufacturing,3759,25%,-2.5
France,2021,Agriculture,3292,55%,0
Germany,2023,Agriculture,1339,35%,3.2
Germany,2022,Services,553,25%,
Brazil,2022,Agriculture,3147,55%,5.6
Japan,2019,Agriculture,2197,40%,0
Brazil,2011,Manufacturing,1515,40%,4.1
USA,2014,Manufacturing,4570,40%,0
Japan,2017,Agriculture,1947,45%,3.2
USA,2023,Services,3766,35%,
China,2014,Manufacturing,700,40%,3.2
France,2019,Services,3312,,0
Germany,2021,Manufacturing,1260,30%,7.8
Germany,2017,Manufacturing,2237,35%,-2.5
China,2017,Agriculture,3870,,4.1
India,2018,Manufacturing,418,25%,5.6
France,2019,Manufacturing,2394,12%,5.6
Japan,2015,Services,3321,12%,4.1
China,2021,Manufacturing,2893,30%,-2.5
Japan,2013,Manufacturing,3500,25%,4.1
Brazil,2021,Services,3201,35%,0
UK,2020,Agriculture,3568,35%,0
Germany,2012,Agriculture,4404,,0
Japan,2021,Manufacturing,1686,30%,0
USA,2023,Manufacturing,3910,35%,0
Japan,2014,Services,1194,45%,
UK,2015,Agriculture,3176,,5.6
France,2012,Agriculture,67,30%,0
Germany,2011,Agriculture,1706,12%,3.2
Brazil,2016,Services,4255,30%,7.8
China,2020,Services,4476,30%,0
Brazil,2014,Services,1646,40%,
UK,2018,Manufacturing,995,45%,3.2
Germany,2012,Agriculture,1337,35%,5.6
Japan,2023,Manufacturing,317,40%,3.2
France,2017,Manufacturing,484,12%,-2.5
India,2015,Services,2085,40%,-2.5
France,2013,Agriculture,2547,,3.2
India,2021,Manufacturing,3258,35%,0
USA,2021,Agriculture,1663,,0
France,2018,Manufacturing,768,35%,
Germany,2014,Services,4028,25%,0
India,2019,Manufacturing,2281,12%,
China,2015,Services,3722,30%,3.2
Germany,2023,Agriculture,790,35%,-2.5
China,2022,Manufacturing,854,55%,-2.5
France,2018,Manufacturing,4562,55%,5.6
China,2016,Services,4936,40%,4.1
India,2021,Services,3821,40%,
Germany,2014,Agriculture,1776,,4.1
Japan,2011,Services,3562,35%,-2.5
UK,2013,Agriculture,1148,40%,-2.5
India,2011,Manufacturing,2671,25%,7.8
India,2012,Agriculture,3855,,-2.5
Japan,2019,Agriculture,3060,35%,3.2
Germany,2021,Agriculture,3033,40%,
Germany,2012,Manufacturing,3754,40%,0
Brazil,2013,Manufacturing,3433,30%,3.2
France,2015,Services,1894,30%,
China,2021,Agriculture,3974,55%,0
France,2012,Manufacturing,3149,12%,0
Japan,2019,Agriculture,4571,40%,5.6
France,2023,Agriculture,4931,25%,
Japan,2010,Agriculture,584,35%,-2.5
Germany,2010,Manufacturing,334,40%,5.6
China,2018,Agriculture,2719,55%,0
France,2018,Agriculture,3836,40%,4.1
India,2014,Services,1179,40%,7.8
USA,2018,Agriculture,553,12%,7.8
Brazil,2020,Services,4191,55%,4.1
UK,2016,Agriculture,586,,
India,2018,Services,111,25%,5.6
Germany,2021,Manufacturing,2433,,5.6
UK,2016,Manufacturing,260,45%,-2.5
USA,2018,Agriculture,2497,30%,5.6
USA,2011,Services,4854,35%,4.1
China,2020,Manufacturing,2444,,5.6
UK,2020,Agriculture,3319,12%,3.2
China,2017,Agriculture,426,25%,5.6
India,2016,Services,1235,40%,
Japan,2015,Services,3329,30%,5.6
Japan,2014,Agriculture,3548,30%,
Japan,2013,Services,2897,40%,4.1
UK,2016,Services,836,25%,
Japan,2012,Manufacturing,782,40%,3.2
India,2017,Services,3918,40%,0
China,2011,Agriculture,2749,45%,
UK,2010,Services,4667,45%,4.1
China,2020,Agriculture,2208,30%,4.1
UK,2011,Agriculture,3670,35%,0
China,2018,Services,3714,,3.2
USA,2014,Services,2705,35%,-2.5
China,2020,Services,1128,,5.6
Japan,2017,Manufacturing,3344,,
USA,2012,Manufacturing,3696,40%,-2.5
China,2016,Services,4669,25%,7.8
UK,2011,Agriculture,2243,,-2.5
UK,2017,Services,2361,35%,4.1
Brazil,2023,Manufacturing,4613,30%,5.6
UK,2016,Manufacturing,1634,35%,0
Germany,2021,Services,3056,45%,5.6
India,2014,Agriculture,4094,25%,
UK,2021,Agriculture,1260,30%,5.6
USA,2020,Manufacturing,3464,30%,5.6
Brazil,2013,Manufacturing,2036,55%,-2.5
UK,2010,Manufacturing,3220,55%,4.1
Germany,2014,Agriculture,2776,30%,0
Japan,2021,Manufacturing,1798,12%,0
USA,2018,Manufacturing,807,45%,
Germany,2019,Agriculture,1227,12%,-2.5
Japan,2013,Manufacturing,968,25%,-2.5
France,2022,Manufacturing,1169,40%,-2.5
France,2018,Services,755,55%,7.8
USA,2021,Manufacturing,4979,40%,7.8
China,2011,Services,3480,55%,5.6
India,2013,Manufacturing,2911,30%,
Brazil,2018,Manufacturing,4544,55%,7.8
India,2013,Services,1857,12%,4.1
Germany,2014,Manufacturing,1449,40%,-2.5
Japan,2020,Services,2699,35%,-2.5
India,2017,Manufacturing,4473,12%,-2.5
Japan,2010,Services,1345,40%,0
Japan,2010,Services,1670,55%,
Germany,2018,Manufacturing,2492,45%,4.1
Germany,2018,Manufacturing,2645,45%,0
Germany,2013,Services,4222,,7.8
India,2022,Agriculture,1122,40%,4.1
France,2011,Manufacturing,4125,12%,3.2
Germany,2022,Manufacturing,1499,30%,3.2
Brazil,2018,Agriculture,3992,,-2.5
India,2023,Agriculture,1821,,0
Germany,2013,Services,1067,12%,
UK,2015,Manufacturing,3742,,5.6
Japan,2021,Services,4274,25%,7.8
Brazil,2010,Manufacturing,568,12%,0
Germany,2021,Agriculture,2401,,-2.5
USA,2018,Services,1185,,-2.5
Japan,2014,Manufacturing,2822,12%,3.2
Japan,2012,Manufacturing,961,55%,
Germany,2013,Agriculture,865,30%,4.1
France,2010,Agriculture,1023,,
China,2023,Manufacturing,2012,30%,-2.5
France,2018,Agriculture,2916,30%,4.1
Germany,2023,Agriculture,2460,35%,-2.5
Japan,2017,Services,3152,55%,5.6
Brazil,2013,Manufacturing,1850,35%,7.8
USA,2011,Services,858,55%,5.6
Brazil,2023,Agriculture,619,40%,4.1
Brazil,2018,Manufacturing,1019,55%,3.2
Japan,2013,Agriculture,4129,25%,0
France,2018,Agriculture,1929,,
USA,2019,Manufacturing,3369,30%,3.2
India,2012,Agriculture,4755,40%,
UK,2016,Services,437,30%,-2.5
Japan,2016,Manufacturing,4904,35%,7.8
Germany,2019,Agriculture,2539,55%,-2.5
India,2022,Agriculture,565,55%,7.8
UK,2013,Agriculture,3894,35%,7.8
Germany,2011,Manufacturing,2940,40%,7.8
Brazil,2020,Services,4190,25%,0
China,2018,Agriculture,1492,35%,3.2
Germany,2013,Agriculture,772,25%,4.1
USA,2017,Agriculture,805,40%,
USA,2023,Manufacturing,2300,25%,
China,2011,Agriculture,1958,45%,0
India,2017,Agriculture,2636,25%,4.1
UK,2020,Agriculture,435,45%,0
Germany,2019,Manufacturing,3065,,0
USA,2014,Services,4505,12%,5.6
India,2016,Manufacturing,4137,25%,5.6
China,2016,Services,1541,35%,5.6
France,2021,Services,2017,45%,4.1
Japan,2018,Manufacturing,4350,40%,0
France,2012,Agriculture,3368,40%,-2.5
France,2019,Services,3088,12%,4.1
USA,2013,Agriculture,1122,,5.6
Brazil,2019,Services,4511,12%,5.6
Brazil,2013,Agriculture,2350,25%,4.1
China,2022,Agriculture,818,35%,4.1
Germany,2019,Manufacturing,2729,25%,0
Brazil,2014,Agriculture,1036,55%,3.2
France,2023,Services,4562,30%,-2.5
Brazil,2015,Agriculture,3156,12%,7.8
France,2012,Agriculture,2409,55%,4.1
UK,2022,Agriculture,246,55%,7.8
USA,2013,Services,3094,45%,
USA,2012,Services,2357,40%,4.1
Germany,2011,Services,1439,55%,-2.5
Brazil,2019,Agriculture,3608,12%,0
Brazil,2021,Manufacturing,2631,12%,4.1
Japan,2018,Services,2121,30%,3.2
India,2010,Agriculture,3040,30%,3.2
UK,2011,Services,1719,30%,7.8
USA,2017,Manufacturing,1467,35%,3.2
UK,2016,Agriculture,2776,25%,7.8
USA,2021,Services,4182,35%,
UK,2010,Services,2919,35%,5.6
China,2014,Manufacturing,1636,40%,
France,2019,Services,4717,25%,0
USA,2015,Agriculture,4452,12%,3.2
UK,2014,Agriculture,4450,45%,0
Brazil,2013,Manufacturing,2276,40%,5.6
India,2023,Manufacturing,3786,30%,-2.5
China,2022,Manufacturing,981,30%,-2.5
China,2010,Agriculture,1592,30%,-2.5
India,2016,Manufacturing,2042,55%,7.8
UK,2018,Services,3756,30%,7.8
Brazil,2015,Services,4109,45%,-2.5
Germany,2012,Agriculture,3599,55%,5.6
India,2019,Services,3194,30%,
UK,2023,Manufacturing,4942,25%,4.1
India,2013,Services,1584,25%,7.8
India,2019,Manufacturing,3186,35%,
USA,2014,Services,4892,,
UK,2021,Agriculture,2724,,-2.5
Germany,2021,Manufacturing,4598,25%,0
France,2010,Services,4976,55%,-2.5
USA,2014,Agriculture,4903,,4.1
India,2010,Services,910,45%,-2.5
France,2018,Agriculture,1602,40%,4.1
Japan,2016,Services,4964,45%,0
France,2012,Manufacturing,1442,45%,
India,2018,Manufacturing,1929,,7.8
India,2011,Manufacturing,430,40%,
Brazil,2021,Manufacturing,698,45%,0
UK,2016,Manufacturing,4391,35%,4.1
UK,2018,Services,3671,,7.8
USA,2015,Services,4710,45%,5.6
Germany,2019,Services,3467,55%,7.8
USA,2014,Services,870,30%,4.1
China,2021,Manufacturing,521,30%,4.1
India,2016,Agriculture,2066,35%,3.2
France,2023,Manufacturing,171,40%,7.8
Japan,2015,Services,4926,35%,3.2
India,2014,Manufacturing,2845,,7.8
India,2023,Manufacturing,4266,35%,4.1
USA,2011,Manufacturing,2236,25%,0
Japan,2017,Agriculture,2184,35%,7.8
Japan,2022,Manufacturing,2227,55%,-2.5
Japan,2016,Manufacturing,2349,40%,7.8
USA,2015,Agriculture,1433,,0
India,2014,Manufacturing,3551,,0
USA,2014,Manufacturing,4192,45%,7.8
UK,2018,Manufacturing,2018,40%,4.1
UK,2010,Manufacturing,3712,25%,7.8
USA,2018,Manufacturing,1883,45%,7.8
Japan,2015,Services,3997,12%,
Brazil,2013,Manufacturing,2522,25%,
India,2019,Agriculture,4876,40%,5.6
USA,2023,Manufacturing,4256,55%,4.1
USA,2016,Services,1300,25%,3.2
USA,2018,Agriculture,3160,35%,7.8
Brazil,2014,Agriculture,184,25%,7.8
Brazil,2023,Manufacturing,659,35%,3.2
China,2014,Services,1107,45%,-2.5
UK,2017,Manufacturing,3084,25%,5.6
France,2016,Services,2038,25%,5.6
Japan,2022,Services,3824,55%,-2.5
Germany,2022,Manufacturing,2296,30%,3.2
Brazil,2017,Services,4705,12%,4.1
France,2020,Manufacturing,308,25%,3.2
Brazil,2021,Services,3950,45%,0
Japan,2019,Agriculture,965,35%,3.2
Germany,2011,Manufacturing,3992,30%,
China,2018,Services,287,45%,4.1
USA,2012,Agriculture,3405,40%,5.6
China,2015,Agriculture,737,,4.1
Brazil,2015,Agriculture,1208,,
China,2011,Agriculture,2179,55%,0
France,2021,Manufacturing,644,,7.8
India,2022,Services,2751,25%,7.8
Brazil,2016,Agriculture,1800,40%,7.8
Brazil,2018,Services,452,12%,0
France,2021,Services,871,30%,5.6
UK,2019,Services,3888,12%,3.2
Germany,2020,Manufacturing,2285,25%,0
USA,2010,Manufacturing,2590,12%,4.1
France,2017,Agriculture,2352,45%,5.6
Germany,2011,Services,1747,35%,4.1
Japan,2023,Manufacturing,3978,25%,3.2
Germany,2010,Manufacturing,1663,,-2.5
Japan,2017,Manufacturing,4630,30%,5.6
France,2011,Agriculture,3729,35%,
Brazil,2015,Manufacturing,3602,12%,
Brazil,2015,Services,2277,30%,-2.5
UK,2014,Manufacturing,3728,55%,4.1
France,2017,Manufacturing,1514,40%,7.8
Japan,2012,Agriculture,4789,35%,4.1
Germany,2022,Services,4932,40%,7.8
Germany,2019,Manufacturing,3150,40%,5.6
Japan,2013,Services,4163,55%,
China,2016,Services,2006,30%,-2.5
UK,2016,Manufacturing,4143,45%,0
India,2022,Agriculture,4901,55%,3.2
Brazil,2021,Services,736,35%,7.8
USA,2023,Manufacturing,2086,35%,7.8
Germany,2017,Services,3629,25%,7.8
USA,2011,Services,650,,7.8
India,2020,Services,1093,55%,
France,2021,Manufacturing,1429,45%,5.6
USA,2011,Services,4578,25%,
India,2013,Services,1091,25%,5.6
Brazil,2022,Agriculture,1623,45%,-2.5
Japan,2019,Manufacturing,4521,25%,0
China,2022,Manufacturing,1413,45%,-2.5
Brazil,2018,Services,1060,12%,
Germany,2019,Agriculture,4861,25%,
India,2021,Services,1306,35%,0
USA,2018,Services,1177,12%,5.6
Germany,2022,Manufacturing,1073,25%,7.8
China,2022,Agriculture,3744,45%,-2.5
Japan,2013,Services,2834,12%,0
France,2018,Manufacturing,4366,,3.2
Germany,2023,Services,1099,12%,0
France,2012,Services,2351,35%,-2.5
India,2021,Agriculture,4971,25%,4.1
China,2014,Agriculture,1204,25%,5.6
USA,2019,Agriculture,79,45%,7.8
China,2018,Services,836,12%,3.2
China,2015,Agriculture,4155,35%,4.1
UK,2012,Manufacturing,3210,45%,-2.5
China,2019,Services,1220,,5.6
China,2018,Agriculture,3248,30%,0
Brazil,2015,Services,2795,45%,5.6
Germany,2013,Services,1414,35%,5.6
USA,2023,Manufacturing,1591,25%,7.8
Brazil,2013,Manufacturing,4196,35%,-2.5
Brazil,2017,Manufacturing,4543,25%,
Germany,2016,Services,363,55%,5.6
Germany,2010,Services,2745,12%,0
India,2015,Manufacturing,4659,35%,4.1
Germany,2017,Services,579,30%,4.1
UK,2012,Manufacturing,2516,,0
UK,2023,Manufacturing,2291,,7.8
Brazil,2018,Agriculture,361,40%,5.6
France,2019,Manufacturing,1045,45%,0
India,2011,Agriculture,2573,30%,
France,2023,Manufacturing,2681,25%,0
France,2015,Services,313,12%,7.8
Brazil,2021,Agriculture,3902,,5.6
Japan,2010,Services,70,12%,7.8
Brazil,2021,Services,2574,35%,4.1
USA,2020,Manufacturing,4694,45%,5.6
USA,2011,Manufacturing,1246,,0
Germany,2022,Services,3183,35%,
Germany,2014,Manufacturing,255,45%,-2.5
Japan,2010,Manufacturing,1686,55%,0
Germany,2017,Manufacturing,680,35%,-2.5
USA,2010,Services,2276,40%,5.6
France,2022,Agriculture,2439,25%,5.6
Brazil,2018,Agriculture,4585,35%,3.2
China,2019,Services,1148,35%,5.6
UK,2020,Manufacturing,339,,4.1
China,2012,Manufacturing,2654,40%,5.6
China,2021,Agriculture,257,55%,3.2
USA,2011,Services,3864,,-2.5
China,2010,Services,321,55%,5.6
Brazil,2018,Manufacturing,3728,,7.8
Japan,2013,Manufacturing,464,30%,5.6
India,2021,Manufacturing,3518,35%,5.6
Germany,2010,Services,4529,45%,0
India,2010,Agriculture,1334,55%,5.6
France,2016,Services,1712,30%,4.1
Brazil,2011,Services,4064,55%,5.6
Brazil,2016,Services,1091,45%,7.8
UK,2021,Agriculture,4140,12%,3.2
Brazil,2016,Manufacturing,2344,40%,3.2
Germany,2019,Manufacturing,3763,30%,3.2
Brazil,2023,Services,2511,55%,0
China,2018,Services,1393,55%,5.6
UK,2022,Agriculture,2812,45%,-2.5
Germany,2016,Agriculture,2278,30%,-2.5
Japan,2022,Manufacturing,3417,45%,7.8
Japan,2023,Services,993,35%,0
Japan,2010,Agriculture,4206,40%,
Japan,2021,Agriculture,4109,35%,0
China,2022,Services,215,30%,5.6
Brazil,2017,Services,1955,12%,
India,2017,Services,3106,12%,-2.5
Germany,2013,Services,1373,12%,0
China,2022,Services,4800,25%,7.8
Japan,2017,Services,400,45%,4.1
France,2013,Agriculture,2360,55%,-2.5
Brazil,2017,Services,3359,45%,4.1
India,2014,Manufacturing,981,45%,0
France,2013,Services,3888,12%,5.6
UK,2015,Manufacturing,1163,45%,5.6
France,2011,Manufacturing,2236,25%,4.1
UK,2021,Manufacturing,2039,,
UK,2011,Services,1435,55%,5.6
Japan,2011,Services,3534,30%,5.6
UK,2018,Manufacturing,1166,,-2.5
USA,2023,Services,183,12%,-2.5
Germany,2019,Agriculture,4001,40%,0
Germany,2012,Agriculture,1277,35%,7.8
Japan,2019,Agriculture,3159,40%,4.1
USA,2013,Agriculture,2554,40%,3.2
France,2019,Services,3655,,3.2
China,2021,Manufacturing,1931,55%,5.6
France,2017,Services,4583,,0
Brazil,2013,Agriculture,729,35%,3.2
China,2020,Services,2744,30%,3.2
UK,2019,Services,2719,35%,3.2
India,2019,Agriculture,1297,45%,3.2
China,2022,Manufacturing,1241,55%,4.1
India,2016,Services,1180,25%,4.1
Germany,2014,Services,1453,45%,
India,2018,Agriculture,2121,35%,3.2
Germany,2013,Manufacturing,1380,,
USA,2012,Agriculture,1431,30%,
USA,2022,Agriculture,419,55%,0
Japan,2011,Services,3844,30%,3.2
Japan,2010,Manufacturing,2540,45%,3.2
UK,2020,Agriculture,1226,55%,
China,2015,Services,425,,0
UK,2019,Agriculture,2810,12%,4.1
Germany,2011,Services,3340,25%,-2.5
UK,2017,Manufacturing,1993,25%,-2.5
India,2015,Agriculture,1007,25%,-2.5
Germany,2021,Manufacturing,860,30%,3.2
Japan,2021,Manufacturing,4972,35%,0
USA,2014,Services,1583,35%,-2.5
Japan,2022,Agriculture,4480,30%,5.6
China,2011,Agriculture,459,25%,5.6
Germany,2016,Services,103,55%,0
Germany,2011,Services,4846,12%,3.2
India,2022,Manufacturing,1148,35%,
China,2023,Agriculture,2446,,-2.5
USA,2014,Agriculture,1024,45%,3.2
France,2011,Services,4538,45%,
Germany,2020,Services,4699,35%,4.1
Germany,2019,Services,2944,25%,-2.5
India,2020,Agriculture,3329,55%,7.8
UK,2020,Agriculture,4971,12%,7.8
Brazil,2011,Manufacturing,4889,45%,3.2
USA,2016,Services,2274,35%,5.6
Japan,2018,Manufacturing,2608,30%,3.2
China,2014,Agriculture,3740,55%,-2.5
Germany,2016,Manufacturing,188,30%,3.2
Germany,2013,Manufacturing,3223,25%,3.2
Japan,2011,Manufacturing,2570,12%,-2.5
USA,2012,Services,4687,12%,5.6
Brazil,2011,Agriculture,2291,45%,7.8
UK,2014,Services,3877,30%,
Germany,2015,Manufacturing,1387,40%,-2.5
Brazil,2016,Services,4139,45%,3.2
USA,2012,Agriculture,2902,,0
Japan,2013,Agriculture,2344,35%,3.2
India,2017,Manufacturing,2727,40%,
UK,2013,Manufacturing,122,12%,3.2
China,2016,Services,2928,25%,0
Germany,2021,Agriculture,2191,25%,
USA,2015,Agriculture,4580,40%,3.2
India,2016,Services,1856,35%,0
China,2010,Agriculture,2095,12%,4.1
France,2012,Manufacturing,3552,45%,3.2
USA,2015,Manufacturing,4602,,5.6
USA,2012,Services,3551,25%,
China,2023,Services,2326,55%,7.8
India,2023,Services,2127,35%,5.6
France,2016,Manufacturing,1698,25%,-2.5
Brazil,2018,Services,384,55%,-2.5
Brazil,2012,Agriculture,4805,40%,3.2
Japan,2023,Services,4714,55%,4.1
India,2010,Agriculture,4322,25%,-2.5
UK,2019,Manufacturing,2921,35%,4.1
Germany,2022,Agriculture,2665,55%,-2.5
China,2015,Agriculture,4922,55%,4.1
Japan,2021,Agriculture,4222,12%,3.2
France,2010,Manufacturing,982,,3.2
China,2010,Agriculture,685,,7.8
China,2023,Agriculture,3279,30%,0
India,2017,Services,1240,,3.2
Germany,2018,Services,61,12%,4.1
UK,2011,Services,4052,,7.8
Brazil,2018,Agriculture,4976,12%,5.6
USA,2014,Agriculture,1499,55%,-2.5
USA,2022,Manufacturing,498,55%,4.1
China,2017,Agriculture,2546,35%,4.1
Brazil,2016,Agriculture,476,45%,0
Brazil,2016,Manufacturing,965,30%,4.1
Germany,2013,Agriculture,3219,12%,4.1
France,2011,Manufacturing,4776,,4.1
France,2014,Manufacturing,4371,45%,
Japan,2023,Services,496,12%,5.6
India,2020,Agriculture,1960,,3.2
Germany,2020,Services,3785,40%,5.6
Germany,2012,Agriculture,2300,40%,
India,2023,Services,4820,12%,7.8
Brazil,2018,Manufacturing,2731,,3.2
France,2015,Manufacturing,1451,35%,4.1
France,2010,Manufacturing,3457,35%,4.1
Brazil,2012,Manufacturing,1093,40%,3.2
France,2021,Agriculture,3068,25%,0
China,2013,Agriculture,441,12%,7.8
Germany,2018,Services,4869,12%,-2.5
USA,2020,Agriculture,1335,40%,5.6
India,2015,Agriculture,4159,12%,
France,2013,Services,2484,30%,0
Japan,2010,Manufacturing,691,35%,
France,2017,Services,1095,,0
France,2023,Services,4370,12%,4.1
UK,2020,Manufacturing,4087,25%,3.2
China,2011,Services,3097,55%,5.6
India,2020,Services,1207,25%,0
UK,2020,Services,3299,,3.2
UK,2017,Agriculture,3677,55%,3.2
Japan,2015,Manufacturing,1593,35%,7.8
Germany,2017,Manufacturing,841,40%,3.2
Japan,2015,Services,486,,-2.5
Germany,2014,Agriculture,3564,45%,4.1
Germany,2014,Manufacturing,4726,,7.8
India,2023,Manufacturing,4832,30%,7.8
France,2023,Services,4510,35%,-2.5
India,2019,Services,4009,45%,-2.5
China,2019,Services,4414,55%,
Germany,2020,Manufacturing,1766,45%,4.1
UK,2017,Services,3686,55%,0
France,2016,Services,3414,,4.1
USA,2017,Services,4223,45%,
China,2021,Agriculture,238,55%,4.1
India,2017,Services,2768,,0
Japan,2016,Manufacturing,2455,30%,
China,2011,Services,3980,45%,-2.5
China,2020,Manufacturing,3215,55%,0
France,2018,Agriculture,952,25%,-2.5
China,2022,Agriculture,390,12%,-2.5
China,2016,Services,2931,30%,
USA,2021,Manufacturing,4556,25%,3.2
Brazil,2020,Services,693,35%,0
Japan,2015,Services,70,40%,7.8
Japan,2018,Manufacturing,3122,40%,7.8
Japan,2022,Manufacturing,727,45%,0
Germany,2010,Manufacturing,1149,40%,0
UK,2020,Manufacturing,2700,30%,0
Brazil,2011,Manufacturing,3519,,0
Japan,2022,Agriculture,4233,55%,3.2
China,2010,Agriculture,2114,30%,-2.5
China,2019,Agriculture,3450,25%,0
Japan,2021,Manufacturing,2921,25%,
France,2012,Manufacturing,2480,,0
Japan,2020,Manufacturing,2737,55%,-2.5
China,2014,Services,1466,45%,-2.5
Germany,2010,Agriculture,4455,,-2.5
India,2013,Agriculture,541,35%,
India,2023,Services,809,35%,5.6
Brazil,2022,Services,3551,,7.8
Brazil,2017,Agriculture,50,35%,
Japan,2015,Manufacturing,2138,40%,0
USA,2022,Agriculture,3706,30%,3.2
Japan,2010,Manufacturing,4817,55%,3.2
France,2021,Agriculture,261,30%,4.1
Japan,2010,Agriculture,3772,25%,-2.5
Brazil,2012,Services,3567,,3.2
India,2023,Services,2015,35%,7.8
China,2019,Manufacturing,353,30%,0
Japan,2017,Manufacturing,4836,25%,4.1
China,2020,Agriculture,3822,,3.2
China,2020,Services,1831,35%,7.8
USA,2023,Manufacturing,3275,35%,7.8
China,2017,Manufacturing,4761,,5.6
India,2022,Manufacturing,4668,45%,5.6
Germany,2012,Agriculture,2122,55%,3.2
Germany,2016,Manufacturing,857,45%,7.8
UK,2021,Manufacturing,4170,40%,-2.5
France,2012,Services,1826,25%,5.6
Japan,2013,Services,3240,40%,7.8
France,2018,Services,4092,25%,5.6
India,2022,Agriculture,4253,,0
China,2013,Services,1403,55%,4.1
Germany,2012,Services,229,35%,7.8
France,2014,Services,930,55%,7.8
India,2016,Services,1880,30%,
Germany,2014,Manufacturing,4748,35%,0
China,2013,Agriculture,4052,12%,
France,2017,Manufacturing,2850,40%,5.6
Germany,2013,Manufacturing,4313,12%,0
Japan,2011,Agriculture,272,55%,4.1
Brazil,2019,Manufacturing,4614,40%,3.2
Japan,2022,Services,4423,30%,-2.5
UK,2023,Agriculture,2287,12%,5.6
UK,2015,Manufacturing,2628,12%,4.1
Germany,2011,Manufacturing,1828,40%,7.8
Brazil,2012,Services,670,30%,3.2
India,2010,Manufacturing,1263,40%,5.6
Japan,2014,Manufacturing,4104,25%,4.1
India,2018,Manufacturing,4363,35%,4.1
Brazil,2011,Agriculture,4313,,-2.5
India,2021,Agriculture,2877,12%,7.8
Brazil,2016,Manufacturing,2290,45%,0
Germany,2014,Manufacturing,1412,30%,-2.5
India,2011,Services,2888,40%,
Japan,2017,Agriculture,2552,25%,5.6
China,2020,Agriculture,2290,35%,7.8
UK,2022,Agriculture,142,30%,5.6
China,2022,Manufacturing,1288,25%,-2.5
India,2015,Services,4658,45%,4.1
China,2013,Services,3520,,7.8
Japan,2022,Manufacturing,3285,35%,4.1
Japan,2013,Manufacturing,4251,55%,-2.5
India,2011,Services,2814,55%,5.6
Germany,2012,Services,3654,25%,
China,2016,Agriculture,2885,,7.8
Germany,2012,Manufacturing,3951,55%,4.1
Germany,2022,Agriculture,3284,40%,4.1
Brazil,2014,Services,3678,35%,4.1
USA,2019,Agriculture,1818,45%,4.1
India,2015,Services,3559,45%,7.8
UK,2015,Services,2951,55%,4.1
Japan,2023,Agriculture,1591,12%,4.1
Japan,2013,Manufacturing,2141,12%,7.8
India,2015,Agriculture,2700,,5.6
Brazil,2012,Agriculture,1781,30%,3.2
France,2016,Manufacturing,141,12%,
France,2016,Manufacturing,4904,55%,5.6
France,2013,Agriculture,780,30%,0
Brazil,2011,Services,4482,55%,3.2
UK,2020,Agriculture,3864,55%,5.6
Japan,2016,Services,749,40%,0
India,2012,Manufacturing,3064,30%,4.1
Brazil,2010,Manufacturing,2361,35%,-2.5
Japan,2011,Services,2066,30%,0
Germany,2019,Agriculture,3540,12%,
China,2018,Manufacturing,1027,25%,7.8
China,2021,Services,4260,,
Brazil,2017,Services,1308,35%,3.2
Japan,2023,Agriculture,3905,,5.6
USA,2015,Services,1347,,4.1
UK,2023,Services,2028,35%,
France,2015,Agriculture,4179,55%,5.6
UK,2023,Manufacturing,1782,30%,7.8
UK,2010,Manufacturing,2992,55%,3.2
Brazil,2011,Manufacturing,2559,35%,3.2
Germany,2013,Services,498,55%,
UK,2012,Services,1287,12%,7.8
China,2023,Agriculture,4550,35%,3.2
Germany,2010,Services,382,40%,7.8
India,2017,Services,4373,40%,0
UK,2016,Manufacturing,215,,
UK,2013,Services,4730,40%,4.1
India,2021,Services,4882,35%,7.8
UK,2021,Services,4743,40%,5.6
India,2018,Agriculture,4738,35%,-2.5
Germany,2020,Services,4077,55%,0
China,2023,Agriculture,2824,40%,
India,2013,Manufacturing,1749,30%,
USA,2010,Services,1463,35%,
Brazil,2019,Agriculture,1496,30%,5.6
Brazil,2010,Manufacturing,3532,30%,0
India,2010,Services,4794,25%,5.6
Brazil,2010,Agriculture,1737,25%,4.1
UK,2013,Agriculture,496,12%,3.2
France,2010,Manufacturing,3524,35%,7.8
France,2011,Services,146,40%,5.6
Brazil,2013,Services,2476,30%,5.6
Germany,2016,Services,2767,35%,4.1
Japan,2011,Agriculture,3307,30%,3.2
Germany,2017,Services,4776,,4.1
Japan,2022,Agriculture,552,55%,-2.5
France,2016,Agriculture,4433,,4.1
France,2018,Manufacturing,4514,40%,-2.5
India,2023,Agriculture,114,45%,7.8
China,2015,Manufacturing,4307,,3.2
USA,2013,Manufacturing,711,40%,4.1
Germany,2015,Services,3539,45%,4.1
UK,2013,Manufacturing,530,40%,0
Japan,2016,Services,4712,35%,5.6
Brazil,2018,Manufacturing,3311,12%,7.8
UK,2012,Agriculture,455,25%,-2.5
China,2012,Services,4910,35%,0
Japan,2011,Agriculture,3610,35%,
Germany,2010,Services,3433,12%,3.2
India,2023,Agriculture,3717,12%,
UK,2010,Manufacturing,1167,45%,5.6
China,2022,Services,2487,40%,
Germany,2012,Services,3532,35%,
France,2023,Services,3759,40%,5.6
France,2016,Manufacturing,3490,35%,-2.5
Germany,2020,Agriculture,791,55%,
Germany,2018,Manufacturing,3289,25%,4.1
Germany,2023,Manufacturing,2971,55%,-2.5
Japan,2011,Manufacturing,1881,30%,7.8
Germany,2016,Agriculture,4188,55%,
UK,2010,Manufacturing,960,25%,
China,2011,Services,4062,35%,5.6
Japan,2015,Manufacturing,4752,45%,5.6
Germany,2020,Agriculture,1468,30%,
USA,2014,Services,4864,40%,
Brazil,2017,Agriculture,4359,25%,4.1
USA,2021,Manufacturing,4088,12%,5.6
China,2020,Agriculture,3689,35%,5.6
France,2011,Services,3495,25%,0
India,2010,Agriculture,181,25%,3.2
India,2016,Services,2106,,0
Brazil,2015,Services,202,40%,
France,2017,Manufacturing,2528,25%,3.2
Japan,2020,Manufacturing,532,30%,0
Japan,2022,Services,354,45%,7.8
Japan,2023,Agriculture,2569,55%,3.2
India,2017,Services,1042,55%,5.6
USA,2011,Manufacturing,2287,,3.2
India,2023,Agriculture,2609,25%,5.6
UK,2017,Services,4488,25%,7.8
Germany,2015,Manufacturing,764,55%,4.1
Japan,2018,Services,1759,45%,
USA,2021,Services,1107,30%,4.1
China,2016,Services,520,35%,3.2
Brazil,2011,Agriculture,3515,55%,-2.5
China,2017,Manufacturing,790,25%,5.6
Germany,2018,Manufacturing,3616,45%,3.2
USA,2016,Services,562,40%,0
India,2013,Services,3443,45%,4.1
India,2018,Services,3335,40%,3.2
UK,2013,Agriculture,3887,,5.6
UK,2021,Manufacturing,2242,25%,-2.5
India,2013,Services,4704,30%,-2.5
China,2018,Manufacturing,4937,12%,4.1
Brazil,2023,Services,409,45%,0
Japan,2017,Manufacturing,334,55%,7.8
China,2013,Services,3366,30%,-2.5
Brazil,2023,Agriculture,3327,12%,
UK,2017,Services,2681,,7.8
Germany,2017,Services,1807,35%,5.6
Brazil,2016,Services,2824,55%,3.2
India,2019,Services,1572,,7.8
UK,2022,Services,1295,40%,
UK,2015,Manufacturing,1462,,5.6
Japan,2017,Manufacturing,4888,,5.6
India,2016,Agriculture,1466,25%,4.1
Japan,2014,Services,407,12%,5.6
India,2021,Manufacturing,3515,,
Japan,2022,Manufacturing,4185,,0
Brazil,2022,Services,2999,,
China,2013,Services,3191,55%,0
Germany,2023,Agriculture,2926,30%,7.8
Germany,2021,Agriculture,4603,,5.6
India,2011,Manufacturing,246,45%,7.8
USA,2020,Agriculture,1924,25%,-2.5
France,2017,Manufacturing,987,12%,7.8
UK,2018,Agriculture,2244,45%,3.2
UK,2013,Services,3580,,5.6
India,2013,Agriculture,4175,30%,7.8
Brazil,2014,Manufacturing,439,40%,0
Japan,2011,Agriculture,2976,30%,3.2
USA,2016,Manufacturing,396,25%,7.8
China,2014,Manufacturing,2894,30%,7.8
Japan,2015,Agriculture,168,25%,4.1
Japan,2013,Agriculture,4665,30%,7.8
India,2017,Manufacturing,1288,30%,
India,2017,Services,2830,12%,
Brazil,2021,Agriculture,2177,12%,
UK,2014,Manufacturing,2516,30%,0
India,2021,Services,633,12%,7.8
India,2015,Manufacturing,2809,55%,
India,2012,Agriculture,1758,40%,-2.5
Brazil,2010,Manufacturing,2754,25%,-2.5
UK,2018,Manufacturing,4887,,-2.5
China,2018,Manufacturing,721,35%,7.8
China,2012,Agriculture,1821,45%,3.2
France,2013,Services,1735,12%,4.1
France,2022,Services,2127,25%,4.1
India,2016,Services,2535,40%,0
France,2011,Services,1746,,-2.5
UK,2021,Agriculture,3651,45%,-2.5
Brazil,2012,Manufacturing,4208,35%,
China,2015,Services,1503,45%,3.2
Japan,2020,Services,3256,30%,-2.5
China,2017,Agriculture,4302,35%,0
China,2010,Manufacturing,3040,,3.2
UK,2013,Manufacturing,4922,12%,5.6
France,2010,Services,2351,55%,0
Japan,2011,Services,3308,35%,0
UK,2017,Manufacturing,1400,12%,7.8
India,2015,Agriculture,4151,45%,5.6
Brazil,2018,Manufacturing,3999,,5.6
Germany,2011,Manufacturing,1329,40%,4.1
China,2012,Services,870,45%,3.2
Germany,2018,Agriculture,1393,45%,-2.5
Brazil,2018,Agriculture,2345,,5.6
Brazil,2022,Agriculture,53,,3.2
UK,2015,Services,2610,55%,5.6
UK,2023,Agriculture,2603,25%,
UK,2012,Agriculture,80,35%,0
Germany,2014,Services,1702,40%,
UK,2011,Manufacturing,1348,,5.6
Brazil,2016,Agriculture,4854,25%,-2.5
India,2019,Manufacturing,935,45%,3.2
UK,2020,Agriculture,1250,40%,-2.5
USA,2017,Manufacturing,3408,55%,7.8
France,2015,Manufacturing,2029,30%,-2.5
Germany,2017,Services,4893,30%,-2.5
USA,2011,Services,4088,12%,3.2
UK,2012,Agriculture,2176,55%,
Brazil,2016,Agriculture,2340,,0
India,2019,Services,3944,25%,
China,2021,Agriculture,4646,45%,5.6
Japan,2010,Agriculture,254,40%,5.6
France,2016,Services,1533,40%,4.1
Japan,2015,Manufacturing,2820,30%,3.2
UK,2017,Agriculture,4478,40%,3.2
France,2016,Services,2700,35%,
France,2013,Agriculture,4311,55%,4.1
India,2012,Agriculture,2258,25%,0
France,2012,Services,55,25%,0
Germany,2013,Services,581,30%,7.8
USA,2018,Agriculture,2142,12%,5.6
USA,2018,Agriculture,4602,35%,5.6
USA,2022,Manufacturing,276,30%,4.1
Germany,2011,Manufacturing,2149,30%,7.8
Japan,2014,Services,4616,40%,3.2
India,2010,Agriculture,946,25%,4.1
France,2013,Services,1370,35%,5.6
Germany,2011,Services,2711,45%,-2.5
USA,2017,Agriculture,2609,,3.2
UK,2013,Manufacturing,1714,30%,4.1
China,2014,Services,1575,55%,3.2
France,2020,Services,3800,25%,0
Germany,2013,Agriculture,3704,45%,
Brazil,2014,Manufacturing,2617,30%,4.1
Germany,2014,Manufacturing,4819,12%,7.8
India,2014,Agriculture,1146,35%,
India,2020,Services,3148,,
Germany,2012,Agriculture,3290,30%,3.2
USA,2016,Agriculture,2872,30%,0
China,2012,Manufacturing,2977,30%,-2.5
France,2011,Services,3664,45%,-2.5
India,2012,Services,897,35%,5.6
France,2020,Manufacturing,3666,40%,7.8
USA,2012,Services,2754,40%,7.8
France,2017,Services,3943,,0
UK,2013,Agriculture,3431,35%,5.6
India,2012,Agriculture,3121,25%,
USA,2019,Agriculture,3044,35%,7.8
USA,2014,Services,4792,45%,5.6
China,2013,Services,4583,12%,0
China,2018,Services,1550,25%,5.6
UK,2017,Services,2492,55%,4.1
USA,2020,Manufacturing,1775,12%,3.2
Japan,2016,Manufacturing,1615,30%,3.2
USA,2017,Services,1793,45%,3.2
China,2022,Agriculture,375,25%,3.2
Japan,2014,Agriculture,4467,,-2.5
India,2013,Manufacturing,2280,,
India,2016,Manufacturing,2716,35%,-2.5
France,2010,Services,1259,40%,7.8
Germany,2015,Services,4411,12%,-2.5
China,2017,Services,891,25%,
Germany,2016,Services,4474,55%,4.1
Japan,2011,Services,3951,40%,5.6
China,2023,Agriculture,3486,55%,5.6
UK,2022,Agriculture,4828,55%,-2.5
USA,2023,Services,2121,,5.6
UK,2016,Agriculture,1334,25%,
Japan,2022,Services,1428,12%,7.8
China,2015,Services,2708,35%,0
Brazil,2022,Manufacturing,3611,12%,-2.5
Japan,2014,Agriculture,1937,35%,3.2
Brazil,2013,Agriculture,4062,12%,5.6
USA,2010,Manufacturing,2028,12%,5.6
India,2022,Agriculture,4777,25%,0
India,2011,Manufacturing,4466,55%,7.8
Japan,2016,Agriculture,4348,40%,4.1
Germany,2019,Services,3211,55%,5.6
China,2012,Manufacturing,2274,55%,3.2
China,2014,Services,4772,40%,0
India,2017,Services,2129,55%,4.1
France,2022,Agriculture,4872,12%,5.6
UK,2022,Manufacturing,1003,55%,
France,2017,Services,2917,12%,
USA,2015,Services,2340,35%,3.2
UK,2014,Manufacturing,119,45%,4.1
UK,2022,Agriculture,1144,40%,
Japan,2011,Services,4303,40%,5.6
India,2018,Agriculture,598,45%,3.2
France,2010,Manufacturing,1889,35%,
France,2020,Agriculture,2001,12%,4.1
India,2011,Manufacturing,1108,40%,0
France,2022,Agriculture,3601,55%,4.1
Brazil,2010,Agriculture,2557,25%,4.1
India,2021,Services,3957,12%,7.8
Japan,2013,Agriculture,3540,12%,-2.5
Germany,2013,Services,4656,40%,
UK,2014,Manufacturing,4513,35%,-2.5
Japan,2014,Manufacturing,3009,35%,7.8
China,2017,Services,932,25%,5.6
USA,2020,Agriculture,2675,30%,0
Germany,2020,Manufacturing,4814,55%,3.2
China,2012,Manufacturing,2203,45%,4.1
UK,2015,Manufacturing,4811,30%,0
France,2021,Services,3616,,7.8
India,2022,Manufacturing,309,55%,5.6
UK,2021,Manufacturing,1558,55%,5.6
Japan,2012,Manufacturing,362,,4.1
USA,2022,Manufacturing,2728,,7.8
Japan,2011,Services,1894,12%,0
Germany,2017,Services,2634,25%,-2.5
Germany,2010,Agriculture,4064,40%,0
USA,2018,Manufacturing,3301,12%,
Brazil,2020,Services,1583,30%,5.6
China,2016,Agriculture,4819,35%,5.6
China,2021,Agriculture,1473,30%,4.1
Germany,2019,Manufacturing,2070,,
Germany,2022,Agriculture,1741,45%,4.1
France,2021,Services,1778,40%,
India,2020,Agriculture,377,25%,4.1
France,2013,Agriculture,1638,40%,7.8
France,2012,Services,3803,25%,0
Brazil,2015,Agriculture,2944,55%,-2.5
China,2018,Agriculture,147,30%,0
Brazil,2018,Agriculture,4804,30%,
Brazil,2013,Agriculture,2397,12%,5.6
USA,2019,Manufacturing,1147,55%,0
China,2014,Manufacturing,4784,30%,5.6
India,2020,Services,134,55%,5.6
Japan,2022,Agriculture,1327,25%,3.2
Germany,2018,Services,2761,45%,4.1
Germany,2011,Manufacturing,568,35%,-2.5
India,2011,Agriculture,3573,55%,7.8
Brazil,2014,Agriculture,233,,
France,2010,Manufacturing,1022,30%,-2.5
USA,2017,Agriculture,3435,45%,0
Brazil,2014,Agriculture,2438,,
Germany,2021,Manufacturing,4372,55%,
UK,2019,Services,4982,45%,3.2
France,2011,Services,3877,12%,5.6
Germany,2021,Agriculture,2361,,-2.5
UK,2018,Manufacturing,2547,35%,5.6
Brazil,2011,Services,3529,25%,5.6
India,2016,Services,4315,12%,3.2
India,2017,Agriculture,615,30%,
France,2023,Services,1985,55%,
Germany,2015,Manufacturing,876,55%,4.1
China,2023,Services,4751,35%,-2.5
UK,2020,Manufacturing,3167,30%,3.2
USA,2016,Manufacturing,399,40%,4.1
Germany,2020,Agriculture,148,40%,5.6
USA,2010,Services,1819,,-2.5
Germany,2013,Agriculture,1854,,
China,2022,Services,1110,30%,5.6
China,2016,Agriculture,3559,35%,5.6
France,2010,Agriculture,3106,35%,-2.5
France,2022,Agriculture,4220,55%,7.8
China,2010,Services,2155,55%,3.2
Japan,2020,Agriculture,3140,25%,0
China,2015,Manufacturing,451,35%,
India,2013,Services,237,45%,5.6
India,2012,Manufacturing,4034,40%,
Japan,2021,Agriculture,188,25%,3.2
Brazil,2014,Agriculture,192,45%,3.2
UK,2018,Manufacturing,4253,40%,-2.5
Brazil,2019,Agriculture,270,12%,-2.5
USA,2019,Services,4290,35%,4.1
Brazil,2021,Manufacturing,4655,25%,-2.5
Germany,2023,Services,2473,,3.2
Brazil,2023,Services,4150,40%,-2.5
Germany,2021,Services,4078,25%,0
Japan,2020,Agriculture,437,12%,3.2
India,2019,Agriculture,3888,12%,-2.5
France,2012,Manufacturing,3081,12%,4.1
Germany,2014,Manufacturing,609,40%,5.6
India,2019,Services,1889,25%,3.2
UK,2014,Agriculture,3284,55%,7.8
USA,2018,Agriculture,1821,45%,7.8
UK,2020,Agriculture,414,,3.2
Japan,2021,Manufacturing,466,,3.2
Brazil,2019,Agriculture,1685,45%,7.8
Brazil,2020,Services,2118,,5.6
China,2013,Services,566,12%,5.6
China,2010,Services,4081,,5.6
China,2019,Agriculture,1270,55%,0
UK,2014,Services,710,55%,
Germany,2010,Services,3466,12%,
USA,2015,Manufacturing,379,35%,4.1
China,2021,Manufacturing,427,25%,0
Japan,2019,Agriculture,3332,30%,4.1
Japan,2019,Agriculture,209,40%,5.6
China,2016,Agriculture,4803,35%,7.8
Brazil,2010,Agriculture,1313,40%,0
China,2019,Agriculture,4224,40%,-2.5
USA,2013,Manufacturing,2249,55%,
China,2018,Manufacturing,2614,12%,0
USA,2022,Manufacturing,2480,30%,7.8
Japan,2010,Services,4838,25%,7.8
China,2018,Services,2087,45%,3.2
UK,2017,Manufacturing,2449,,7.8
France,2014,Manufacturing,1274,55%,4.1
UK,2015,Agriculture,2038,25%,5.6
Japan,2016,Manufacturing,915,25%,4.1
USA,2013,Agriculture,440,35%,7.8
UK,2023,Manufacturing,1458,45%,0
USA,2023,Agriculture,4965,35%,0
UK,2015,Manufacturing,4080,35%,0
UK,2016,Agriculture,4485,35%,7.8
USA,2020,Services,1604,35%,5.6
Germany,2015,Services,4097,55%,
UK,2020,Agriculture,181,45%,5.6
China,2022,Agriculture,3729,35%,3.2
France,2021,Services,3126,30%,-2.5
Japan,2015,Manufacturing,4522,40%,5.6
Germany,2011,Agriculture,4785,55%,4.1
USA,2014,Manufacturing,1571,40%,
Germany,2012,Services,3319,,
India,2016,Services,490,55%,0
India,2013,Agriculture,1791,30%,3.2
UK,2010,Manufacturing,1253,25%,
UK,2021,Services,290,25%,5.6
China,2021,Manufacturing,3441,12%,5.6
France,2015,Services,3771,30%,4.1
Japan,2015,Agriculture,4168,55%,-2.5
Germany,2016,Manufacturing,1253,40%,-2.5
India,2020,Manufacturing,1937,12%,-2.5
UK,2017,Agriculture,4320,55%,5.6
Brazil,2012,Agriculture,247,35%,
Brazil,2023,Agriculture,3575,35%,4.1
Japan,2015,Agriculture,4244,30%,5.6
Germany,2019,Services,794,12%,0
UK,2011,Manufacturing,502,35%,7.8
UK,2022,Services,3312,30%,-2.5
India,2023,Agriculture,3071,30%,0
India,2018,Services,548,35%,0
UK,2011,Services,3737,40%,
USA,2012,Manufacturing,3312,30%,3.2
UK,2021,Manufacturing,190,25%,0
Japan,2022,Manufacturing,1764,35%,-2.5
UK,2019,Agriculture,2870,25%,7.8
China,2021,Agriculture,2272,45%,4.1
France,2021,Manufacturing,2517,55%,0
China,2011,Services,725,25%,4.1
China,2018,Manufacturing,3555,,5.6
USA,2010,Agriculture,3652,,5.6
USA,2014,Services,967,25%,0
Brazil,2010,Agriculture,1872,25%,-2.5
UK,2014,Manufacturing,3872,,
China,2017,Manufacturing,2653,55%,
USA,2017,Services,4853,55%,7.8
India,2020,Manufacturing,1780,55%,7.8
UK,2017,Agriculture,3478,,-2.5
Japan,2011,Agriculture,4706,30%,5.6
France,2017,Agriculture,4204,35%,5.6
Germany,2021,Services,3768,25%,
UK,2014,Agriculture,1674,55%,4.1
Germany,2010,Manufacturing,1856,30%,
China,2016,Services,4408,45%,3.2
France,2022,Agriculture,1504,,0
Germany,2015,Agriculture,403,55%,
China,2014,Manufacturing,2983,40%,0
India,2010,Manufacturing,990,40%,
Germany,2023,Services,3995,12%,4.1
France,2023,Agriculture,4192,12%,5.6
Brazil,2010,Agriculture,4898,30%,0
UK,2015,Manufacturing,279,25%,-2.5
China,2019,Services,3532,25%,7.8
UK,2021,Manufacturing,4902,25%,
France,2016,Manufacturing,4907,40%,3.2
USA,2019,Services,287,40%,-2.5
China,2019,Agriculture,3822,35%,-2.5
Germany,2010,Agriculture,4223,,-2.5
China,2018,Agriculture,2831,12%,0
UK,2013,Services,2656,12%,7.8
India,2014,Services,2034,25%,4.1
China,2011,Services,3145,,4.1
Germany,2023,Services,1102,12%,3.2
USA,2021,Services,400,12%,5.6
Brazil,2019,Manufacturing,962,35%,-2.5
Japan,2022,Agriculture,4495,45%,-2.5
India,2017,Services,1354,30%,4.1
Brazil,2023,Agriculture,2573,25%,-2.5
USA,2011,Services,341,30%,5.6
China,2012,Agriculture,1262,45%,4.1
UK,2021,Manufacturing,517,45%,
France,2018,Agriculture,3327,35%,0
UK,2011,Agriculture,2575,40%,0
Brazil,2023,Services,3625,12%,7.8
Germany,2015,Agriculture,3249,25%,0
UK,2021,Manufacturing,4375,30%,0
India,2013,Manufacturing,1114,55%,3.2
UK,2016,Manufacturing,4938,40%,3.2
Germany,2023,Services,3513,45%,4.1
Japan,2023,Services,4969,,0
China,2015,Services,1743,45%,3.2
France,2019,Services,4981,35%,
Brazil,2023,Services,2444,45%,7.8
China,2018,Manufacturing,2107,30%,0
UK,2023,Agriculture,136,45%,3.2
USA,2018,Manufacturing,2642,45%,5.6
China,2019,Services,4092,35%,3.2
Japan,2013,Manufacturing,2970,12%,3.2
UK,2010,Agriculture,53,30%,4.1
France,2011,Services,3144,,5.6
Germany,2017,Manufacturing,1571,45%,7.8
Japan,2023,Manufacturing,2998,25%,5.6
UK,2019,Agriculture,3907,,7.8
Japan,2017,Services,2027,45%,
China,2023,Services,1524,45%,4.1
France,2011,Agriculture,1180,25%,5.6
Germany,2013,Agriculture,930,35%,7.8
UK,2010,Agriculture,1451,55%,7.8
India,2016,Agriculture,2025,25%,-2.5
Brazil,2013,Services,1800,40%,4.1
Germany,2020,Services,51,55%,-2.5
India,2023,Manufacturing,1194,12%,3.2
Japan,2017,Manufacturing,1688,12%,5.6
USA,2018,Manufacturing,198,45%,7.8
Germany,2021,Services,4297,30%,-2.5
Japan,2018,Services,2403,,3.2
India,2012,Services,2093,45%,3.2
China,2014,Manufacturing,1752,35%,3.2
China,2015,Agriculture,2979,55%,-2.5
USA,2015,Agriculture,4620,12%,
Brazil,2019,Agriculture,1437,12%,0
Germany,2017,Agriculture,4952,45%,4.1
Germany,2015,Agriculture,1713,45%,4.1
Germany,2015,Services,2130,30%,
Brazil,2013,Manufacturing,2046,35%,
Japan,2016,Agriculture,3742,30%,3.2
France,2023,Agriculture,3280,45%,4.1
France,2023,Agriculture,1300,30%,4.1
USA,2017,Services,4512,40%,0
Germany,2012,Agriculture,2086,30%,0
Japan,2016,Manufacturing,587,,0
China,2012,Services,1604,45%,3.2
India,2017,Services,2202,,7.8
Japan,2010,Services,840,40%,0
Brazil,2010,Agriculture,1998,,-2.5
France,2023,Agriculture,4193,35%,-2.5
France,2015,Agriculture,4805,45%,0
China,2019,Agriculture,1485,30%,0
China,2018,Manufacturing,3299,,0
Brazil,2021,Services,2898,30%,4.1
India,2023,Agriculture,163,,-2.5
China,2013,Manufacturing,2393,40%,5.6
USA,2015,Services,4583,30%,7.8
India,2021,Services,211,45%,5.6
China,2014,Services,3962,45%,-2.5
UK,2021,Agriculture,553,55%,-2.5
Japan,2010,Services,2684,12%,3.2
China,2015,Agriculture,2555,25%,5.6
USA,2018,Manufacturing,1444,12%,0
Germany,2021,Services,1559,30%,
China,2012,Manufacturing,2369,55%,4.1
France,2020,Agriculture,3300,25%,0
France,2012,Agriculture,529,12%,-2.5
France,2023,Agriculture,4304,35%,3.2
Germany,2011,Services,804,40%,5.6
France,2022,Services,4049,55%,3.2
UK,2013,Manufacturing,1886,35%,7.8
China,2019,Agriculture,253,35%,3.2
Brazil,2012,Manufacturing,2892,12%,7.8
France,2021,Agriculture,3399,40%,4.1
India,2011,Agriculture,3264,,5.6
Brazil,2010,Manufacturing,3641,25%,0
Germany,2012,Agriculture,4657,30%,7.8
UK,2019,Manufacturing,4261,,0
India,2015,Services,441,45%,4.1
India,2018,Manufacturing,3464,45%,4.1
India,2020,Manufacturing,3494,55%,3.2
India,2014,Agriculture,2823,35%,3.2
Brazil,2012,Manufacturing,2466,55%,4.1
Brazil,2023,Services,1288,30%,5.6
China,2014,Services,2998,12%,0
France,2014,Services,790,40%,5.6
Japan,2014,Services,3933,40%,7.8
China,2021,Manufacturing,4182,35%,3.2
China,2021,Services,2893,45%,3.2
UK,2016,Manufacturing,1585,12%,3.2
UK,2014,Manufacturing,418,12%,
France,2016,Agriculture,2321,30%,3.2
Japan,2018,Manufacturing,2007,30%,4.1
UK,2014,Manufacturing,4959,,3.2
France,2011,Agriculture,1148,55%,7.8
France,2014,Services,2821,40%,7.8
Brazil,2017,Services,1441,55%,4.1
USA,2021,Manufacturing,1697,,5.6
Brazil,2013,Agriculture,2081,40%,-2.5
Japan,2011,Manufacturing,1728,25%,3.2
UK,2019,Manufacturing,2196,45%,3.2
Japan,2012,Services,2874,45%,-2.5
China,2018,Agriculture,3346,55%,5.6
China,2018,Manufacturing,4220,45%,7.8
Japan,2017,Services,3831,45%,3.2
USA,2017,Manufacturing,2281,12%,5.6
USA,2017,Services,3414,,-2.5
Brazil,2017,Agriculture,3178,,7.8
Japan,2017,Manufacturing,1322,35%,7.8
UK,2010,Agriculture,2029,35%,5.6
Brazil,2015,Services,3747,25%,0
Germany,2021,Agriculture,2237,30%,0
USA,2018,Agriculture,2456,35%,
India,2017,Agriculture,1626,,
Brazil,2012,Manufacturing,3529,30%,0
China,2020,Services,3595,45%,4.1
Brazil,2010,Agriculture,1519,,-2.5
Japan,2011,Manufacturing,1029,12%,0
India,2020,Services,1305,,5.6
Japan,2011,Services,3738,30%,7.8
France,2016,Services,1691,35%,5.6
China,2021,Agriculture,349,30%,5.6
China,2015,Agriculture,4571,45%,3.2
USA,2020,Agriculture,3092,,-2.5
Brazil,2011,Services,450,45%,7.8
USA,2017,Services,1330,55%,3.2
India,2018,Agriculture,4886,40%,4.1
Brazil,2016,Agriculture,911,,-2.5
France,2013,Services,4639,55%,7.8
Japan,2022,Services,2623,35%,3.2
France,2022,Manufacturing,2834,55%,
China,2010,Manufacturing,4235,45%,0
India,2013,Agriculture,4209,45%,5.6
Germany,2013,Services,1161,55%,
India,2017,Services,1106,40%,0
UK,2013,Manufacturing,1145,12%,7.8
India,2013,Services,2350,55%,
France,2022,Agriculture,4041,12%,
UK,2011,Manufacturing,563,40%,3.2
UK,2021,Services,4281,55%,3.2
Brazil,2019,Services,2726,45%,3.2
Brazil,2016,Agriculture,170,,5.6
UK,2013,Services,1551,30%,3.2
Germany,2020,Manufacturing,2897,45%,-2.5
Brazil,2015,Manufacturing,4969,55%,-2.5
India,2012,Services,1167,25%,-2.5
France,2016,Services,554,12%,
India,2015,Services,3041,25%,0
Germany,2012,Services,1673,45%,7.8
China,2013,Manufacturing,2288,40%,0
USA,2019,Agriculture,2483,12%,
France,2023,Manufacturing,852,30%,0
Brazil,2014,Services,4423,,5.6
France,2018,Services,1521,30%,
India,2023,Manufacturing,876,30%,0
USA,2015,Manufacturing,1478,30%,5.6
Japan,2022,Services,2493,40%,4.1
Japan,2013,Manufacturing,4924,55%,-2.5
Brazil,2020,Services,4356,12%,-2.5
Germany,2020,Manufacturing,3831,12%,0
Japan,2016,Services,2075,40%,0
France,2011,Manufacturing,2367,35%,4.1
Japan,2013,Services,1056,,-2.5
China,2014,Agriculture,1687,12%,4.1
China,2013,Agriculture,894,,3.2
Brazil,2013,Manufacturing,4543,45%,-2.5
China,2020,Agriculture,3337,,4.1
Japan,2022,Services,3553,25%,3.2
Germany,2018,Manufacturing,2911,30%,-2.5
UK,2023,Manufacturing,688,30%,7.8
UK,2020,Services,542,25%,5.6
Brazil,2022,Services,3048,,5.6
USA,2011,Services,3707,55%,7.8
UK,2015,Manufacturing,2225,35%,3.2
UK,2023,Services,1535,30%,0
China,2017,Agriculture,4593,25%,0
China,2017,Manufacturing,608,40%,5.6
Japan,2020,Services,3798,25%,0
Brazil,2016,Manufacturing,1019,12%,3.2
USA,2019,Agriculture,4059,,4.1
Brazil,2020,Agriculture,135,45%,0
India,2013,Services,3178,,-2.5
France,2016,Manufacturing,4351,,7.8
USA,2022,Services,2245,45%,5.6
USA,2019,Manufacturing,4936,55%,4.1
Germany,2015,Services,4103,45%,0
Brazil,2020,Services,996,25%,4.1
Japan,2015,Manufacturing,3258,12%,3.2
Germany,2011,Manufacturing,2043,45%,0
USA,2017,Agriculture,3490,35%,4.1
USA,2017,Agriculture,1595,35%,7.8
USA,2023,Manufacturing,4702,35%,-2.5
UK,2020,Agriculture,3557,45%,
Brazil,2016,Agriculture,79,12%,5.6
France,2020,Manufacturing,1521,45%,5.6
France,2018,Manufacturing,1459,25%,3.2
Germany,2017,Manufacturing,3810,45%,-2.5
USA,2023,Services,3729,40%,0
France,2018,Manufacturing,578,40%,0
China,2018,Manufacturing,175,,
Brazil,2015,Manufacturing,4958,30%,4.1
France,2011,Agriculture,3906,35%,
Japan,2021,Manufacturing,3308,30%,4.1
Brazil,2016,Agriculture,703,35%,
Japan,2012,Services,4283,,3.2
France,2022,Manufacturing,790,12%,-2.5
China,2016,Manufacturing,2311,55%,3.2
Japan,2018,Agriculture,340,35%,7.8
UK,2019,Services,3041,35%,7.8
France,2023,Manufacturing,3691,30%,0
UK,2019,Services,2627,55%,7.8
France,2011,Services,2789,45%,3.2
India,2023,Manufacturing,1743,35%,5.6
India,2022,Services,4694,12%,7.8
India,2015,Services,1369,30%,4.1
Japan,2022,Manufacturing,2871,40%,3.2
UK,2015,Agriculture,3712,45%,5.6
UK,2018,Manufacturing,3279,45%,4.1
UK,2022,Services,1445,35%,5.6
China,2018,Manufacturing,3017,45%,
UK,2022,Agriculture,4011,45%,4.1
China,2014,Services,2664,12%,
India,2023,Services,1594,45%,7.8
India,2014,Agriculture,3951,,-2.5
Japan,2018,Agriculture,4547,35%,
France,2017,Services,1830,30%,7.8
India,2016,Agriculture,2200,35%,7.8
France,2017,Manufacturing,4932,,-2.5
France,2015,Agriculture,4518,40%,7.8
Brazil,2012,Manufacturing,4483,,3.2
Japan,2016,Services,1106,,-2.5
USA,2017,Services,1495,55%,3.2
USA,2017,Services,2018,25%,5.6
Germany,2010,Services,1146,55%,-2.5
Brazil,2016,Services,1931,30%,5.6
Japan,2012,Agriculture,1254,12%,
Germany,2011,Agriculture,1970,12%,0
Germany,2023,Services,3633,30%,4.1
Brazil,2011,Agriculture,3189,40%,0
USA,2023,Agriculture,4024,35%,3.2
Japan,2023,Services,3469,30%,5.6
USA,2017,Agriculture,2088,25%,5.6
Germany,2018,Services,1782,55%,-2.5
Japan,2012,Services,81,40%,0
Germany,2023,Services,2018,40%,3.2
UK,2012,Services,3024,25%,3.2
Brazil,2015,Agriculture,3380,35%,-2.5
France,2020,Agriculture,3618,40%,-2.5
Japan,2019,Manufacturing,2975,40%,
Japan,2010,Manufacturing,2272,45%,3.2
France,2015,Services,3488,35%,-2.5
Germany,2021,Manufacturing,64,40%,
UK,2012,Agriculture,3172,30%,5.6
China,2020,Agriculture,156,35%,3.2
France,2013,Manufacturing,3843,25%,7.8
Brazil,2018,Manufacturing,4614,12%,0
USA,2012,Agriculture,251,45%,0
Germany,2010,Manufacturing,1844,45%,7.8
France,2012,Agriculture,1458,40%,7.8
France,2016,Agriculture,966,12%,4.1
Japan,2022,Manufacturing,4481,25%,5.6
USA,2016,Manufacturing,1734,25%,3.2
USA,2020,Services,3216,12%,-2.5
Brazil,2014,Services,114,55%,0
USA,2023,Services,4698,25%,7.8
France,2010,Services,4369,40%,4.1
China,2020,Services,3700,12%,3.2
India,2017,Agriculture,2065,55%,-2.5
Germany,2019,Manufacturing,1371,35%,4.1
India,2017,Agriculture,4074,45%,0
France,2019,Services,662,12%,3.2
India,2021,Services,701,40%,0
France,2019,Manufacturing,4863,25%,5.6
India,2022,Agriculture,1437,45%,4.1
USA,2019,Services,2916,55%,0
UK,2011,Services,2170,40%,5.6
USA,2019,Services,4813,45%,5.6
USA,2012,Services,3245,40%,5.6
Brazil,2013,Agriculture,4159,,-2.5
Japan,2010,Agriculture,3878,12%,
Japan,2013,Services,3178,35%,-2.5
India,2014,Agriculture,4916,55%,5.6
France,2012,Services,3155,40%,3.2
Brazil,2023,Manufacturing,587,55%,
USA,2020,Manufacturing,2468,55%,
Brazil,2019,Manufacturing,2257,45%,5.6
India,2011,Agriculture,3227,35%,4.1
Japan,2022,Services,2372,40%,3.2
UK,2015,Manufacturing,2087,12%,0
Germany,2017,Manufacturing,4403,12%,-2.5
India,2016,Agriculture,1012,45%,3.2
Brazil,2020,Agriculture,1293,,
UK,2023,Manufacturing,582,40%,3.2
Germany,2010,Services,1919,12%,3.2
China,2013,Services,3180,30%,7.8
India,2012,Services,1703,12%,-2.5
India,2015,Manufacturing,162,35%,7.8
China,2018,Agriculture,1349,45%,0
China,2018,Services,2354,45%,3.2
India,2016,Manufacturing,4474,55%,-2.5
China,2021,Manufacturing,3356,12%,
USA,2018,Agriculture,4196,25%,-2.5
Germany,2017,Services,1751,,-2.5
Germany,2014,Manufacturing,3864,35%,3.2
Germany,2018,Services,270,35%,
USA,2023,Services,2880,30%,5.6
France,2016,Services,2693,40%,4.1
China,2014,Manufacturing,3930,,5.6
UK,2017,Services,4367,,5.6
China,2016,Agriculture,3831,25%,7.8
India,2018,Manufacturing,2008,55%,3.2
Japan,2019,Manufacturing,1346,25%,0
Brazil,2010,Services,1082,,7.8
Brazil,2022,Services,4372,40%,-2.5
Germany,2018,Services,2655,,5.6
China,2016,Manufacturing,3233,25%,-2.5
UK,2010,Agriculture,3278,55%,7.8
India,2010,Agriculture,1525,25%,
USA,2014,Manufacturing,2415,40%,5.6
France,2017,Agriculture,2457,55%,3.2
USA,2018,Services,985,30%,5.6
UK,2021,Manufacturing,3017,,5.6
India,2015,Agriculture,2999,,
Germany,2021,Manufacturing,2295,,5.6
China,2022,Agriculture,2687,30%,7.8
India,2019,Manufacturing,4387,12%,5.6
Brazil,2021,Agriculture,4000,55%,
France,2017,Manufacturing,2708,,7.8
USA,2015,Manufacturing,1864,45%,-2.5
France,2020,Manufacturing,3333,40%,3.2
France,2015,Manufacturing,1346,45%,5.6
UK,2013,Manufacturing,3205,25%,7.8
UK,2020,Services,1697,45%,5.6
China,2014,Manufacturing,409,55%,5.6
UK,2023,Manufacturing,3502,12%,
UK,2011,Manufacturing,3661,55%,5.6
India,2012,Agriculture,1214,35%,0
Brazil,2012,Manufacturing,3294,30%,3.2
Germany,2023,Services,4075,25%,3.2
China,2021,Manufacturing,3750,,7.8
India,2020,Agriculture,552,12%,-2.5
Germany,2014,Agriculture,4254,25%,-2.5
France,2023,Manufacturing,4888,35%,-2.5
India,2014,Manufacturing,1393,45%,5.6
Japan,2015,Manufacturing,3429,35%,
India,2014,Manufacturing,3862,30%,7.8
UK,2021,Agriculture,860,45%,4.1
Germany,2015,Manufacturing,835,30%,5.6
China,2017,Agriculture,277,25%,
China,2011,Agriculture,4997,25%,0
Germany,2013,Services,877,,7.8
UK,2022,Agriculture,428,,7.8
USA,2015,Manufacturing,3861,25%,
India,2021,Manufacturing,2075,,4.1
UK,2014,Manufacturing,3414,55%,7.8
Japan,2010,Manufacturing,3426,12%,
Brazil,2018,Services,2388,55%,0
France,2012,Services,1178,40%,7.8
Germany,2011,Services,340,40%,4.1
Brazil,2018,Services,3598,35%,
India,2016,Agriculture,2774,30%,
China,2014,Services,109,30%,0
France,2021,Agriculture,4251,40%,-2.5
Brazil,2015,Manufacturing,2720,12%,
USA,2021,Agriculture,3389,25%,
Brazil,2020,Agriculture,2839,25%,7.8
Japan,2013,Services,3704,25%,5.6
China,2010,Manufacturing,3240,45%,3.2
Germany,2013,Manufacturing,2542,35%,0
India,2018,Services,4451,55%,-2.5
Germany,2010,Agriculture,2712,,4.1
France,2019,Services,251,35%,-2.5
India,2012,Agriculture,3211,40%,3.2
UK,2014,Services,520,45%,7.8
USA,2016,Services,3076,45%,4.1
UK,2018,Manufacturing,3406,30%,5.6
UK,2015,Manufacturing,3804,30%,3.2
Germany,2012,Manufacturing,2406,35%,7.8
France,2022,Services,4023,45%,
USA,2016,Manufacturing,4878,,4.1
Brazil,2023,Manufacturing,2633,12%,7.8
India,2013,Services,4521,30%,0
India,2012,Manufacturing,3835,25%,5.6
Japan,2023,Agriculture,2596,55%,5.6
China,2016,Manufacturing,2733,30%,0
Japan,2020,Agriculture,4287,45%,7.8
Brazil,2020,Manufacturing,3173,55%,7.8
Japan,2016,Services,3191,25%,4.1
India,2013,Services,2357,,5.6
Germany,2021,Manufacturing,3840,35%,5.6
UK,2016,Agriculture,3160,40%,5.6
France,2020,Manufacturing,397,30%,5.6
UK,2023,Services,1651,,7.8
UK,2011,Manufacturing,3646,25%,5.6
USA,2010,Services,3827,30%,
India,2021,Agriculture,4973,55%,7.8
Brazil,2011,Agriculture,2603,12%,0
Brazil,2013,Services,4570,35%,
France,2017,Agriculture,3828,45%,-2.5
Germany,2012,Services,371,12%,0
USA,2019,Services,3711,30%,0
China,2015,Services,2347,25%,3.2
Germany,2015,Manufacturing,229,55%,0
Japan,2022,Agriculture,4015,55%,4.1
Germany,2018,Manufacturing,1762,55%,3.2
Germany,2018,Manufacturing,78,25%,3.2
UK,2013,Agriculture,3617,35%,3.2
Germany,2018,Manufacturing,2083,45%,
Brazil,2022,Services,787,12%,0
Japan,2015,Manufacturing,3769,25%,-2.5
Japan,2011,Services,104,55%,4.1
India,2019,Agriculture,2975,45%,
Germany,2023,Manufacturing,1483,30%,3.2
UK,2020,Agriculture,2114,55%,4.1
Germany,2015,Services,3692,25%,5.6
China,2011,Manufacturing,4233,55%,5.6
China,2017,Services,3344,25%,7.8
UK,2013,Services,3905,40%,5.6
India,2014,Services,2801,55%,5.6
India,2017,Agriculture,3683,25%,3.2
Japan,2023,Agriculture,774,55%,
Japan,2020,Agriculture,1303,45%,0
USA,2017,Manufacturing,1227,45%,
UK,2021,Services,1346,55%,
Germany,2023,Agriculture,944,55%,4.1
France,2021,Services,2549,25%,5.6
UK,2015,Agriculture,1379,25%,0
USA,2013,Services,2524,30%,-2.5
Japan,2010,Agriculture,2677,25%,4.1
UK,2021,Agriculture,4396,30%,
UK,2016,Agriculture,2500,35%,
Japan,2017,Agriculture,3018,55%,5.6
Brazil,2018,Services,1219,,-2.5
USA,2011,Agriculture,3489,30%,4.1
Japan,2010,Agriculture,2417,30%,-2.5
India,2013,Agriculture,4344,55%,7.8
Germany,2022,Services,1514,55%,0
Japan,2014,Agriculture,2242,55%,0
USA,2019,Services,1780,25%,7.8
China,2021,Manufacturing,3344,40%,4.1
India,2010,Services,1173,40%,3.2
China,2014,Manufacturing,4671,40%,4.1
France,2015,Agriculture,1538,40%,7.8
Japan,2012,Agriculture,314,30%,4.1
India,2021,Services,2079,25%,
Germany,2016,Agriculture,1293,35%,7.8
Japan,2023,Agriculture,3816,40%,7.8
Germany,2015,Services,445,25%,-2.5
Brazil,2013,Agriculture,1530,,4.1
UK,2012,Manufacturing,157,55%,4.1
China,2014,Manufacturing,3613,55%,0
India,2012,Agriculture,2956,40%,3.2
Germany,2019,Agriculture,4781,30%,5.6
USA,2018,Manufacturing,3488,12%,5.6
Germany,2018,Agriculture,3246,25%,5.6
USA,2015,Manufacturing,1235,12%,3.2
Japan,2022,Services,4181,55%,5.6
India,2020,Manufacturing,3125,25%,3.2
Germany,2015,Agriculture,462,40%,5.6
France,2021,Agriculture,3208,55%,5.6
Germany,2023,Manufacturing,532,12%,3.2
Brazil,2013,Manufacturing,3009,40%,0
France,2013,Agriculture,3897,12%,
India,2011,Agriculture,652,45%,
Brazil,2019,Agriculture,1131,40%,3.2
Germany,2013,Services,4317,45%,3.2
USA,2017,Services,4405,25%,7.8
Germany,2022,Manufacturing,74,30%,-2.5
China,2019,Manufacturing,247,25%,4.1
Japan,2011,Services,2676,40%,-2.5
UK,2018,Services,472,25%,0
USA,2023,Manufacturing,1191,25%,0
China,2010,Services,2103,25%,0
France,2022,Manufacturing,1170,25%,-2.5
Japan,2011,Agriculture,4217,30%,0
India,2011,Manufacturing,4577,,
USA,2020,Services,4525,25%,0
UK,2022,Services,1843,12%,4.1
Japan,2023,Services,4953,12%,3.2
France,2015,Manufacturing,105,12%,
Brazil,2023,Services,2313,,
Brazil,2016,Manufacturing,70,55%,3.2
UK,2022,Agriculture,3748,30%,4.1
India,2012,Agriculture,340,40%,-2.5
India,2020,Services,2044,40%,3.2
France,2018,Manufacturing,884,35%,0
USA,2014,Manufacturing,4333,55%,3.2
France,2014,Services,4359,25%,
Germany,2020,Manufacturing,1964,35%,7.8
India,2021,Services,2651,30%,3.2
Japan,2013,Services,1551,12%,-2.5
Germany,2018,Agriculture,3371,12%,0
Brazil,2017,Services,4738,45%,
Brazil,2021,Manufacturing,4186,25%,
China,2013,Services,69,25%,0
UK,2013,Agriculture,1082,30%,-2.5
Germany,2011,Agriculture,874,45%,3.2
UK,2018,Manufacturing,3324,55%,4.1
France,2012,Services,3711,45%,0
Germany,2013,Manufacturing,3843,,0
France,2023,Manufacturing,797,25%,7.8
China,2016,Services,4131,,-2.5
India,2019,Agriculture,2416,,
Brazil,2017,Manufacturing,1017,,
China,2017,Manufacturing,3597,12%,4.1
Brazil,2013,Agriculture,4397,45%,3.2
India,2016,Services,4485,30%,3.2
France,2019,Services,2848,35%,0
India,2010,Services,3065,12%,5.6
Brazil,2015,Agriculture,1854,55%,7.8
Brazil,2015,Manufacturing,2728,12%,7.8
UK,2015,Agriculture,2073,55%,7.8
Japan,2021,Manufacturing,450,12%,
China,2011,Manufacturing,2468,25%,0
Germany,2017,Services,4482,40%,-2.5
Brazil,2023,Services,1973,,-2.5
China,2014,Services,1418,40%,7.8
UK,2014,Agriculture,2370,55%,
India,2011,Services,3374,55%,5.6
UK,2013,Agriculture,1927,45%,4.1
USA,2021,Services,2737,12%,4.1
USA,2018,Services,1447,55%,
Germany,2018,Services,3725,55%,5.6
UK,2015,Agriculture,1969,12%,3.2
France,2020,Manufacturing,55,12%,5.6
Germany,2018,Agriculture,635,35%,7.8
France,2013,Agriculture,1571,45%,3.2
Germany,2020,Agriculture,3928,55%,7.8
USA,2010,Manufacturing,3519,12%,
Germany,2011,Agriculture,871,55%,
USA,2022,Services,4383,35%,-2.5
Brazil,2010,Manufacturing,3143,35%,7.8
India,2017,Agriculture,3162,30%,3.2
France,2018,Agriculture,907,55%,7.8
UK,2019,Manufacturing,2355,45%,0
Brazil,2021,Agriculture,2600,25%,
Brazil,2015,Manufacturing,2236,40%,3.2
Germany,2011,Services,1275,55%,5.6
USA,2015,Agriculture,2606,35%,-2.5
China,2018,Agriculture,703,45%,5.6
France,2021,Services,1389,,7.8
Brazil,2012,Agriculture,4606,12%,5.6
Germany,2018,Agriculture,2767,40%,3.2
Japan,2011,Manufacturing,3442,,0
India,2020,Agriculture,1112,45%,5.6
India,2014,Services,4578,45%,7.8
China,2020,Agriculture,2582,40%,5.6
USA,2011,Manufacturing,1658,40%,5.6
Germany,2016,Services,1131,55%,4.1
France,2020,Services,2698,45%,3.2
USA,2019,Services,4800,12%,4.1
India,2018,Services,2704,40%,4.1
USA,2016,Manufacturing,205,,7.8
India,2021,Manufacturing,4346,55%,4.1
USA,2014,Manufacturing,3119,30%,7.8
China,2013,Manufacturing,2013,35%,0
UK,2021,Agriculture,4644,40%,4.1
China,2013,Manufacturing,1284,12%,3.2
China,2019,Agriculture,1526,55%,
UK,2017,Services,3805,40%,3.2
UK,2019,Agriculture,880,55%,-2.5
Brazil,2022,Agriculture,3778,40%,0
Brazil,2019,Agriculture,1392,30%,0
Germany,2023,Manufacturing,2214,25%,7.8
France,2019,Manufacturing,2794,12%,7.8
France,2019,Services,4348,30%,0
Germany,2019,Manufacturing,1894,45%,3.2
China,2010,Agriculture,511,12%,-2.5
China,2014,Manufacturing,3041,30%,7.8
India,2023,Manufacturing,1628,40%,-2.5
India,2011,Agriculture,250,12%,0
France,2022,Services,565,25%,3.2
Germany,2020,Manufacturing,4889,40%,-2.5
Japan,2018,Services,2446,45%,
Brazil,2016,Agriculture,3281,30%,5.6
Japan,2019,Manufacturing,3746,,0
Germany,2017,Services,1325,25%,3.2
India,2015,Services,3343,30%,0
France,2018,Agriculture,1679,25%,0
France,2015,Manufacturing,4068,25%,-2.5
India,2016,Services,4539,30%,-2.5
Japan,2016,Services,2066,40%,5.6
USA,2018,Services,216,12%,7.8
USA,2020,Services,1025,30%,5.6
India,2017,Services,4597,,
USA,2022,Services,909,25%,3.2
UK,2010,Services,3994,35%,4.1
Germany,2013,Services,259,30%,3.2
Germany,2016,Services,4913,45%,0
India,2020,Services,1658,,-2.5
China,2017,Manufacturing,263,45%,0
Brazil,2016,Agriculture,3481,,7.8
Japan,2021,Agriculture,1022,25%,0
India,2012,Agriculture,3849,,
USA,2013,Services,353,12%,3.2
Japan,2021,Agriculture,1885,,
China,2016,Services,910,40%,3.2
USA,2017,Manufacturing,4097,30%,
France,2016,Agriculture,1905,55%,5.6
Brazil,2015,Manufacturing,3511,30%,4.1
UK,2018,Manufacturing,2217,40%,
USA,2018,Services,1683,55%,0
UK,2020,Agriculture,2524,30%,-2.5
Japan,2022,Manufacturing,2427,12%,7.8
UK,2016,Agriculture,1800,25%,7.8
Japan,2017,Manufacturing,2732,25%,
Japan,2015,Manufacturing,3461,30%,-2.5
Japan,2010,Services,4709,35%,7.8
Japan,2010,Agriculture,4325,55%,
Japan,2015,Services,4435,55%,
USA,2011,Services,4332,45%,-2.5
Japan,2023,Services,535,25%,-2.5
USA,2017,Services,1410,12%,5.6
Japan,2010,Services,822,25%,
UK,2022,Manufacturing,3827,25%,0
France,2011,Agriculture,1882,35%,3.2
Japan,2017,Agriculture,1349,,3.2
China,2021,Services,231,,
Japan,2015,Agriculture,1312,12%,0
Japan,2021,Manufacturing,3955,35%,7.8
UK,2019,Services,195,35%,4.1
Brazil,2011,Manufacturing,3992,30%,-2.5
Germany,2011,Manufacturing,1889,30%,3.2
UK,2020,Services,4644,30%,5.6
China,2023,Manufacturing,852,35%,7.8
Germany,2016,Services,2048,,5.6
India,2014,Manufacturing,4000,35%,3.2
India,2014,Agriculture,1368,25%,0
Brazil,2017,Agriculture,4676,30%,0
China,2021,Agriculture,3848,30%,5.6
UK,2021,Services,2308,,
USA,2016,Manufacturing,2990,,7.8
China,2021,Manufacturing,4111,45%,3.2
France,2023,Agriculture,2102,25%,-2.5
Germany,2018,Agriculture,3902,35%,0
Germany,2013,Services,265,30%,5.6
Japan,2019,Services,835,35%,4.1
India,2013,Manufacturing,1685,45%,3.2
Brazil,2011,Services,2349,55%,7.8
Germany,2012,Services,3802,40%,
China,2010,Services,3159,12%,-2.5
Germany,2010,Agriculture,4373,30%,-2.5
Brazil,2016,Agriculture,334,35%,
Brazil,2023,Manufacturing,3631,40%,0
Brazil,2023,Services,2060,35%,-2.5
China,2014,Agriculture,2463,25%,3.2
USA,2012,Services,1693,35%,0
Japan,2016,Manufacturing,1177,35%,0
India,2023,Services,3522,12%,0
Germany,2011,Manufacturing,1319,40%,
China,2012,Manufacturing,3828,25%,4.1
UK,2010,Agriculture,693,40%,3.2
India,2017,Services,2828,55%,5.6
USA,2011,Agriculture,75,35%,-2.5
China,2016,Services,3372,35%,-2.5
France,2020,Services,2095,55%,5.6
France,2018,Manufacturing,3987,45%,0
Japan,2015,Manufacturing,4857,40%,7.8
Japan,2011,Services,1075,30%,3.2
USA,2011,Agriculture,3880,55%,0
USA,2018,Manufacturing,1118,55%,0
Japan,2019,Manufacturing,988,30%,0
Germany,2017,Services,4148,25%,-2.5
Germany,2023,Services,1522,,
China,2023,Manufacturing,3697,55%,
UK,2023,Agriculture,2375,25%,4.1
China,2018,Manufacturing,225,,
UK,2013,Services,1193,55%,-2.5
USA,2013,Manufacturing,3560,40%,
India,2011,Services,4112,35%,7.8
China,2023,Manufacturing,1000,35%,3.2
China,2019,Services,4486,,4.1
UK,2010,Services,2794,45%,0
Brazil,2019,Agriculture,170,,4.1
USA,2022,Services,4720,40%,
USA,2013,Manufacturing,1970,55%,4.1
France,2019,Services,1734,12%,4.1
Brazil,2019,Manufacturing,1018,55%,-2.5
UK,2020,Agriculture,3858,,5.6
USA,2017,Manufacturing,4830,30%,-2.5
Brazil,2011,Agriculture,3365,40%,0
Japan,2022,Agriculture,4788,12%,0
Brazil,2021,Services,1154,40%,-2.5
Germany,2020,Agriculture,4439,40%,5.6
France,2017,Manufacturing,2555,,5.6
Japan,2010,Agriculture,4892,55%,4.1
India,2010,Agriculture,3934,25%,0
China,2013,Services,782,35%,4.1
France,2016,Manufacturing,1631,40%,-2.5
India,2018,Agriculture,3729,40%,3.2
China,2014,Services,3902,12%,3.2
Germany,2011,Services,2477,12%,0
Brazil,2021,Manufacturing,373,55%,5.6
USA,2016,Services,3749,35%,3.2
Japan,2020,Agriculture,3042,40%,-2.5
UK,2011,Services,411,45%,4.1
Japan,2018,Manufacturing,2150,12%,7.8
Germany,2018,Manufacturing,4547,35%,7.8
India,2012,Services,4826,35%,5.6
UK,2022,Agriculture,1942,30%,
USA,2017,Services,2804,30%,7.8
Germany,2020,Manufacturing,1522,40%,-2.5
UK,2013,Services,1156,12%,
Germany,2012,Services,2476,25%,0
Brazil,2010,Agriculture,1853,,0
Germany,2014,Services,2077,25%,-2.5
USA,2022,Agriculture,130,55%,0
France,2023,Services,3018,40%,-2.5
China,2020,Services,2591,,-2.5
UK,2013,Agriculture,3789,,7.8
Brazil,2010,Agriculture,3038,55%,
USA,2019,Manufacturing,4886,35%,7.8
Germany,2017,Agriculture,374,40%,5.6
Brazil,2017,Services,2411,12%,7.8
USA,2022,Manufacturing,1284,25%,0
France,2017,Agriculture,152,35%,
Brazil,2012,Agriculture,4962,40%,7.8
Brazil,2015,Manufacturing,796,25%,-2.5
China,2021,Services,4958,12%,7.8
Japan,2021,Services,3741,25%,0
UK,2016,Manufacturing,3535,45%,5.6
China,2018,Services,1297,40%,
India,2014,Agriculture,3114,55%,3.2
UK,2018,Services,1769,,
China,2015,Agriculture,2252,25%,-2.5
Germany,2019,Services,3355,12%,0
UK,2019,Agriculture,2586,40%,0
UK,2019,Manufacturing,3535,12%,4.1
USA,2013,Agriculture,1839,45%,3.2
Germany,2022,Services,1814,12%,5.6
India,2010,Agriculture,3407,45%,-2.5
Japan,2010,Services,4732,35%,5.6
Brazil,2023,Services,3047,25%,3.2
France,2019,Agriculture,309,30%,-2.5
China,2014,Services,1968,30%,7.8
USA,2022,Manufacturing,1836,12%,5.6
China,2023,Services,149,55%,7.8
India,2012,Manufacturing,3955,25%,-2.5
Brazil,2014,Manufacturing,2392,40%,3.2
India,2014,Services,3283,45%,7.8
UK,2010,Manufacturing,3299,25%,7.8
France,2023,Manufacturing,377,30%,0
India,2017,Agriculture,1401,25%,-2.5
China,2014,Manufacturing,2861,12%,
Germany,2014,Manufacturing,2339,55%,3.2
Germany,2018,Manufacturing,1415,35%,0
UK,2017,Manufacturing,3212,55%,5.6
Japan,2022,Manufacturing,3149,,3.2
China,2010,Services,4604,45%,4.1
China,2012,Manufacturing,3752,,0
India,2021,Services,1458,40%,4.1
France,2016,Services,1560,55%,5.6
China,2010,Services,269,55%,4.1
USA,2010,Agriculture,2218,45%,3.2
Japan,2014,Agriculture,3236,40%,0
India,2018,Services,3289,40%,3.2
USA,2015,Agriculture,4580,55%,7.8
UK,2019,Manufacturing,1319,35%,0
Germany,2011,Services,4425,25%,7.8
UK,2020,Services,3867,35%,0
Germany,2018,Services,117,,7.8
UK,2015,Agriculture,1721,25%,4.1
China,2014,Agriculture,792,25%,-2.5
USA,2014,Agriculture,2062,55%,7.8
Germany,2021,Manufacturing,1755,25%,-2.5
India,2012,Agriculture,1496,45%,
USA,2023,Services,3119,35%,3.2
India,2015,Agriculture,340,25%,4.1
USA,2022,Agriculture,3729,30%,5.6
USA,2013,Agriculture,3960,55%,5.6
UK,2022,Agriculture,4701,55%,5.6
Germany,2021,Services,402,55%,-2.5
Germany,2019,Agriculture,1313,12%,5.6
France,2023,Services,1876,35%,5.6
USA,2011,Agriculture,4428,55%,7.8
China,2022,Manufacturing,1655,40%,
China,2012,Manufacturing,3886,45%,5.6
India,2018,Services,3448,55%,-2.5
India,2020,Services,4601,12%,7.8
UK,2020,Manufacturing,3056,30%,-2.5
USA,2018,Manufacturing,1054,30%,0
India,2015,Agriculture,2128,35%,5.6
India,2019,Manufacturing,2545,25%,-2.5
Japan,2019,Services,2311,35%,-2.5
USA,2023,Services,3814,25%,7.8
Brazil,2018,Manufacturing,1787,40%,0
UK,2013,Services,3146,25%,0
India,2020,Agriculture,2494,55%,5.6
UK,2014,Agriculture,386,,4.1
Germany,2019,Manufacturing,3033,45%,
UK,2015,Services,1017,45%,3.2
Brazil,2022,Manufacturing,721,,3.2
China,2018,Services,1353,55%,7.8
Brazil,2022,Services,4914,12%,4.1
China,2014,Services,2720,25%,5.6
UK,2017,Agriculture,2656,,7.8
China,2020,Services,1764,45%,
Germany,2010,Agriculture,2645,30%,5.6
USA,2014,Services,3020,35%,0
China,2019,Manufacturing,3319,12%,3.2
China,2010,Agriculture,2651,55%,-2.5
UK,2019,Agriculture,528,12%,3.2
Germany,2023,Agriculture,893,40%,5.6
France,2015,Manufacturing,1675,40%,4.1
France,2016,Agriculture,1930,45%,
France,2021,Manufacturing,3701,30%,3.2
France,2023,Services,2167,,-2.5
USA,2014,Services,554,40%,0
Brazil,2010,Manufacturing,159,40%,0
UK,2015,Agriculture,1455,40%,5.6
UK,2019,Agriculture,4542,55%,3.2
Japan,2014,Manufacturing,3530,45%,5.6
Germany,2015,Services,400,25%,3.2
France,2020,Manufacturing,1607,40%,4.1
USA,2019,Agriculture,3092,40%,7.8
Germany,2016,Agriculture,2886,40%,5.6
France,2016,Agriculture,3678,12%,3.2
USA,2011,Agriculture,2091,,7.8
Germany,2021,Services,160,25%,4.1
UK,2012,Services,4354,35%,5.6
UK,2021,Services,1815,25%,4.1
Brazil,2015,Agriculture,1251,12%,0
India,2012,Agriculture,3028,35%,
Brazil,2011,Agriculture,2522,30%,7.8
China,2013,Manufacturing,2425,45%,4.1
Brazil,2014,Agriculture,60,,5.6
France,2020,Services,2351,30%,-2.5
Japan,2019,Services,1639,30%,
Germany,2018,Services,1551,35%,0
Japan,2012,Manufacturing,178,12%,
India,2012,Services,3653,40%,
China,2015,Manufacturing,4245,55%,7.8
Germany,2014,Manufacturing,339,35%,3.2
USA,2015,Manufacturing,1726,45%,-2.5
France,2016,Agriculture,1894,35%,3.2
China,2020,Agriculture,3685,,
UK,2012,Services,2743,25%,-2.5
India,2022,Services,1877,55%,5.6
China,2014,Manufacturing,4810,12%,4.1
France,2017,Agriculture,1420,55%,5.6
Brazil,2013,Services,4843,25%,3.2
China,2019,Services,3872,40%,
Brazil,2011,Agriculture,232,30%,3.2
France,2013,Manufacturing,400,55%,3.2
UK,2011,Services,3636,40%,7.8
Germany,2012,Services,1451,40%,
USA,2013,Agriculture,2805,25%,0
UK,2013,Agriculture,4823,,3.2
Brazil,2019,Manufacturing,2899,30%,5.6
Brazil,2018,Manufacturing,4485,35%,4.1
USA,2019,Services,3262,12%,
Germany,2015,Manufacturing,4256,25%,
China,2018,Services,4017,40%,
USA,2013,Services,3977,25%,4.1
India,2018,Agriculture,3479,35%,5.6
India,2020,Services,3538,25%,3.2
France,2022,Agriculture,1945,12%,
UK,2018,Services,2958,45%,
Brazil,2015,Services,1461,55%,4.1
Germany,2014,Services,3432,,3.2
France,2012,Manufacturing,1993,,4.1
UK,2023,Manufacturing,4049,25%,5.6
UK,2014,Agriculture,3168,55%,7.8
France,2012,Services,705,,
Japan,2014,Agriculture,399,55%,-2.5
UK,2014,Agriculture,4048,,5.6
Japan,2011,Services,1193,45%,-2.5
India,2023,Manufacturing,447,30%,3.2
India,2023,Manufacturing,695,25%,0
UK,2018,Agriculture,4558,40%,3.2
India,2016,Manufacturing,4182,12%,4.1
Germany,2023,Services,2284,25%,3.2
Japan,2015,Services,4565,55%,3.2
Japan,2014,Manufacturing,2822,35%,
UK,2013,Manufacturing,1533,45%,5.6
India,2017,Agriculture,2284,12%,5.6
USA,2011,Manufacturing,2033,12%,0
Brazil,2017,Agriculture,2012,55%,4.1
France,2010,Services,859,12%,-2.5
France,2019,Services,3246,55%,4.1
Japan,2010,Services,4465,30%,-2.5
UK,2012,Manufacturing,563,12%,-2.5
UK,2014,Manufacturing,383,12%,3.2
Germany,2023,Manufacturing,2562,30%,0
China,2015,Agriculture,4145,,3.2
Brazil,2013,Agriculture,4869,,0
China,2016,Agriculture,57,55%,7.8
Japan,2016,Services,2053,45%,5.6
France,2011,Agriculture,4309,12%,
Germany,2011,Manufacturing,4926,25%,
Germany,2011,Manufacturing,2178,30%,
Germany,2023,Services,1348,35%,3.2
Japan,2011,Manufacturing,2996,30%,7.8
China,2022,Manufacturing,1894,,-2.5
France,2018,Manufacturing,3661,30%,
Germany,2023,Agriculture,3115,40%,7.8
France,2014,Agriculture,1152,30%,
India,2020,Manufacturing,729,55%,5.6
UK,2017,Manufacturing,4583,12%,
UK,2014,Manufacturing,3419,,5.6
France,2022,Manufacturing,4097,45%,
USA,2020,Agriculture,2873,,
USA,2014,Services,59,30%,5.6
Japan,2010,Manufacturing,4303,25%,4.1
Japan,2015,Agriculture,2881,30%,
UK,2013,Manufacturing,3997,55%,7.8
India,2012,Services,4266,25%,4.1
Brazil,2015,Agriculture,2236,,-2.5
China,2011,Agriculture,723,35%,3.2
China,2017,Services,2077,45%,
Japan,2010,Services,1506,55%,4.1
India,2021,Agriculture,93,55%,-2.5
Japan,2018,Services,4961,12%,4.1
Brazil,2017,Manufacturing,4243,25%,4.1
China,2010,Services,3659,55%,0
France,2019,Services,1944,25%,0
Japan,2021,Agriculture,3831,35%,3.2
Germany,2018,Services,2336,12%,
France,2011,Agriculture,4620,40%,
Brazil,2012,Manufacturing,2621,30%,5.6
Brazil,2011,Services,1465,30%,3.2
Japan,2022,Services,58,35%,7.8
UK,2023,Agriculture,1912,30%,
Japan,2017,Agriculture,1283,12%,5.6
UK,2011,Services,3175,12%,3.2
Brazil,2019,Agriculture,4761,25%,3.2
India,2011,Services,2507,40%,4.1
Brazil,2010,Manufacturing,59,40%,7.8
China,2016,Services,3054,,7.8
France,2021,Manufacturing,4697,12%,-2.5
France,2011,Manufacturing,317,35%,0
USA,2019,Agriculture,3911,,3.2
USA,2014,Agriculture,2764,35%,4.1
Brazil,2014,Agriculture,4596,40%,-2.5
China,2012,Agriculture,2691,,5.6
USA,2012,Services,3856,35%,5.6
France,2022,Manufacturing,1441,30%,0
Japan,2021,Services,1132,25%,5.6
India,2012,Manufacturing,343,25%,0
India,2015,Manufacturing,4129,45%,5.6
China,2023,Manufacturing,2885,40%,5.6
Brazil,2013,Services,4255,30%,3.2
USA,2022,Agriculture,2204,40%,7.8
Japan,2012,Services,2394,55%,3.2
India,2011,Manufacturing,3973,45%,-2.5
India,2022,Services,1904,30%,7.8
Germany,2012,Manufacturing,3918,45%,3.2
Brazil,2013,Agriculture,3840,12%,7.8
Germany,2015,Agriculture,3082,40%,7.8
France,2013,Services,894,12%,7.8
India,2017,Agriculture,1757,45%,5.6
China,2012,Manufacturing,2057,55%,7.8
UK,2021,Manufacturing,1323,45%,5.6
UK,2012,Agriculture,4484,25%,
Japan,2012,Agriculture,2154,35%,7.8
India,2017,Agriculture,3017,45%,5.6
India,2013,Services,4292,12%,7.8
France,2010,Services,4891,55%,-2.5
India,2011,Manufacturing,1262,12%,3.2
China,2022,Services,2345,40%,
Germany,2023,Services,2247,25%,7.8
India,2019,Manufacturing,4859,40%,-2.5
India,2022,Manufacturing,3334,,3.2
France,2022,Agriculture,2314,12%,0
Brazil,2023,Agriculture,1660,40%,
USA,2011,Services,1468,,
Brazil,2023,Manufacturing,1836,12%,7.8
France,2012,Services,4449,55%,0
Brazil,2015,Services,3532,40%,3.2
France,2017,Manufacturing,1927,,3.2
China,2021,Manufacturing,2957,55%,7.8
Japan,2010,Manufacturing,429,12%,-2.5
India,2018,Manufacturing,3350,12%,7.8
France,2010,Services,743,45%,-2.5
France,2019,Services,3626,25%,4.1
USA,2011,Services,4195,,7.8
France,2012,Manufacturing,1497,45%,-2.5
UK,2016,Agriculture,2440,55%,5.6
Japan,2018,Services,1805,45%,-2.5
India,2012,Agriculture,3134,45%,-2.5
India,2017,Agriculture,1929,30%,3.2
USA,2018,Agriculture,2859,,0
China,2019,Manufacturing,897,12%,7.8
India,2016,Manufacturing,3021,12%,3.2
UK,2013,Services,4111,,0
India,2013,Services,1245,25%,3.2
UK,2013,Manufacturing,1562,30%,
Japan,2015,Manufacturing,3952,30%,3.2
Japan,2013,Agriculture,3370,35%,7.8
Germany,2014,Manufacturing,2507,35%,
Germany,2018,Manufacturing,3512,,5.6
UK,2021,Manufacturing,3500,30%,3.2
China,2016,Manufacturing,276,,7.8
India,2017,Agriculture,1857,45%,-2.5
France,2014,Services,4358,30%,0
India,2014,Agriculture,468,25%,4.1
Germany,2022,Manufacturing,1925,25%,7.8
Brazil,2020,Manufacturing,3205,55%,5.6
France,2016,Services,968,12%,4.1
UK,2020,Services,4922,40%,7.8
France,2022,Services,4104,,7.8
Brazil,2023,Agriculture,3868,40%,-2.5
India,2021,Services,4321,,0
India,2017,Manufacturing,2681,,4.1
China,2018,Manufacturing,3724,,
USA,2023,Manufacturing,1395,55%,0
France,2011,Agriculture,4680,35%,5.6
Germany,2012,Services,1879,25%,
Brazil,2021,Services,1713,40%,
Brazil,2021,Services,4469,35%,0
Brazil,2011,Services,134,12%,-2.5
Germany,2019,Manufacturing,3862,12%,5.6
USA,2016,Agriculture,936,,-2.5
India,2021,Services,3389,30%,-2.5
China,2011,Manufacturing,4257,40%,
China,2021,Manufacturing,2725,12%,7.8
Germany,2023,Agriculture,2847,35%,7.8
China,2011,Services,4197,30%,7.8
Brazil,2023,Agriculture,2181,40%,
Japan,2023,Services,3744,25%,4.1
USA,2011,Agriculture,2809,40%,3.2
India,2021,Services,2828,55%,-2.5
Japan,2022,Services,790,25%,0
USA,2013,Agriculture,2926,25%,5.6
UK,2010,Services,4570,45%,3.2
France,2011,Agriculture,1761,25%,7.8
Germany,2012,Agriculture,105,55%,
Brazil,2016,Services,3412,45%,4.1
China,2019,Services,2909,25%,3.2
UK,2010,Agriculture,856,45%,
China,2015,Manufacturing,3106,40%,3.2
Japan,2012,Agriculture,4800,25%,-2.5
India,2012,Manufacturing,1056,12%,-2.5
India,2013,Manufacturing,4153,12%,
India,2022,Agriculture,1831,25%,0
Brazil,2013,Agriculture,1039,40%,5.6
China,2016,Agriculture,3983,45%,5.6
UK,2012,Manufacturing,3214,55%,7.8
India,2017,Agriculture,3419,12%,0
UK,2017,Agriculture,2128,45%,5.6
China,2020,Services,427,30%,4.1
Brazil,2022,Services,2427,55%,3.2
Japan,2016,Services,331,45%,3.2
Brazil,2011,Agriculture,4784,25%,5.6
UK,2014,Agriculture,2969,12%,3.2
Brazil,2015,Agriculture,4214,12%,
Brazil,2021,Manufacturing,3644,12%,3.2
Japan,2019,Manufacturing,1888,25%,
China,2013,Services,4482,55%,7.8
China,2022,Manufacturing,2942,30%,3.2
Germany,2019,Manufacturing,264,55%,
Brazil,2014,Manufacturing,4780,,5.6
China,2023,Services,4568,,-2.5
China,2018,Services,2170,40%,3.2
USA,2020,Manufacturing,3843,12%,5.6
India,2016,Agriculture,2920,,3.2
Germany,2011,Services,835,40%,4.1
France,2020,Manufacturing,987,55%,0
Germany,2010,Agriculture,1739,,
Germany,2011,Agriculture,3761,,7.8
France,2012,Services,1306,12%,4.1
USA,2020,Agriculture,3162,55%,-2.5
Brazil,2011,Services,4584,40%,
Japan,2020,Manufacturing,1387,12%,3.2
China,2012,Services,319,55%,5.6
India,2019,Agriculture,1540,45%,-2.5
UK,2020,Services,2171,12%,3.2
Brazil,2020,Services,1730,,0
France,2021,Manufacturing,4819,40%,5.6
Japan,2023,Agriculture,3903,40%,7.8
Brazil,2021,Services,459,40%,3.2
France,2018,Manufacturing,1491,,5.6
China,2013,Manufacturing,2308,12%,4.1
USA,2021,Manufacturing,841,,3.2
Brazil,2018,Manufacturing,409,30%,7.8
France,2020,Manufacturing,4727,35%,0
China,2012,Services,472,12%,
China,2021,Services,170,55%,7.8
USA,2010,Agriculture,2270,40%,4.1
Germany,2020,Services,4179,45%,7.8
Brazil,2014,Agriculture,3015,45%,7.8
Brazil,2019,Agriculture,120,55%,
Germany,2019,Agriculture,4690,25%,-2.5
India,2023,Services,3742,40%,5.6
India,2011,Manufacturing,4680,,3.2
Germany,2013,Agriculture,3779,12%,
Japan,2011,Manufacturing,63,40%,0
UK,2011,Agriculture,3950,45%,3.2
China,2022,Services,3669,30%,-2.5
UK,2012,Agriculture,320,30%,0
China,2014,Services,3174,55%,-2.5
Germany,2013,Manufacturing,1633,45%,3.2
India,2011,Services,4608,40%,0
Japan,2020,Manufacturing,572,40%,4.1
India,2023,Services,2867,40%,
UK,2023,Agriculture,2889,40%,3.2
India,2019,Agriculture,492,45%,5.6
Germany,2011,Services,2133,40%,-2.5
Japan,2023,Manufacturing,2977,55%,5.6
UK,2015,Manufacturing,1271,35%,4.1
Japan,2016,Manufacturing,3499,45%,4.1
Brazil,2021,Services,2490,45%,5.6
China,2019,Services,2412,25%,3.2
India,2015,Services,4553,35%,4.1
Japan,2016,Services,944,30%,3.2
USA,2010,Manufacturing,3952,25%,7.8
Brazil,2015,Manufacturing,2303,55%,7.8
India,2020,Services,2060,40%,0
China,2012,Services,4240,30%,3.2
Japan,2010,Manufacturing,4685,30%,-2.5
UK,2017,Manufacturing,3265,40%,3.2
China,2013,Agriculture,4654,,3.2
USA,2019,Services,2610,40%,
Japan,2017,Agriculture,2896,12%,5.6
France,2019,Manufacturing,1095,55%,5.6
France,2023,Manufacturing,4883,35%,4.1
Germany,2020,Services,2984,,7.8
India,2013,Agriculture,520,55%,
UK,2013,Manufacturing,4429,35%,0
Germany,2021,Agriculture,421,,0
Japan,2023,Agriculture,3453,25%,3.2
France,2019,Agriculture,1453,45%,
France,2013,Agriculture,4652,55%,-2.5
France,2015,Agriculture,3996,40%,5.6
Japan,2023,Services,4125,55%,-2.5
France,2018,Services,4723,,
China,2014,Agriculture,2570,45%,5.6
Brazil,2021,Services,1057,55%,
Japan,2022,Manufacturing,3396,40%,
UK,2019,Agriculture,717,55%,3.2
Brazil,2023,Services,1496,,0
Germany,2017,Services,4016,30%,
UK,2017,Manufacturing,1957,12%,3.2
Brazil,2013,Manufacturing,2417,,5.6
USA,2020,Manufacturing,2155,,
France,2019,Manufacturing,4418,30%,0
USA,2018,Agriculture,3079,,-2.5
India,2018,Services,90,12%,-2.5
India,2014,Services,4883,40%,7.8
Brazil,2015,Manufacturing,4854,45%,4.1
USA,2014,Services,175,25%,-2.5
Japan,2012,Services,827,55%,7.8
UK,2020,Services,885,30%,0
USA,2017,Manufacturing,928,,3.2
India,2018,Services,4539,55%,
USA,2013,Services,4973,25%,
Japan,2018,Services,886,55%,4.1
USA,2018,Agriculture,574,25%,3.2
UK,2016,Agriculture,1301,45%,
Germany,2017,Services,4291,45%,0
Japan,2012,Services,784,30%,
India,2014,Services,218,25%,4.1
UK,2012,Services,1198,25%,
USA,2016,Services,349,30%,0
USA,2015,Services,3371,30%,5.6
Germany,2020,Agriculture,571,35%,-2.5
India,2012,Manufacturing,667,12%,-2.5
India,2018,Services,3634,40%,-2.5
China,2021,Services,1767,12%,7.8
India,2010,Services,4651,,-2.5
Germany,2019,Manufacturing,351,55%,
France,2012,Services,702,55%,
China,2020,Services,3351,25%,5.6
China,2019,Manufacturing,4209,,3.2
USA,2020,Services,2687,25%,4.1
USA,2016,Manufacturing,2329,30%,3.2
India,2012,Manufacturing,1672,30%,
China,2023,Services,4464,12%,7.8
Brazil,2012,Agriculture,1731,,5.6
USA,2011,Agriculture,4974,30%,0
Germany,2018,Services,141,,
Brazil,2020,Manufacturing,3756,55%,3.2
USA,2013,Manufacturing,1010,30%,4.1
Japan,2019,Manufacturing,4209,30%,5.6
Japan,2022,Services,893,40%,4.1
USA,2015,Agriculture,268,12%,4.1
China,2011,Manufacturing,753,45%,0
France,2018,Manufacturing,4764,12%,4.1
France,2016,Services,296,12%,7.8
China,2019,Agriculture,4087,25%,
UK,2014,Agriculture,106,55%,-2.5
France,2016,Services,4009,40%,
Japan,2023,Agriculture,4902,45%,5.6
Germany,2013,Services,1908,12%,
China,2022,Manufacturing,1962,12%,3.2
India,2019,Services,4271,25%,7.8
Japan,2022,Manufacturing,316,,
Germany,2016,Services,3532,35%,5.6
Germany,2011,Manufacturing,1730,55%,7.8
China,2016,Manufacturing,3243,55%,0
Germany,2013,Services,1581,55%,5.6
China,2013,Manufacturing,2056,12%,
France,2010,Agriculture,4755,30%,
USA,2021,Services,4614,12%,-2.5
Japan,2012,Agriculture,4946,12%,0
UK,2014,Manufacturing,4278,30%,-2.5
USA,2014,Manufacturing,3500,,7.8
Japan,2011,Manufacturing,1069,35%,4.1
China,2013,Services,367,12%,-2.5
Japan,2010,Manufacturing,1650,30%,0
France,2018,Agriculture,760,55%,0
China,2010,Agriculture,3246,,0
USA,2015,Services,500,30%,
India,2016,Agriculture,1931,30%,7.8
India,2012,Services,1793,30%,3.2
Brazil,2021,Services,1373,55%,7.8
Brazil,2010,Manufacturing,3610,25%,0
Japan,2016,Agriculture,2730,35%,7.8
India,2012,Agriculture,4287,45%,4.1
China,2022,Agriculture,3101,12%,5.6
Germany,2019,Manufacturing,4714,40%,4.1
China,2021,Services,2401,45%,4.1
Germany,2021,Agriculture,2754,12%,5.6
USA,2015,Agriculture,2690,35%,3.2
UK,2022,Agriculture,4175,35%,4.1
Germany,2021,Agriculture,3498,30%,7.8
India,2023,Manufacturing,744,55%,4.1
China,2015,Services,4303,35%,4.1
USA,2023,Agriculture,2243,,
India,2021,Agriculture,389,,4.1
USA,2013,Services,1818,40%,7.8
UK,2021,Manufacturing,141,45%,5.6
France,2020,Manufacturing,4474,30%,0
China,2015,Manufacturing,221,45%,-2.5
Japan,2020,Manufacturing,2799,35%,0
China,2019,Agriculture,3152,30%,3.2
Brazil,2013,Services,670,45%,-2.5
UK,2022,Services,1038,,0
China,2017,Services,126,12%,7.8
Brazil,2018,Manufacturing,2248,25%,
Japan,2011,Manufacturing,4287,40%,4.1
Germany,2016,Services,280,,7.8
USA,2018,Agriculture,2225,55%,5.6
Japan,2018,Manufacturing,2957,25%,7.8
India,2021,Agriculture,2594,45%,7.8
UK,2014,Services,3662,55%,3.2
Germany,2010,Manufacturing,2907,40%,4.1
India,2015,Agriculture,1603,25%,
India,2017,Manufacturing,4414,25%,-2.5
UK,2010,Services,2715,45%,0
Germany,2011,Services,3790,55%,0
France,2022,Services,1011,30%,3.2
India,2022,Agriculture,1677,,-2.5
India,2010,Manufacturing,2017,,4.1
Germany,2014,Manufacturing,3381,55%,7.8
China,2011,Manufacturing,1124,25%,
India,2019,Services,3254,55%,4.1
USA,2019,Agriculture,1078,40%,3.2
Germany,2023,Services,697,,7.8
India,2013,Services,4883,55%,0
UK,2010,Agriculture,3212,12%,3.2
Japan,2016,Services,4965,45%,
USA,2017,Services,952,,3.2
Brazil,2014,Manufacturing,4117,45%,3.2
Brazil,2011,Agriculture,1553,12%,4.1
Japan,2017,Agriculture,2912,40%,0
Brazil,2010,Manufacturing,4528,40%,
Japan,2016,Agriculture,2947,25%,0
India,2010,Manufacturing,1395,35%,5.6
USA,2021,Services,539,,
USA,2015,Agriculture,475,25%,0
China,2022,Agriculture,2781,12%,
Japan,2015,Services,4041,55%,0
USA,2014,Services,1457,12%,7.8
China,2011,Agriculture,472,45%,0
Germany,2011,Agriculture,3005,55%,
China,2018,Agriculture,1264,25%,-2.5
UK,2014,Manufacturing,3992,55%,7.8
France,2014,Agriculture,1850,45%,
India,2016,Agriculture,4510,12%,
Germany,2015,Services,2119,40%,
France,2011,Services,4693,25%,5.6
France,2020,Manufacturing,2427,35%,-2.5
Germany,2010,Services,2153,40%,5.6
UK,2014,Agriculture,1321,30%,3.2
China,2013,Agriculture,4406,35%,4.1
India,2021,Manufacturing,3893,12%,3.2
China,2012,Services,484,25%,3.2
USA,2011,Services,3648,40%,4.1
China,2019,Services,3599,40%,0
Brazil,2011,Manufacturing,3821,25%,4.1
Germany,2023,Services,584,55%,0
India,2013,Services,430,40%,7.8
China,2011,Services,2200,,-2.5
India,2013,Agriculture,4174,12%,4.1
India,2012,Manufacturing,3975,55%,-2.5
USA,2018,Agriculture,3178,12%,
USA,2016,Manufacturing,4099,45%,3.2
Germany,2023,Services,596,12%,3.2
UK,2022,Agriculture,3666,55%,
Brazil,2020,Services,4472,25%,0
France,2021,Services,1801,30%,5.6
India,2012,Manufacturing,4874,12%,
UK,2022,Services,3165,40%,4.1
France,2023,Agriculture,268,30%,-2.5
France,2017,Manufacturing,175,25%,-2.5
Brazil,2018,Manufacturing,4464,45%,5.6
Germany,2022,Agriculture,1378,35%,-2.5
France,2016,Services,1273,30%,-2.5
Brazil,2015,Services,4230,35%,4.1
France,2013,Services,2820,55%,0
India,2014,Services,1624,12%,-2.5
India,2017,Services,1992,45%,3.2
Japan,2012,Manufacturing,3390,45%,3.2
UK,2011,Manufacturing,4507,25%,7.8
China,2012,Agriculture,2464,,0
Brazil,2021,Services,1304,40%,0
USA,2016,Services,1037,55%,3.2
Brazil,2017,Services,1898,45%,0
China,2010,Agriculture,3951,12%,4.1
UK,2022,Services,4976,45%,0
USA,2016,Manufacturing,3769,35%,7.8
China,2018,Services,1367,55%,5.6
Japan,2021,Agriculture,1421,25%,
USA,2022,Manufacturing,410,40%,-2.5
India,2023,Manufacturing,407,12%,7.8
China,2023,Manufacturing,3251,35%,4.1
Brazil,2012,Services,3940,45%,5.6
USA,2012,Agriculture,2833,55%,-2.5
Japan,2017,Agriculture,113,55%,3.2
Brazil,2013,Services,2278,12%,5.6
France,2023,Agriculture,2684,25%,-2.5
USA,2017,Manufacturing,3899,35%,7.8
USA,2014,Manufacturing,3988,,-2.5
Japan,2023,Agriculture,1565,25%,0
France,2012,Agriculture,629,40%,
China,2013,Services,4467,40%,-2.5
Germany,2023,Services,2381,12%,3.2
China,2013,Services,2463,12%,7.8
France,2017,Services,2208,35%,4.1
UK,2015,Services,2175,55%,5.6
Brazil,2016,Services,3819,30%,-2.5
Japan,2018,Manufacturing,2333,55%,7.8
China,2015,Agriculture,3816,35%,3.2
USA,2012,Services,3155,25%,4.1
Japan,2022,Manufacturing,3602,40%,
India,2012,Agriculture,3525,35%,5.6
France,2020,Agriculture,1888,,4.1
Brazil,2012,Agriculture,271,30%,-2.5
China,2021,Services,945,55%,3.2
Japan,2019,Services,3461,30%,0
Brazil,2011,Services,3058,25%,7.8
China,2010,Agriculture,1034,45%,7.8
Japan,2020,Agriculture,1682,25%,-2.5
USA,2019,Manufacturing,3720,40%,3.2
India,2010,Manufacturing,2940,30%,5.6
India,2013,Manufacturing,2093,55%,5.6
UK,2012,Manufacturing,1458,12%,5.6
Japan,2014,Agriculture,3922,25%,5.6
China,2021,Services,4727,40%,-2.5
India,2018,Services,1385,30%,-2.5
France,2021,Services,3687,30%,4.1
India,2022,Services,3508,25%,7.8
Germany,2017,Manufacturing,4447,30%,4.1
Germany,2021,Agriculture,3650,12%,3.2
India,2018,Services,4936,55%,0
Japan,2022,Agriculture,1425,45%,-2.5
UK,2014,Manufacturing,1583,45%,4.1
India,2017,Manufacturing,2002,40%,5.6
USA,2013,Services,3307,35%,0
Brazil,2014,Services,3041,45%,4.1
China,2021,Manufacturing,4740,45%,7.8
UK,2012,Manufacturing,3546,25%,5.6
USA,2014,Agriculture,4207,35%,
UK,2021,Manufacturing,3522,45%,3.2
USA,2012,Agriculture,2967,25%,0
China,2014,Manufacturing,1215,35%,7.8
China,2020,Agriculture,4611,25%,4.1
Germany,2023,Manufacturing,2408,30%,-2.5
Japan,2014,Manufacturing,3288,12%,3.2
USA,2015,Agriculture,4961,55%,5.6
Brazil,2018,Agriculture,2200,55%,0
Germany,2010,Services,2125,55%,7.8
USA,2021,Services,3717,45%,0
Germany,2019,Manufacturing,4653,55%,3.2
China,2023,Manufacturing,2231,55%,4.1
UK,2015,Agriculture,108,30%,-2.5
France,2010,Manufacturing,2008,35%,-2.5
Germany,2015,Services,234,40%,4.1
USA,2011,Agriculture,2669,35%,
USA,2017,Manufacturing,1730,,3.2
France,2020,Agriculture,627,35%,5.6
Japan,2012,Services,4004,45%,0
Brazil,2019,Services,4327,40%,5.6
China,2023,Services,120,,7.8
USA,2015,Manufacturing,605,,5.6
India,2015,Manufacturing,901,55%,
UK,2013,Manufacturing,1268,45%,3.2
Germany,2014,Manufacturing,3690,40%,
Japan,2011,Manufacturing,1962,40%,-2.5
Brazil,2019,Manufacturing,2780,45%,
France,2019,Services,2415,30%,3.2
UK,2017,Services,4974,45%,3.2
China,2019,Manufacturing,316,45%,0
Japan,2016,Services,3966,45%,3.2
Brazil,2019,Agriculture,4759,45%,7.8
Germany,2015,Manufacturing,1450,30%,0
Germany,2016,Agriculture,4723,,0
France,2021,Manufacturing,3743,55%,5.6
India,2010,Manufacturing,4777,35%,
France,2023,Services,2376,,3.2
China,2023,Agriculture,2851,25%,5.6
Japan,2014,Services,2084,40%,5.6
Japan,2016,Manufacturing,2880,25%,
USA,2010,Agriculture,1034,30%,0
India,2011,Manufacturing,4149,25%,5.6
India,2018,Services,1125,40%,5.6
Japan,2021,Manufacturing,1073,12%,0
Japan,2012,Manufacturing,3947,35%,0
UK,2015,Services,4924,55%,-2.5
Brazil,2016,Manufacturing,329,45%,3.2
UK,2018,Agriculture,1161,25%,-2.5
UK,2014,Services,1233,40%,
India,2013,Manufacturing,2125,35%,4.1
USA,2020,Services,3649,55%,0
Germany,2021,Manufacturing,4955,25%,7.8
UK,2011,Services,3992,35%,5.6
USA,2012,Services,321,40%,5.6
France,2014,Agriculture,1173,,0
China,2020,Services,4029,30%,5.6
UK,2022,Agriculture,1277,55%,-2.5
France,2011,Services,239,40%,5.6
Germany,2022,Services,595,,7.8
China,2013,Manufacturing,2391,30%,3.2
China,2010,Manufacturing,4016,35%,
Germany,2013,Manufacturing,4064,45%,
UK,2016,Services,4993,35%,
India,2023,Services,4916,35%,4.1
Germany,2021,Agriculture,818,30%,-2.5
Germany,2012,Agriculture,3825,12%,3.2
Germany,2019,Agriculture,2781,45%,3.2
China,2017,Manufacturing,1060,,7.8
Brazil,2015,Manufacturing,4848,35%,
USA,2015,Agriculture,514,30%,7.8
France,2023,Services,2650,45%,7.8
India,2010,Manufacturing,966,35%,7.8
UK,2014,Manufacturing,1502,40%,
UK,2012,Agriculture,3518,45%,-2.5
France,2019,Manufacturing,4339,55%,4.1
USA,2010,Agriculture,115,40%,7.8
Germany,2017,Manufacturing,2652,30%,-2.5
Brazil,2016,Services,1775,25%,5.6
India,2016,Services,4746,12%,3.2
UK,2021,Manufacturing,1549,25%,
France,2019,Agriculture,1954,35%,5.6
Japan,2023,Manufacturing,4621,35%,4.1
Brazil,2019,Agriculture,4014,55%,5.6
France,2019,Manufacturing,2859,35%,0
Brazil,2013,Services,4140,,
UK,2022,Services,936,45%,5.6
Germany,2020,Manufacturing,3858,30%,5.6
Japan,2015,Manufacturing,4227,,0
USA,2022,Manufacturing,2010,25%,
India,2018,Services,2797,40%,4.1
USA,2023,Services,93,35%,5.6
USA,2012,Agriculture,3892,55%,0
France,2018,Manufacturing,4755,30%,4.1
Brazil,2013,Manufacturing,1938,12%,-2.5
India,2014,Services,3948,,3.2
India,2016,Manufacturing,3942,25%,7.8
UK,2015,Agriculture,769,55%,5.6
UK,2019,Manufacturing,740,55%,4.1
India,2017,Services,1995,30%,-2.5
Japan,2017,Manufacturing,159,25%,3.2
China,2017,Services,4364,55%,4.1
UK,2012,Agriculture,4608,30%,4.1
China,2023,Agriculture,564,40%,4.1
France,2019,Manufacturing,686,40%,-2.5
Japan,2015,Manufacturing,3378,30%,0
India,2016,Services,676,12%,4.1
Japan,2018,Agriculture,119,30%,-2.5
UK,2019,Agriculture,2556,30%,4.1
USA,2019,Agriculture,3939,12%,5.6
France,2023,Agriculture,3849,35%,5.6
India,2021,Manufacturing,1900,45%,
Germany,2013,Manufacturing,4369,35%,7.8
France,2014,Services,2928,45%,7.8
Brazil,2017,Agriculture,3402,25%,5.6
China,2010,Manufacturing,4027,55%,-2.5
Japan,2021,Manufacturing,1684,35%,4.1
India,2015,Agriculture,3526,55%,4.1
France,2013,Manufacturing,2593,35%,
Japan,2014,Services,818,35%,
India,2020,Services,2653,12%,4.1
UK,2014,Agriculture,1041,30%,4.1
France,2011,Services,1778,45%,5.6
UK,2017,Manufacturing,2078,25%,-2.5
France,2011,Services,1579,40%,5.6
UK,2013,Manufacturing,538,55%,3.2
Brazil,2021,Agriculture,4202,35%,-2.5
Japan,2022,Agriculture,561,30%,0
Germany,2014,Manufacturing,3369,55%,4.1
France,2023,Manufacturing,2201,12%,0
Brazil,2010,Services,2654,40%,4.1
France,2015,Manufacturing,2157,25%,4.1
UK,2011,Agriculture,784,45%,7.8
India,2023,Manufacturing,3359,45%,3.2
France,2014,Services,420,35%,0
Brazil,2015,Services,2123,40%,4.1
UK,2020,Manufacturing,4751,25%,5.6
USA,2017,Services,4255,45%,0
UK,2018,Services,4918,25%,5.6
Japan,2022,Agriculture,2351,55%,3.2
Germany,2021,Manufacturing,1880,12%,
USA,2015,Agriculture,1909,25%,
Japan,2014,Agriculture,966,25%,
Japan,2021,Services,3225,40%,4.1
Japan,2013,Agriculture,2712,30%,7.8
India,2011,Manufacturing,2684,30%,
Japan,2011,Manufacturing,4742,45%,0
India,2016,Manufacturing,1287,,7.8
Japan,2014,Agriculture,2210,35%,
China,2016,Manufacturing,1385,40%,
Brazil,2022,Manufacturing,2666,35%,3.2
USA,2020,Agriculture,2993,,-2.5
China,2010,Agriculture,811,,
Japan,2010,Agriculture,3768,40%,3.2
USA,2014,Agriculture,2750,,3.2
USA,2011,Services,2181,55%,4.1
France,2017,Agriculture,4864,30%,3.2
Germany,2023,Agriculture,2003,45%,-2.5
China,2012,Manufacturing,998,45%,-2.5
Germany,2010,Manufacturing,351,12%,3.2
USA,2022,Agriculture,4074,35%,-2.5
India,2011,Agriculture,2638,45%,5.6
USA,2019,Agriculture,3744,,3.2
Germany,2019,Manufacturing,2751,55%,
China,2016,Manufacturing,1525,40%,0
Japan,2015,Agriculture,663,12%,5.6
France,2021,Manufacturing,718,30%,3.2
France,2017,Manufacturing,2178,35%,0
France,2016,Agriculture,267,30%,4.1
Japan,2023,Manufacturing,2981,35%,
France,2019,Agriculture,798,30%,0
China,2022,Services,4270,35%,7.8
Japan,2017,Services,250,12%,4.1
France,2012,Services,2671,40%,7.8
Japan,2015,Manufacturing,771,40%,4.1
Germany,2022,Services,1001,55%,0
Brazil,2016,Manufacturing,1931,40%,3.2
Brazil,2019,Agriculture,2277,55%,3.2
China,2020,Services,1482,30%,3.2
UK,2010,Manufacturing,2370,45%,3.2
India,2010,Services,1826,45%,0
France,2016,Manufacturing,748,35%,
India,2022,Manufacturing,3018,,-2.5
Japan,2020,Agriculture,671,25%,4.1
India,2022,Manufacturing,2637,45%,-2.5
China,2012,Manufacturing,509,55%,
China,2012,Services,1134,35%,
USA,2014,Agriculture,349,55%,4.1
Brazil,2020,Manufacturing,2594,35%,3.2
France,2015,Services,1325,12%,7.8
USA,2011,Agriculture,1480,45%,0
India,2012,Manufacturing,3502,,-2.5
UK,2015,Services,2438,12%,
USA,2012,Agriculture,1871,45%,0
USA,2023,Agriculture,1038,,7.8
China,2014,Agriculture,263,,
UK,2018,Agriculture,581,,0
Japan,2021,Manufacturing,2967,55%,7.8
India,2012,Manufacturing,3669,55%,
USA,2021,Agriculture,2034,25%,7.8
UK,2020,Agriculture,2308,55%,4.1
Brazil,2022,Manufacturing,2268,30%,5.6
France,2022,Services,4683,35%,
UK,2015,Agriculture,4821,25%,7.8
Brazil,2020,Manufacturing,4535,35%,5.6
India,2014,Manufacturing,2159,25%,
UK,2014,Services,3110,35%,
Brazil,2020,Manufacturing,1658,25%,7.8
UK,2023,Agriculture,2574,45%,4.1
UK,2023,Manufacturing,4465,,7.8
France,2015,Agriculture,739,45%,0
Brazil,2015,Manufacturing,2149,25%,4.1
Brazil,2010,Agriculture,4802,12%,4.1
USA,2020,Agriculture,4973,40%,5.6
India,2018,Manufacturing,1150,30%,
France,2014,Agriculture,168,25%,-2.5
UK,2010,Manufacturing,2818,12%,-2.5
UK,2017,Manufacturing,555,,0
USA,2016,Manufacturing,2250,35%,-2.5
India,2016,Agriculture,1091,25%,-2.5
China,2023,Manufacturing,3185,12%,7.8
France,2014,Services,546,,3.2
USA,2010,Agriculture,4224,25%,3.2
India,2018,Services,108,45%,-2.5
France,2020,Services,3182,45%,0
UK,2018,Services,3588,25%,0
India,2017,Services,1703,25%,5.6
India,2014,Manufacturing,1756,55%,0
Japan,2023,Services,293,,0
India,2012,Agriculture,2305,40%,7.8
China,2017,Services,1724,45%,7.8
India,2010,Services,2742,35%,
China,2012,Services,88,25%,-2.5
UK,2021,Manufacturing,3297,55%,
China,2020,Services,1665,40%,0
France,2016,Services,69,,3.2
UK,2023,Services,270,30%,0
UK,2013,Agriculture,3821,25%,4.1
China,2016,Manufacturing,300,45%,0
Brazil,2021,Manufacturing,4357,12%,-2.5
USA,2020,Manufacturing,4564,30%,3.2
Germany,2022,Agriculture,556,,-2.5
Brazil,2023,Services,4791,12%,0
India,2014,Agriculture,918,45%,3.2
Japan,2015,Manufacturing,4040,30%,0
Germany,2023,Manufacturing,4637,35%,
India,2016,Manufacturing,1219,30%,-2.5
Brazil,2022,Agriculture,789,,4.1
Brazil,2019,Manufacturing,1840,55%,-2.5
India,2021,Services,473,25%,7.8
UK,2016,Agriculture,3105,30%,3.2
India,2016,Services,4437,25%,7.8
Japan,2016,Manufacturing,2253,40%,
Brazil,2020,Manufacturing,2033,25%,4.1
India,2022,Agriculture,3972,55%,3.2
China,2022,Services,2447,55%,5.6
Germany,2016,Agriculture,2007,45%,4.1
China,2012,Services,4388,55%,3.2
Japan,2021,Manufacturing,1839,25%,4.1
India,2012,Agriculture,634,30%,4.1
France,2016,Agriculture,3250,,0
Japan,2023,Services,1392,40%,3.2
UK,2011,Manufacturing,4240,25%,7.8
China,2023,Manufacturing,4446,55%,-2.5
China,2011,Services,1258,55%,-2.5
USA,2012,Services,2872,40%,3.2
India,2023,Services,3743,45%,5.6
UK,2013,Services,2497,12%,-2.5
France,2015,Services,4835,55%,
China,2022,Manufacturing,1215,12%,-2.5
China,2017,Manufacturing,4806,35%,4.1
UK,2019,Agriculture,2355,40%,
Japan,2019,Manufacturing,1112,12%,
Japan,2016,Services,4450,30%,
India,2013,Manufacturing,3404,55%,-2.5
Brazil,2011,Manufacturing,1897,25%,5.6
USA,2011,Manufacturing,575,25%,7.8
China,2013,Agriculture,4552,30%,3.2
Brazil,2015,Agriculture,1432,55%,
Brazil,2012,Services,4156,45%,5.6
USA,2015,Services,2772,,4.1
Brazil,2014,Agriculture,2037,55%,4.1
Brazil,2014,Manufacturing,4117,55%,3.2
Japan,2011,Manufacturing,4154,,0
Japan,2017,Agriculture,4173,45%,
Germany,2014,Services,735,45%,3.2
France,2020,Manufacturing,2599,35%,
India,2011,Services,4727,35%,-2.5
Brazil,2016,Manufacturing,3916,35%,5.6
Germany,2022,Services,2875,45%,
France,2018,Manufacturing,3784,12%,5.6
Germany,2018,Services,1291,55%,7.8
Germany,2010,Services,3550,40%,0
India,2016,Services,1711,30%,4.1
India,2018,Agriculture,2100,35%,4.1
UK,2015,Services,4188,30%,7.8
USA,2010,Agriculture,3311,30%,7.8
USA,2011,Agriculture,4187,40%,0
UK,2013,Services,3893,12%,-2.5
UK,2023,Agriculture,4875,55%,5.6
Japan,2013,Agriculture,2031,30%,3.2
France,2011,Agriculture,697,,0
Germany,2017,Manufacturing,3973,,7.8
Brazil,2011,Services,2754,,4.1
UK,2012,Agriculture,2032,40%,3.2
China,2023,Services,1978,12%,
USA,2013,Agriculture,2607,,0
UK,2018,Services,4182,25%,
China,2019,Agriculture,2069,25%,0
China,2010,Manufacturing,872,,-2.5
China,2017,Manufacturing,4724,40%,
Japan,2021,Manufacturing,2614,55%,-2.5
Japan,2023,Agriculture,2882,12%,5.6
Brazil,2014,Services,1070,12%,5.6
Brazil,2016,Agriculture,1131,,3.2
China,2017,Manufacturing,2072,45%,5.6
France,2014,Agriculture,4258,40%,
Japan,2017,Services,3725,35%,
Germany,2019,Manufacturing,2933,40%,0
China,2020,Agriculture,1829,55%,0
Germany,2017,Services,1869,12%,0
Germany,2018,Manufacturing,4746,35%,
China,2011,Services,4587,,0
USA,2012,Services,3811,30%,-2.5
France,2010,Manufacturing,277,55%,0
China,2013,Agriculture,923,12%,0
Brazil,2014,Agriculture,3700,,0
China,2020,Agriculture,4816,25%,7.8
Japan,2010,Agriculture,3478,12%,
China,2017,Services,1341,25%,
USA,2011,Agriculture,4840,,3.2
Japan,2010,Agriculture,2966,25%,
Brazil,2011,Services,1077,45%,4.1
India,2022,Services,3599,30%,3.2
India,2014,Manufacturing,170,30%,0
Germany,2018,Services,791,,
France,2018,Manufacturing,3931,,0
Germany,2011,Manufacturing,1559,45%,3.2
USA,2011,Agriculture,1292,30%,5.6
UK,2012,Agriculture,4839,35%,7.8
Brazil,2016,Agriculture,4402,55%,7.8
France,2020,Services,2140,30%,
Brazil,2012,Services,2967,35%,5.6
India,2010,Agriculture,3831,40%,0
Germany,2023,Agriculture,1762,45%,3.2
Brazil,2023,Services,2685,35%,4.1
India,2023,Manufacturing,3814,30%,7.8
USA,2015,Manufacturing,643,55%,5.6
USA,2012,Agriculture,1083,55%,4.1
UK,2010,Agriculture,2889,12%,5.6
Brazil,2023,Agriculture,261,30%,-2.5
UK,2022,Manufacturing,1455,35%,
Japan,2013,Agriculture,3861,45%,5.6
France,2022,Manufacturing,3126,12%,-2.5
Brazil,2010,Services,971,35%,-2.5
USA,2010,Services,2089,,
Germany,2021,Services,2249,55%,7.8
India,2011,Agriculture,4112,45%,4.1
China,2019,Services,3288,30%,4.1
UK,2017,Manufacturing,1543,30%,0
China,2011,Manufacturing,4223,,0
Brazil,2020,Manufacturing,4557,35%,5.6
Germany,2011,Agriculture,1627,30%,3.2
UK,2020,Agriculture,1647,30%,4.1
China,2020,Manufacturing,2478,30%,4.1
France,2019,Manufacturing,3045,55%,3.2
Germany,2019,Manufacturing,362,55%,-2.5
India,2017,Manufacturing,2492,,4.1
France,2021,Services,4031,35%,
Germany,2015,Manufacturing,4125,35%,5.6
Japan,2021,Agriculture,53,30%,5.6
UK,2020,Agriculture,4254,45%,0
USA,2013,Agriculture,935,12%,3.2
India,2012,Agriculture,4238,55%,7.8
Brazil,2010,Agriculture,241,12%,4.1
France,2020,Manufacturing,2430,12%,4.1
France,2012,Manufacturing,1285,30%,
China,2021,Services,3328,55%,5.6
UK,2023,Services,4772,35%,5.6
Brazil,2018,Services,3083,55%,0
USA,2014,Manufacturing,4718,,7.8
Germany,2022,Services,2453,12%,7.8
USA,2015,Manufacturing,4341,30%,7.8
UK,2014,Agriculture,311,30%,
UK,2010,Manufacturing,2419,45%,7.8
Japan,2019,Manufacturing,2517,55%,4.1
Japan,2010,Agriculture,1984,40%,3.2
USA,2013,Agriculture,4477,45%,
Germany,2012,Agriculture,1309,35%,4.1
USA,2020,Services,4826,30%,-2.5
UK,2017,Services,2104,30%,4.1
UK,2021,Services,583,35%,7.8
China,2021,Agriculture,2169,,-2.5
Japan,2016,Services,1573,45%,-2.5
Brazil,2020,Agriculture,2715,40%,4.1
Brazil,2016,Agriculture,2236,45%,0
Brazil,2017,Agriculture,3507,55%,7.8
China,2023,Services,2639,35%,3.2
India,2019,Services,4469,45%,0
Brazil,2016,Agriculture,1990,25%,4.1
UK,2019,Services,3786,55%,0
China,2011,Manufacturing,122,30%,4.1
USA,2013,Services,2937,55%,-2.5
Japan,2020,Agriculture,1037,25%,5.6
Japan,2015,Agriculture,1395,40%,3.2
Germany,2012,Agriculture,3462,30%,
USA,2012,Manufacturing,1836,35%,7.8
Germany,2015,Agriculture,1081,45%,7.8
China,2010,Agriculture,2056,45%,3.2
France,2023,Services,1280,35%,7.8
Brazil,2010,Manufacturing,460,40%,5.6
India,2014,Services,2355,30%,
USA,2010,Agriculture,1869,25%,5.6
USA,2019,Agriculture,3142,25%,7.8
USA,2017,Manufacturing,2641,30%,0
Germany,2011,Agriculture,2552,40%,
China,2015,Manufacturing,711,25%,
USA,2019,Services,1279,30%,7.8
France,2019,Manufacturing,1406,55%,7.8
USA,2014,Services,3142,30%,3.2
Japan,2019,Agriculture,1723,40%,5.6
Brazil,2021,Services,1138,45%,
India,2021,Services,3698,12%,0
Brazil,2013,Services,3600,55%,3.2
Japan,2010,Manufacturing,2010,30%,3.2
Japan,2023,Services,3495,55%,0
India,2023,Manufacturing,549,45%,0
France,2012,Manufacturing,375,35%,3.2
China,2022,Manufacturing,4698,40%,7.8
Japan,2021,Agriculture,937,40%,4.1
China,2013,Agriculture,1045,,0
Japan,2011,Agriculture,3723,45%,
UK,2021,Manufacturing,3090,35%,-2.5
India,2011,Agriculture,978,45%,0
Japan,2011,Services,3018,55%,
UK,2020,Manufacturing,4453,40%,3.2
Brazil,2010,Agriculture,1972,,-2.5
Germany,2019,Manufacturing,4615,40%,3.2
UK,2011,Agriculture,3305,25%,5.6
USA,2015,Services,1704,55%,5.6
Japan,2012,Manufacturing,674,30%,7.8
UK,2019,Agriculture,4394,55%,0
China,2014,Agriculture,2421,12%,4.1
Germany,2010,Services,4749,55%,4.1
France,2017,Services,108,55%,3.2
Japan,2022,Agriculture,2366,55%,-2.5
USA,2013,Agriculture,1327,30%,
France,2018,Manufacturing,736,,0
UK,2013,Manufacturing,4660,12%,7.8
France,2023,Agriculture,582,35%,3.2
France,2011,Services,3225,,
Germany,2012,Manufacturing,3954,,
Brazil,2014,Agriculture,4547,40%,3.2
France,2021,Services,3902,40%,5.6
France,2019,Services,3454,40%,7.8
Japan,2022,Agriculture,2818,40%,
Brazil,2022,Agriculture,2974,40%,3.2
Germany,2023,Manufacturing,2705,12%,5.6
USA,2015,Agriculture,2190,25%,4.1
UK,2016,Manufacturing,623,35%,4.1
Germany,2013,Services,1615,40%,5.6
Germany,2016,Manufacturing,1855,30%,-2.5
India,2019,Agriculture,486,,
Germany,2012,Manufacturing,3131,,7.8
Brazil,2016,Services,2553,12%,7.8
India,2013,Services,2512,25%,4.1
UK,2022,Agriculture,3639,40%,3.2
France,2022,Manufacturing,1448,30%,4.1
Japan,2017,Agriculture,1604,25%,-2.5
Japan,2018,Agriculture,2801,45%,0
UK,2016,Services,2979,40%,3.2
UK,2017,Manufacturing,4907,45%,5.6
Brazil,2017,Agriculture,3877,,0
China,2011,Services,3971,,0
France,2018,Agriculture,3316,55%,
UK,2015,Manufacturing,2743,35%,3.2
Germany,2020,Agriculture,2994,12%,
Brazil,2013,Manufacturing,3547,55%,-2.5
Japan,2014,Services,4121,35%,7.8
USA,2019,Services,2024,,-2.5
Brazil,2014,Agriculture,916,45%,3.2
Japan,2016,Services,1103,12%,7.8
India,2023,Agriculture,2584,25%,0
Brazil,2018,Agriculture,77,25%,4.1
Japan,2016,Manufacturing,3267,55%,4.1
China,2018,Agriculture,2385,55%,5.6
Brazil,2013,Manufacturing,4726,12%,
Brazil,2019,Agriculture,3047,25%,-2.5
France,2023,Manufacturing,2207,40%,
UK,2019,Services,2741,40%,
France,2013,Agriculture,3392,55%,4.1
Brazil,2015,Manufacturing,1605,30%,7.8
UK,2017,Agriculture,325,25%,-2.5
Japan,2023,Manufacturing,2786,45%,7.8
USA,2018,Manufacturing,3732,55%,5.6
USA,2010,Agriculture,1397,,
Brazil,2010,Agriculture,3139,40%,3.2
China,2022,Services,2222,35%,4.1
India,2017,Services,3441,30%,3.2
Japan,2020,Services,202,55%,7.8
UK,2016,Agriculture,1654,45%,7.8
Brazil,2018,Services,2117,12%,3.2
Japan,2020,Manufacturing,1876,40%,0
Brazil,2012,Agriculture,296,25%,4.1
China,2019,Manufacturing,1420,40%,0
Germany,2021,Manufacturing,3597,30%,4.1
Germany,2014,Manufacturing,1741,,0
China,2012,Agriculture,2200,12%,4.1
UK,2014,Agriculture,2694,40%,5.6
France,2019,Services,3440,55%,7.8
China,2010,Services,2448,35%,-2.5
Brazil,2023,Services,2331,12%,-2.5
UK,2020,Services,1720,40%,7.8
USA,2013,Manufacturing,86,35%,3.2
China,2015,Agriculture,3466,55%,7.8
UK,2011,Services,1677,40%,0
China,2022,Manufacturing,2389,35%,0
China,2016,Agriculture,1421,35%,-2.5
France,2017,Agriculture,726,45%,7.8
France,2010,Agriculture,302,40%,-2.5
Brazil,2022,Manufacturing,2914,12%,3.2
UK,2013,Services,1666,55%,
UK,2020,Agriculture,2066,45%,
India,2013,Manufacturing,2281,35%,
China,2022,Agriculture,810,45%,5.6
Germany,2014,Manufacturing,3336,45%,4.1
China,2023,Services,442,35%,5.6
China,2021,Services,3141,55%,3.2
UK,2021,Agriculture,3592,40%,0
China,2013,Services,480,30%,0
Japan,2018,Services,3780,25%,0
China,2016,Manufacturing,1046,45%,-2.5
Japan,2022,Manufacturing,1141,12%,4.1
France,2011,Agriculture,1150,35%,
Germany,2010,Manufacturing,151,25%,-2.5
Brazil,2018,Services,2749,30%,5.6
UK,2010,Manufacturing,942,45%,0
China,2015,Services,2310,30%,0
Japan,2011,Agriculture,1838,35%,4.1
Japan,2013,Services,2230,35%,
France,2015,Manufacturing,3146,45%,4.1
Japan,2014,Manufacturing,4617,40%,3.2
Brazil,2020,Manufacturing,3734,,5.6
USA,2015,Manufacturing,1830,,
India,2012,Agriculture,3664,12%,-2.5
Brazil,2014,Services,4063,35%,5.6
Germany,2011,Manufacturing,1329,35%,
Brazil,2016,Services,4058,45%,0
France,2012,Agriculture,3336,25%,0
France,2010,Services,2731,35%,-2.5
Brazil,2023,Manufacturing,4567,40%,4.1
China,2017,Services,2678,35%,-2.5
USA,2017,Manufacturing,588,45%,5.6
China,2012,Manufacturing,1830,,7.8
China,2022,Agriculture,3576,35%,0
Brazil,2016,Agriculture,2398,40%,0
UK,2018,Services,2010,45%,7.8
UK,2017,Services,3141,12%,5.6
UK,2012,Manufacturing,3612,45%,3.2
USA,2022,Manufacturing,4951,40%,3.2
China,2011,Manufacturing,2354,,0
India,2022,Manufacturing,2550,25%,3.2
Germany,2019,Agriculture,2535,35%,4.1
UK,2016,Manufacturing,2495,12%,5.6
UK,2016,Agriculture,698,30%,3.2
France,2018,Services,2319,35%,-2.5
China,2014,Services,3865,35%,5.6
China,2013,Agriculture,1601,40%,7.8
USA,2017,Manufacturing,4771,30%,0
USA,2023,Services,4921,,5.6
UK,2013,Agriculture,1352,45%,3.2
China,2013,Services,2682,35%,5.6
India,2021,Manufacturing,2582,,
Germany,2023,Agriculture,1318,12%,7.8
Brazil,2021,Services,1823,40%,
China,2011,Manufacturing,3139,,5.6
France,2022,Agriculture,3677,,7.8
Brazil,2010,Agriculture,1216,,7.8
China,2013,Agriculture,2598,40%,5.6
Japan,2016,Agriculture,1600,55%,0
USA,2021,Services,2190,,4.1
France,2018,Agriculture,3570,35%,0
Germany,2018,Agriculture,3704,,3.2
UK,2021,Agriculture,670,45%,
France,2019,Agriculture,2573,25%,5.6
China,2010,Agriculture,4817,35%,
UK,2014,Manufacturing,4946,,
China,2016,Services,220,,5.6
UK,2022,Manufacturing,2469,45%,-2.5
Germany,2016,Services,2829,30%,0
USA,2019,Agriculture,1466,35%,7.8
Germany,2015,Services,988,55%,-2.5
Japan,2020,Agriculture,4980,55%,5.6
India,2019,Agriculture,2081,12%,-2.5
USA,2013,Manufacturing,3227,55%,0
Germany,2012,Manufacturing,2821,40%,5.6
Japan,2021,Manufacturing,3846,40%,
India,2022,Services,2934,30%,
Japan,2018,Services,1781,45%,0
China,2021,Manufacturing,1322,55%,-2.5
Brazil,2022,Manufacturing,1802,45%,3.2
China,2019,Agriculture,2006,35%,4.1
UK,2013,Services,3537,12%,7.8
USA,2017,Agriculture,1741,,7.8
China,2022,Services,4215,,4.1
France,2010,Manufacturing,1307,,4.1
Japan,2016,Services,481,30%,3.2
USA,2021,Services,4315,12%,3.2
Brazil,2015,Agriculture,2133,,3.2
France,2022,Manufacturing,3955,55%,0
China,2021,Manufacturing,4404,40%,5.6
UK,2010,Manufacturing,2348,,3.2
Germany,2013,Agriculture,2154,,0
UK,2021,Agriculture,1234,25%,
France,2023,Agriculture,486,40%,-2.5
India,2014,Services,4375,55%,-2.5
China,2020,Services,4976,,3.2
France,2017,Agriculture,4986,25%,-2.5
India,2013,Agriculture,4765,55%,3.2
India,2012,Manufacturing,2449,45%,-2.5
Japan,2011,Services,671,45%,-2.5
USA,2013,Services,3763,,5.6
Japan,2020,Manufacturing,684,,4.1
China,2019,Manufacturing,3062,30%,5.6
India,2023,Manufacturing,2043,30%,-2.5
Brazil,2022,Agriculture,2725,25%,5.6
France,2013,Agriculture,2390,12%,3.2
Germany,2022,Agriculture,1459,30%,7.8
India,2019,Agriculture,3866,25%,3.2
France,2014,Agriculture,878,35%,5.6
Brazil,2022,Services,2331,12%,0
Germany,2016,Services,586,25%,4.1
Japan,2018,Services,1452,40%,-2.5
Japan,2011,Manufacturing,854,30%,5.6
USA,2014,Services,3331,40%,
France,2020,Manufacturing,901,35%,
India,2019,Services,2275,35%,4.1
UK,2018,Agriculture,605,30%,4.1
Japan,2021,Services,3193,40%,5.6
Japan,2023,Agriculture,4373,30%,5.6
USA,2022,Agriculture,1914,,
Germany,2012,Services,4399,40%,4.1
USA,2010,Services,2144,55%,3.2
Brazil,2011,Agriculture,3528,,4.1
India,2023,Manufacturing,2980,30%,-2.5
France,2015,Manufacturing,2677,25%,7.8
China,2014,Services,303,40%,
China,2010,Agriculture,3570,45%,
France,2010,Manufacturing,108,40%,
Germany,2020,Services,3752,,4.1
Brazil,2013,Services,1771,55%,4.1
Japan,2021,Agriculture,2657,,5.6
Germany,2013,Manufacturing,314,,4.1
Japan,2015,Services,1757,40%,0
Japan,2015,Manufacturing,3264,12%,
China,2019,Services,2343,40%,-2.5
Germany,2023,Services,3337,40%,4.1
Brazil,2015,Manufacturing,2534,40%,4.1
USA,2010,Manufacturing,2785,45%,7.8
Japan,2019,Agriculture,2573,35%,
UK,2018,Agriculture,3505,12%,0
UK,2020,Agriculture,987,40%,
USA,2016,Agriculture,927,40%,4.1
UK,2016,Manufacturing,2754,55%,7.8
India,2020,Agriculture,596,,7.8
Japan,2016,Manufacturing,2512,35%,
USA,2011,Services,3253,,4.1
Germany,2011,Manufacturing,4543,35%,-2.5
Japan,2015,Agriculture,3628,35%,3.2
USA,2016,Manufacturing,3681,45%,0
China,2012,Manufacturing,2265,55%,
Brazil,2022,Manufacturing,3896,55%,5.6
Germany,2013,Manufacturing,279,,7.8
Brazil,2023,Manufacturing,4848,30%,0
China,2021,Agriculture,1477,40%,-2.5
Japan,2012,Manufacturing,1749,45%,0
Germany,2016,Agriculture,4019,55%,5.6
Brazil,2016,Services,3115,35%,5.6
UK,2013,Manufacturing,2195,35%,-2.5
Brazil,2022,Services,56,,0
USA,2016,Agriculture,4322,30%,
Japan,2014,Manufacturing,1279,35%,3.2
India,2010,Services,4444,55%,3.2
Brazil,2019,Agriculture,1873,25%,
Germany,2013,Services,4034,12%,7.8
Germany,2016,Manufacturing,2326,25%,
France,2022,Manufacturing,2993,45%,4.1
Brazil,2011,Manufacturing,680,25%,7.8
Japan,2011,Agriculture,319,30%,0
Japan,2010,Services,4226,30%,
China,2011,Agriculture,3821,40%,4.1
France,2019,Services,4965,30%,7.8
Brazil,2023,Agriculture,550,,5.6
UK,2017,Manufacturing,2800,25%,-2.5
China,2020,Services,1362,40%,7.8
France,2017,Services,2203,,
Brazil,2017,Services,4786,45%,3.2
Brazil,2010,Agriculture,658,25%,
China,2010,Manufacturing,3093,12%,5.6
UK,2021,Services,1713,55%,4.1
France,2019,Agriculture,3344,40%,3.2
Brazil,2013,Services,2047,45%,7.8
Brazil,2015,Manufacturing,2479,25%,
France,2017,Services,4249,35%,7.8
India,2022,Manufacturing,2761,35%,4.1
China,2011,Agriculture,3235,45%,5.6
China,2022,Agriculture,1581,35%,3.2
Germany,2012,Manufacturing,4266,12%,-2.5
UK,2015,Manufacturing,3756,40%,-2.5
USA,2019,Agriculture,3124,25%,4.1
India,2013,Manufacturing,4552,12%,5.6
France,2021,Manufacturing,725,12%,
France,2011,Services,1704,55%,7.8
France,2016,Agriculture,4577,25%,
India,2013,Agriculture,4206,45%,5.6
Brazil,2017,Manufacturing,3594,35%,3.2
France,2017,Manufacturing,3868,40%,-2.5
France,2016,Manufacturing,3493,55%,7.8
UK,2019,Agriculture,1097,12%,3.2
Japan,2018,Services,2503,35%,-2.5
Japan,2013,Agriculture,1381,25%,-2.5
Germany,2016,Services,4132,12%,0
Germany,2019,Manufacturing,2710,12%,7.8
France,2019,Agriculture,2312,25%,5.6
UK,2021,Services,4407,45%,0
France,2010,Agriculture,813,55%,-2.5
Germany,2013,Services,2417,30%,7.8
India,2011,Services,3458,25%,4.1
India,2018,Agriculture,1734,35%,4.1
Brazil,2014,Manufacturing,4514,35%,7.8
USA,2012,Agriculture,919,30%,0
Japan,2013,Manufacturing,2783,12%,3.2
UK,2015,Services,963,40%,3.2
China,2019,Services,3181,,4.1
Japan,2010,Agriculture,1680,55%,5.6
China,2016,Agriculture,592,45%,7.8
USA,2017,Manufacturing,2253,45%,
USA,2016,Manufacturing,2985,30%,0
France,2016,Agriculture,801,30%,-2.5
Germany,2018,Manufacturing,2161,,3.2
USA,2022,Manufacturing,470,35%,0
USA,2013,Agriculture,2420,45%,5.6
China,2023,Agriculture,1536,40%,5.6
Germany,2016,Services,596,35%,
USA,2018,Services,2607,30%,7.8
Japan,2014,Agriculture,1621,55%,5.6
Brazil,2011,Services,503,30%,5.6
USA,2014,Manufacturing,2741,,
Brazil,2013,Agriculture,1807,12%,
Germany,2017,Services,4824,30%,3.2
France,2014,Agriculture,4419,40%,3.2
UK,2018,Services,109,35%,5.6
Germany,2018,Agriculture,4487,55%,4.1
China,2012,Manufacturing,1467,,
UK,2022,Services,2210,35%,4.1
Japan,2019,Agriculture,1388,25%,7.8
India,2015,Manufacturing,516,35%,3.2
Brazil,2015,Services,2360,55%,3.2
Brazil,2013,Services,2521,45%,
Brazil,2020,Agriculture,769,35%,4.1
Germany,2022,Manufacturing,1285,12%,5.6
Brazil,2019,Agriculture,612,55%,7.8
France,2012,Services,1032,30%,4.1
Brazil,2010,Agriculture,3016,45%,4.1
China,2021,Agriculture,2385,55%,5.6
Japan,2016,Manufacturing,4570,35%,-2.5
Brazil,2014,Manufacturing,4699,25%,-2.5
Brazil,2023,Services,4904,25%,4.1
UK,2019,Manufacturing,1780,30%,
Japan,2016,Agriculture,4389,40%,7.8
Brazil,2010,Services,3097,12%,-2.5
Germany,2017,Manufacturing,1407,,
USA,2012,Agriculture,2425,,7.8
France,2016,Agriculture,2812,40%,-2.5
Germany,2021,Services,1835,12%,0
India,2012,Services,2012,45%,3.2
Germany,2023,Manufacturing,1238,25%,
UK,2012,Manufacturing,2728,35%,4.1
UK,2019,Manufacturing,3057,30%,5.6
Brazil,2018,Manufacturing,3173,40%,7.8
Germany,2022,Services,3193,55%,-2.5
UK,2011,Agriculture,2850,40%,4.1
USA,2023,Agriculture,373,30%,0
Japan,2013,Manufacturing,3733,55%,-2.5
Germany,2015,Services,2252,25%,0
France,2023,Manufacturing,1844,30%,5.6
USA,2012,Manufacturing,2298,40%,3.2
Brazil,2021,Services,2392,25%,4.1
Japan,2019,Agriculture,3443,55%,3.2
France,2023,Agriculture,3450,45%,0
Brazil,2019,Manufacturing,2025,55%,
France,2016,Services,3095,12%,4.1
Brazil,2016,Agriculture,1357,40%,-2.5
France,2014,Agriculture,1505,35%,3.2
Japan,2012,Services,1012,40%,-2.5
USA,2011,Services,1767,25%,7.8
France,2013,Agriculture,2479,,-2.5
France,2023,Manufacturing,2589,40%,
China,2022,Manufacturing,3668,25%,7.8
Germany,2013,Agriculture,2428,45%,7.8
Japan,2020,Manufacturing,924,12%,3.2
Brazil,2017,Manufacturing,3720,40%,7.8
Japan,2017,Services,2255,55%,-2.5
UK,2022,Services,4577,12%,4.1
Brazil,2014,Services,1189,12%,5.6
Japan,2022,Manufacturing,3641,45%,
USA,2015,Services,4764,45%,-2.5
Brazil,2017,Services,4764,,0
Brazil,2010,Agriculture,2723,55%,4.1
Japan,2014,Services,4580,,0
Brazil,2013,Agriculture,1595,55%,-2.5
China,2013,Manufacturing,2893,35%,0
Germany,2020,Services,4717,12%,5.6
Brazil,2011,Agriculture,315,55%,0
Germany,2019,Agriculture,151,45%,3.2
Japan,2010,Agriculture,2806,35%,4.1
France,2023,Manufacturing,4023,,4.1
India,2015,Services,1584,35%,4.1
India,2016,Manufacturing,2319,45%,5.6
France,2014,Agriculture,3012,30%,4.1
France,2017,Manufacturing,2533,55%,3.2
France,2018,Manufacturing,1263,30%,3.2
USA,2020,Agriculture,4785,45%,4.1
India,2020,Services,3042,55%,5.6
France,2011,Services,4479,45%,
USA,2020,Manufacturing,956,45%,3.2
UK,2022,Services,1631,25%,0
Brazil,2013,Agriculture,1654,55%,-2.5
USA,2020,Services,619,12%,5.6
India,2018,Manufacturing,1595,25%,4.1
Japan,2014,Agriculture,958,25%,-2.5
UK,2012,Agriculture,4512,25%,5.6
India,2015,Agriculture,4133,25%,5.6
Brazil,2012,Manufacturing,3390,12%,3.2
USA,2023,Manufacturing,2475,25%,-2.5
China,2014,Services,3268,,
Germany,2012,Manufacturing,2215,30%,4.1
Brazil,2015,Agriculture,1063,12%,0
India,2021,Manufacturing,3256,,-2.5
France,2019,Manufacturing,1922,30%,5.6
USA,2014,Services,4959,12%,0
France,2023,Agriculture,255,,3.2
France,2018,Services,865,25%,0
France,2012,Services,115,30%,0
France,2015,Services,4095,35%,-2.5
France,2017,Agriculture,2101,12%,5.6
UK,2016,Services,52,30%,5.6
India,2015,Agriculture,374,25%,5.6
Brazil,2023,Services,654,40%,7.8
India,2011,Services,4941,40%,3.2
Brazil,2016,Agriculture,2632,45%,-2.5
Germany,2017,Manufacturing,2696,30%,5.6
USA,2010,Services,3172,45%,0
China,2018,Manufacturing,3164,55%,7.8
UK,2013,Services,3325,40%,3.2
USA,2017,Manufacturing,396,12%,5.6
UK,2019,Manufacturing,4204,40%,7.8
Brazil,2016,Manufacturing,2777,12%,4.1
India,2023,Manufacturing,2608,30%,3.2
France,2022,Manufacturing,3439,,
Germany,2019,Agriculture,3493,45%,
Germany,2016,Manufacturing,2304,12%,0
Japan,2011,Agriculture,160,30%,4.1
China,2010,Services,72,40%,7.8
Germany,2013,Agriculture,3866,12%,-2.5
France,2021,Manufacturing,2013,30%,4.1
India,2011,Agriculture,4932,45%,3.2
China,2017,Manufacturing,1757,25%,7.8
Brazil,2019,Agriculture,3132,,7.8
USA,2016,Services,3865,45%,3.2
Brazil,2017,Manufacturing,796,35%,7.8
France,2020,Manufacturing,564,40%,7.8
France,2015,Agriculture,3089,40%,3.2
Germany,2010,Agriculture,2906,45%,4.1
China,2023,Agriculture,2391,,0
India,2022,Agriculture,374,45%,
Brazil,2022,Agriculture,3412,,-2.5
Japan,2021,Manufacturing,3540,40%,3.2
Brazil,2018,Services,2557,25%,5.6
UK,2015,Agriculture,3228,45%,7.8
UK,2021,Manufacturing,3374,45%,4.1
India,2022,Services,1612,30%,-2.5
India,2019,Services,1594,25%,-2.5
UK,2010,Agriculture,3279,40%,3.2
Japan,2010,Manufacturing,575,30%,5.6
China,2017,Manufacturing,4683,45%,5.6
UK,2015,Manufacturing,1799,25%,0
India,2017,Manufacturing,4772,35%,5.6
Germany,2017,Manufacturing,890,25%,
USA,2020,Services,2315,12%,3.2
Japan,2023,Services,4738,12%,-2.5
France,2017,Services,762,30%,-2.5
Japan,2019,Manufacturing,116,,5.6
Germany,2016,Services,810,25%,7.8
Germany,2016,Services,514,45%,4.1
France,2019,Agriculture,4241,55%,
Brazil,2013,Services,4553,40%,4.1
India,2018,Agriculture,3239,40%,0
UK,2021,Manufacturing,4949,55%,5.6
Brazil,2011,Manufacturing,1517,30%,
China,2020,Manufacturing,4902,30%,3.2
Japan,2018,Manufacturing,2810,35%,0
France,2019,Services,4506,35%,
Japan,2012,Agriculture,1443,55%,5.6
Brazil,2023,Manufacturing,3743,55%,0
Germany,2022,Manufacturing,4357,25%,7.8
UK,2011,Agriculture,1749,55%,3.2
Japan,2022,Agriculture,1170,12%,5.6
China,2013,Agriculture,1621,35%,-2.5
Germany,2014,Agriculture,4923,40%,3.2
China,2011,Agriculture,778,,7.8
UK,2022,Services,3554,40%,
Japan,2010,Agriculture,665,35%,7.8
USA,2019,Services,420,40%,-2.5
Brazil,2020,Agriculture,3514,12%,4.1
Japan,2014,Agriculture,4777,35%,3.2
Brazil,2018,Manufacturing,4906,30%,5.6
UK,2021,Manufacturing,4992,55%,-2.5
Japan,2021,Manufacturing,997,35%,4.1
Brazil,2014,Manufacturing,1169,12%,5.6
France,2021,Manufacturing,1505,35%,0
Brazil,2020,Manufacturing,2598,,5.6
Japan,2019,Agriculture,2472,,0
India,2018,Agriculture,3661,,5.6
Japan,2023,Manufacturing,2596,40%,0
Japan,2022,Manufacturing,1390,,3.2
Brazil,2021,Manufacturing,3895,55%,4.1
China,2019,Agriculture,1568,,7.8
USA,2015,Manufacturing,2009,,3.2
China,2012,Manufacturing,760,25%,-2.5
Brazil,2013,Agriculture,4620,,3.2
China,2013,Agriculture,623,55%,3.2
Germany,2010,Services,2893,30%,7.8
India,2012,Manufacturing,557,,
China,2012,Agriculture,2272,35%,3.2
France,2022,Services,4837,30%,-2.5
UK,2023,Agriculture,1344,,3.2
France,2010,Services,1747,45%,3.2
UK,2022,Services,837,35%,3.2
Japan,2018,Manufacturing,3839,40%,4.1
Germany,2020,Manufacturing,4717,,3.2
India,2010,Services,2283,,7.8
France,2018,Manufacturing,636,35%,4.1
India,2010,Agriculture,3215,12%,7.8
France,2011,Agriculture,3700,45%,-2.5
Japan,2011,Services,4659,12%,
UK,2023,Services,3299,,-2.5
USA,2015,Agriculture,2751,12%,-2.5
Germany,2016,Agriculture,4086,55%,
France,2020,Services,605,30%,3.2
France,2010,Agriculture,1759,25%,
Japan,2012,Agriculture,4025,30%,5.6
Germany,2011,Services,4440,35%,4.1
UK,2017,Manufacturing,3357,30%,3.2
UK,2018,Agriculture,1560,45%,5.6
France,2022,Manufacturing,2636,35%,-2.5
USA,2011,Manufacturing,3596,12%,3.2
USA,2011,Agriculture,4126,30%,
India,2019,Manufacturing,3556,40%,
Germany,2018,Services,4393,25%,4.1
Germany,2023,Agriculture,3683,12%,
UK,2013,Agriculture,2456,35%,
India,2014,Manufacturing,1511,55%,-2.5
Japan,2022,Agriculture,2221,35%,7.8
Germany,2020,Agriculture,452,30%,-2.5
India,2018,Manufacturing,333,12%,3.2
India,2015,Manufacturing,290,45%,7.8
France,2019,Agriculture,4312,40%,
UK,2021,Agriculture,4706,45%,7.8
India,2018,Services,2245,45%,5.6
Brazil,2018,Services,750,40%,0
USA,2016,Agriculture,2720,45%,7.8
Brazil,2023,Agriculture,1969,30%,0
USA,2021,Services,4410,45%,-2.5
China,2019,Manufacturing,2598,,-2.5
UK,2018,Agriculture,2376,25%,7.8
France,2014,Services,2846,25%,5.6
Japan,2014,Services,2256,55%,-2.5
Brazil,2021,Agriculture,4644,30%,0
Brazil,2017,Agriculture,1660,30%,7.8
China,2019,Services,537,45%,4.1
USA,2013,Agriculture,514,12%,7.8
France,2018,Manufacturing,4373,12%,5.6
China,2016,Agriculture,715,35%,7.8
UK,2016,Services,1539,45%,3.2
France,2022,Services,848,40%,0
UK,2012,Agriculture,2850,40%,4.1
India,2013,Services,3348,12%,
Germany,2016,Manufacturing,3290,,4.1
India,2020,Agriculture,3405,55%,3.2
UK,2020,Agriculture,3979,12%,3.2
Brazil,2023,Services,4407,,0
France,2014,Manufacturing,3923,,7.8
USA,2021,Agriculture,909,55%,7.8
Japan,2012,Services,413,45%,3.2
USA,2010,Agriculture,3982,35%,
France,2016,Manufacturing,2195,30%,0
India,2015,Services,2881,35%,-2.5
Japan,2019,Agriculture,4728,30%,0
France,2016,Services,3622,25%,
UK,2023,Services,965,45%,3.2
Brazil,2011,Manufacturing,1824,12%,0
USA,2022,Manufacturing,3415,40%,0
UK,2021,Agriculture,200,35%,4.1
Japan,2013,Services,3270,30%,-2.5
Japan,2011,Services,3071,,5.6
USA,2017,Services,4287,55%,5.6
UK,2016,Agriculture,3867,,-2.5
China,2010,Manufacturing,1120,55%,0
UK,2011,Manufacturing,3493,12%,3.2
Japan,2011,Services,4239,12%,-2.5
UK,2013,Agriculture,810,45%,5.6
Brazil,2012,Services,4501,12%,
France,2010,Manufacturing,4677,12%,5.6
India,2021,Services,2789,12%,-2.5
Brazil,2023,Services,2067,40%,0
China,2011,Services,966,35%,7.8
Germany,2020,Manufacturing,3993,30%,3.2
France,2018,Agriculture,3510,45%,4.1
India,2022,Services,1542,40%,7.8
Germany,2010,Manufacturing,3671,40%,3.2
USA,2018,Services,776,12%,7.8
Germany,2016,Agriculture,4911,40%,7.8
France,2011,Services,1659,30%,3.2
UK,2011,Agriculture,4798,30%,
France,2014,Manufacturing,4891,12%,3.2
Brazil,2022,Agriculture,989,,5.6
Germany,2014,Agriculture,137,,0
Japan,2013,Manufacturing,612,40%,0
India,2021,Agriculture,1318,55%,5.6
India,2019,Agriculture,1540,35%,
Germany,2019,Manufacturing,4587,12%,7.8
India,2022,Agriculture,3129,35%,
Japan,2021,Agriculture,1622,45%,
France,2012,Services,4704,45%,3.2
India,2013,Agriculture,3221,,-2.5
Germany,2019,Agriculture,2850,25%,7.8
China,2013,Agriculture,3463,40%,0
China,2011,Manufacturing,1307,30%,3.2
USA,2014,Agriculture,4938,40%,5.6
Brazil,2014,Manufacturing,4835,30%,
India,2014,Manufacturing,4622,55%,7.8
Brazil,2020,Agriculture,4830,30%,4.1
France,2020,Agriculture,2469,25%,-2.5
Germany,2019,Agriculture,1193,30%,7.8
India,2010,Agriculture,4687,35%,5.6
UK,2015,Agriculture,4324,55%,-2.5
Japan,2020,Agriculture,3215,,7.8
India,2011,Agriculture,2664,12%,5.6
India,2016,Manufacturing,797,,7.8
Brazil,2013,Services,3539,,4.1
Brazil,2014,Manufacturing,2683,55%,3.2
China,2014,Agriculture,3538,55%,7.8
Japan,2014,Services,1897,30%,
Germany,2011,Services,4075,45%,5.6
India,2014,Agriculture,1195,25%,0
China,2012,Agriculture,2154,45%,5.6
Brazil,2013,Manufacturing,3906,45%,7.8
USA,2022,Services,2818,25%,3.2
Japan,2011,Services,4109,45%,0
China,2013,Agriculture,1858,55%,4.1
China,2022,Agriculture,459,35%,4.1
France,2018,Services,695,12%,
China,2017,Services,3970,40%,5.6
France,2022,Agriculture,1601,12%,0
India,2023,Agriculture,1163,40%,3.2
India,2020,Agriculture,3637,40%,
Brazil,2021,Manufacturing,111,45%,-2.5
USA,2012,Manufacturing,1285,25%,0
UK,2010,Agriculture,4393,55%,5.6
UK,2010,Manufacturing,1777,45%,3.2
UK,2015,Services,4642,55%,4.1
Brazil,2012,Services,4604,55%,5.6
France,2013,Agriculture,3016,40%,3.2
Brazil,2010,Services,3410,40%,5.6
Japan,2017,Services,1462,,4.1
Japan,2010,Services,3634,40%,3.2
USA,2014,Services,1783,12%,4.1
Japan,2015,Services,3680,35%,7.8
UK,2011,Manufacturing,3919,30%,4.1
UK,2016,Manufacturing,2541,30%,5.6
Brazil,2016,Agriculture,2089,35%,3.2
China,2010,Services,4937,25%,-2.5
Japan,2013,Manufacturing,1357,35%,4.1
Brazil,2021,Manufacturing,4062,45%,3.2
India,2022,Manufacturing,1774,12%,-2.5
India,2013,Services,4740,12%,
China,2014,Manufacturing,2505,55%,0
China,2010,Agriculture,991,45%,3.2
China,2010,Agriculture,2086,45%,0
Brazil,2016,Services,1863,55%,0
India,2018,Agriculture,3111,,7.8
UK,2010,Manufacturing,2444,,
China,2011,Services,4417,55%,3.2
USA,2015,Agriculture,1334,12%,7.8
France,2015,Services,445,30%,
Brazil,2011,Manufacturing,3813,40%,4.1
China,2018,Agriculture,4299,45%,7.8
France,2013,Manufacturing,1140,35%,4.1
Germany,2022,Agriculture,2938,35%,0
China,2016,Services,1772,40%,4.1
India,2015,Agriculture,4493,40%,5.6
Japan,2020,Agriculture,4056,12%,0
China,2022,Agriculture,1136,35%,
Brazil,2020,Services,1354,35%,
Japan,2012,Agriculture,3162,40%,0
Germany,2017,Manufacturing,1064,45%,
USA,2016,Services,4422,30%,-2.5
Japan,2018,Services,270,45%,5.6
France,2012,Manufacturing,3855,25%,0
UK,2010,Services,1176,45%,5.6
China,2011,Agriculture,3306,25%,-2.5
Germany,2021,Services,1980,30%,4.1
Germany,2020,Manufacturing,2172,,5.6
Japan,2021,Services,522,45%,3.2
USA,2010,Manufacturing,465,55%,-2.5
India,2020,Services,1918,45%,5.6
China,2014,Manufacturing,4162,25%,7.8
Germany,2019,Services,1583,35%,5.6
USA,2023,Agriculture,1512,45%,4.1
UK,2011,Manufacturing,1915,35%,-2.5
Germany,2012,Manufacturing,4059,35%,7.8
USA,2017,Services,3180,45%,
Brazil,2019,Services,1786,45%,5.6
India,2023,Services,3236,55%,4.1
India,2014,Agriculture,521,,5.6
Germany,2013,Services,3227,30%,-2.5
France,2014,Manufacturing,2976,25%,7.8
Germany,2019,Services,2915,45%,7.8
Japan,2015,Agriculture,3247,35%,5.6
China,2021,Services,2511,35%,
USA,2016,Services,3631,45%,4.1
Germany,2023,Manufacturing,550,25%,3.2
China,2022,Services,170,,-2.5
Japan,2018,Agriculture,1825,35%,-2.5
Brazil,2010,Services,656,,0
Brazil,2013,Services,4495,,7.8
China,2021,Manufacturing,869,55%,7.8
Germany,2021,Services,3314,35%,0
India,2018,Manufacturing,833,25%,5.6
USA,2014,Manufacturing,1896,12%,5.6
USA,2017,Services,4642,30%,-2.5
Brazil,2021,Manufacturing,441,55%,5.6
Brazil,2010,Manufacturing,3795,55%,3.2
India,2013,Services,1182,12%,3.2
France,2021,Services,3026,55%,3.2
Germany,2023,Agriculture,2567,55%,0
Brazil,2021,Agriculture,4495,55%,
Brazil,2018,Manufacturing,4920,30%,4.1
Brazil,2022,Manufacturing,2246,30%,3.2
USA,2010,Services,3510,35%,0
Germany,2010,Agriculture,4489,35%,-2.5
Japan,2013,Agriculture,726,45%,-2.5
Germany,2023,Services,644,45%,
China,2012,Services,3934,35%,3.2
India,2016,Services,3201,55%,0
France,2020,Services,3374,25%,3.2
Brazil,2012,Agriculture,2984,12%,
Brazil,2010,Services,4383,45%,
Germany,2021,Services,3035,40%,5.6
France,2020,Agriculture,2413,40%,0
Brazil,2019,Services,889,55%,0
France,2011,Agriculture,2560,40%,0
Japan,2019,Agriculture,3819,45%,0
UK,2022,Services,4737,30%,5.6
India,2013,Services,2937,,4.1
France,2010,Manufacturing,3093,30%,3.2
USA,2010,Manufacturing,1681,25%,-2.5
China,2021,Agriculture,1455,,
USA,2023,Agriculture,4295,55%,7.8
Brazil,2017,Manufacturing,2539,40%,7.8
Japan,2016,Agriculture,4540,30%,0
Japan,2023,Manufacturing,3486,35%,0
USA,2017,Services,55,25%,-2.5
India,2022,Services,2631,45%,7.8
USA,2013,Services,269,40%,0
Germany,2015,Agriculture,2968,30%,
Brazil,2022,Services,61,55%,
Brazil,2012,Agriculture,2892,30%,4.1
USA,2020,Services,507,,5.6
China,2022,Agriculture,2322,30%,7.8
China,2017,Agriculture,216,55%,5.6
Brazil,2013,Manufacturing,2023,12%,-2.5
UK,2012,Manufacturing,1994,40%,-2.5
China,2013,Manufacturing,2245,12%,4.1
USA,2015,Agriculture,4181,,7.8
China,2020,Manufacturing,3878,12%,
Brazil,2016,Manufacturing,4787,35%,3.2
India,2016,Manufacturing,289,55%,7.8
France,2023,Agriculture,966,55%,5.6
China,2021,Agriculture,3002,45%,3.2
Germany,2013,Manufacturing,3488,40%,4.1
India,2017,Manufacturing,905,30%,5.6
UK,2016,Agriculture,2714,40%,5.6
Germany,2011,Agriculture,3288,40%,5.6
USA,2022,Manufacturing,603,35%,0
France,2017,Manufacturing,2863,40%,3.2
USA,2018,Manufacturing,1935,40%,0
France,2014,Agriculture,2995,40%,0
France,2013,Manufacturing,1278,12%,5.6
USA,2013,Agriculture,244,55%,-2.5
Germany,2022,Services,3737,12%,
Germany,2013,Manufacturing,1475,25%,7.8
France,2015,Services,3869,35%,-2.5
Germany,2020,Agriculture,2743,12%,5.6
France,2013,Services,3803,35%,7.8
Brazil,2016,Manufacturing,2021,30%,
France,2016,Services,549,,7.8
Brazil,2014,Services,4164,40%,
India,2022,Services,3823,55%,5.6
Japan,2014,Agriculture,3697,25%,0
India,2019,Manufacturing,2916,45%,7.8
USA,2017,Agriculture,736,40%,
Japan,2016,Services,2117,25%,7.8
China,2023,Services,3971,35%,7.8
USA,2016,Agriculture,497,25%,7.8
UK,2015,Agriculture,1816,55%,3.2
India,2016,Services,1174,35%,0
Germany,2016,Manufacturing,343,40%,3.2
India,2019,Agriculture,4210,35%,3.2
Germany,2023,Services,2596,55%,
Japan,2011,Services,125,,5.6
UK,2023,Manufacturing,3825,12%,0
Japan,2019,Services,2732,30%,-2.5
UK,2011,Agriculture,3246,45%,4.1
India,2023,Services,2124,30%,0
Germany,2019,Services,1349,,-2.5
Japan,2016,Services,2777,40%,
UK,2023,Services,4228,,
France,2019,Manufacturing,3584,30%,7.8
USA,2016,Agriculture,2103,25%,
USA,2016,Services,1749,40%,-2.5
Japan,2014,Agriculture,4513,40%,4.1
Germany,2010,Manufacturing,2568,,-2.5
France,2023,Agriculture,1787,45%,
Japan,2011,Manufacturing,1980,40%,4.1
India,2022,Agriculture,419,30%,4.1
UK,2018,Agriculture,3789,40%,-2.5
Brazil,2017,Services,4423,45%,7.8
India,2017,Agriculture,389,,7.8
USA,2019,Services,2912,55%,3.2
UK,2010,Services,663,12%,-2.5
Japan,2015,Agriculture,1153,45%,0
India,2018,Services,3827,35%,5.6
China,2017,Agriculture,842,,3.2
Brazil,2012,Services,116,40%,-2.5
Germany,2013,Services,4360,12%,3.2
France,2012,Manufacturing,4561,55%,
France,2015,Manufacturing,4697,,
Germany,2023,Agriculture,3845,45%,
China,2018,Services,620,,-2.5
USA,2017,Manufacturing,589,55%,-2.5
UK,2022,Manufacturing,166,25%,3.2
Germany,2019,Manufacturing,2248,55%,-2.5
China,2013,Services,3081,35%,4.1
Japan,2011,Agriculture,3506,55%,-2.5
Brazil,2022,Services,3101,12%,5.6
France,2017,Services,2531,25%,0
Brazil,2017,Manufacturing,2417,,7.8
China,2023,Services,1684,,5.6
Brazil,2021,Services,291,35%,7.8
USA,2020,Manufacturing,514,25%,7.8
USA,2015,Manufacturing,2300,35%,0
India,2023,Services,4694,30%,4.1
Germany,2017,Manufacturing,1928,,5.6
India,2018,Agriculture,4931,25%,-2.5
Brazil,2022,Agriculture,4686,30%,0
France,2010,Agriculture,2584,30%,-2.5
China,2018,Agriculture,1955,45%,-2.5
UK,2011,Agriculture,3859,55%,
Brazil,2023,Manufacturing,621,12%,-2.5
UK,2022,Manufacturing,2758,12%,-2.5
USA,2010,Agriculture,3691,45%,5.6
UK,2017,Agriculture,3554,40%,7.8
UK,2017,Agriculture,3669,25%,7.8
France,2020,Manufacturing,706,55%,5.6
UK,2013,Manufacturing,3201,45%,7.8
Brazil,2017,Services,998,25%,
China,2016,Services,4160,55%,0
UK,2022,Services,3072,30%,-2.5
Japan,2011,Services,356,25%,-2.5
UK,2014,Manufacturing,754,12%,4.1
UK,2023,Manufacturing,4542,55%,
India,2019,Manufacturing,727,12%,-2.5
China,2013,Manufacturing,2962,12%,3.2
Brazil,2012,Agriculture,4043,55%,0
USA,2010,Services,260,45%,3.2
India,2014,Manufacturing,4544,25%,5.6
Brazil,2019,Manufacturing,1446,55%,3.2
Germany,2017,Services,3510,,7.8
China,2021,Manufacturing,4403,12%,7.8
Japan,2018,Agriculture,2212,30%,0
China,2016,Manufacturing,4479,30%,3.2
Germany,2021,Services,4494,25%,3.2
Germany,2020,Agriculture,2330,55%,-2.5
Germany,2010,Agriculture,4594,45%,0
France,2010,Services,3198,55%,-2.5
USA,2010,Services,4130,55%,0
UK,2011,Agriculture,877,35%,4.1
China,2010,Manufacturing,2705,30%,0
Brazil,2013,Services,2195,,3.2
France,2019,Agriculture,3751,25%,
Brazil,2018,Services,4607,55%,-2.5
UK,2021,Manufacturing,549,12%,5.6
UK,2013,Manufacturing,2728,12%,-2.5
Japan,2022,Agriculture,1111,35%,5.6
Germany,2013,Manufacturing,3546,12%,7.8
USA,2016,Manufacturing,4272,55%,0
Japan,2023,Manufacturing,1176,25%,4.1
India,2020,Services,2039,35%,-2.5
France,2018,Agriculture,2574,,0
France,2016,Agriculture,3350,40%,
USA,2010,Agriculture,2820,35%,-2.5
UK,2010,Manufacturing,4230,30%,7.8
Brazil,2013,Services,1432,45%,-2.5
France,2013,Agriculture,4931,45%,7.8
USA,2010,Services,4217,25%,0
France,2015,Agriculture,3216,30%,4.1
France,2019,Manufacturing,2685,30%,3.2
Germany,2011,Agriculture,1079,25%,
India,2020,Agriculture,1668,40%,4.1
Germany,2014,Manufacturing,4297,35%,5.6
India,2017,Manufacturing,3678,55%,0
France,2012,Agriculture,1285,55%,
Japan,2018,Services,2680,45%,
Brazil,2016,Manufacturing,4033,25%,3.2
UK,2018,Agriculture,1455,40%,0
France,2010,Manufacturing,4287,25%,0
India,2014,Services,1597,55%,-2.5
India,2021,Agriculture,1934,45%,7.8
India,2022,Agriculture,2234,55%,4.1
France,2012,Services,268,55%,7.8
USA,2013,Services,4400,35%,-2.5
Japan,2013,Agriculture,861,25%,-2.5
USA,2020,Services,319,35%,0
UK,2021,Services,4749,35%,7.8
France,2016,Agriculture,3255,55%,4.1
India,2019,Manufacturing,1236,45%,0
Japan,2020,Services,1783,55%,4.1
Japan,2017,Manufacturing,4846,,4.1
China,2020,Manufacturing,3017,45%,3.2
UK,2019,Manufacturing,122,40%,3.2
Brazil,2014,Services,4688,25%,4.1
Brazil,2022,Agriculture,4111,,-2.5
Japan,2022,Agriculture,680,,7.8
France,2021,Agriculture,2892,,3.2
India,2019,Agriculture,927,12%,4.1
India,2016,Agriculture,806,25%,7.8
Japan,2012,Agriculture,2715,55%,4.1
USA,2012,Manufacturing,4343,45%,7.8
UK,2012,Manufacturing,1500,,5.6
India,2021,Manufacturing,2590,12%,3.2
Japan,2013,Services,131,,3.2
India,2015,Services,1381,45%,0
Brazil,2014,Services,1772,40%,4.1
Japan,2017,Agriculture,406,45%,0
UK,2023,Manufacturing,1369,40%,4.1
Japan,2023,Services,629,12%,
China,2021,Manufacturing,4445,30%,7.8
Japan,2022,Agriculture,695,12%,4.1
Japan,2014,Manufacturing,2283,30%,-2.5
France,2020,Agriculture,2681,25%,0
Brazil,2021,Services,3349,35%,0
UK,2014,Agriculture,357,,
France,2023,Agriculture,283,12%,
Japan,2019,Manufacturing,1084,,7.8
UK,2011,Agriculture,2272,35%,
China,2021,Services,2870,35%,3.2
UK,2020,Services,4788,35%,0
India,2020,Agriculture,1785,40%,-2.5
France,2014,Manufacturing,4327,35%,7.8
UK,2021,Services,991,12%,3.2
Brazil,2016,Services,399,,5.6
China,2011,Agriculture,2736,45%,-2.5
Germany,2023,Agriculture,1455,,
Japan,2022,Services,3677,,4.1
UK,2015,Agriculture,1595,12%,3.2
Japan,2016,Agriculture,4370,12%,7.8
USA,2014,Services,1801,55%,4.1
India,2018,Manufacturing,1796,55%,5.6
France,2023,Manufacturing,4431,25%,
India,2013,Services,1404,35%,
USA,2023,Agriculture,3682,35%,-2.5
USA,2023,Services,4338,55%,0
France,2022,Services,1218,45%,0
UK,2019,Agriculture,4816,25%,-2.5
USA,2010,Manufacturing,4094,,0
Germany,2023,Manufacturing,2635,45%,7.8
Japan,2017,Agriculture,4757,55%,-2.5
Japan,2017,Services,950,,-2.5
China,2016,Agriculture,3391,45%,4.1
Brazil,2017,Services,4196,35%,
USA,2011,Agriculture,177,30%,0
USA,2012,Agriculture,1725,30%,
Germany,2018,Manufacturing,1827,55%,-2.5
India,2010,Manufacturing,283,,5.6
India,2017,Agriculture,2545,45%,-2.5
Japan,2017,Agriculture,633,25%,0
Japan,2016,Manufacturing,1516,25%,0
UK,2022,Services,552,12%,0
France,2023,Manufacturing,4430,40%,0
Brazil,2020,Services,1205,,4.1
Germany,2014,Manufacturing,1549,55%,7.8
France,2013,Manufacturing,985,55%,4.1
France,2019,Services,2641,30%,0
China,2019,Agriculture,405,,5.6
France,2022,Manufacturing,2044,55%,-2.5
China,2019,Manufacturing,1495,35%,3.2
France,2023,Manufacturing,2709,30%,3.2
Germany,2019,Agriculture,3330,35%,7.8
China,2015,Manufacturing,4024,55%,3.2
India,2021,Agriculture,2554,30%,0
China,2020,Manufacturing,2196,,3.2
China,2010,Services,1260,45%,4.1
Germany,2022,Manufacturing,679,30%,5.6
Germany,2014,Manufacturing,2767,35%,
China,2023,Agriculture,4932,,0
Brazil,2013,Agriculture,1544,55%,3.2
USA,2013,Agriculture,1157,35%,0
Brazil,2016,Services,3127,,7.8
Germany,2018,Services,3484,12%,5.6
Brazil,2017,Agriculture,3104,30%,-2.5
Brazil,2020,Services,2865,25%,
UK,2022,Agriculture,3831,40%,0
UK,2023,Services,2085,12%,5.6
India,2021,Agriculture,219,55%,7.8
France,2017,Agriculture,3881,,7.8
China,2014,Services,2346,25%,5.6
USA,2015,Manufacturing,4807,45%,3.2
India,2011,Agriculture,2837,55%,5.6
China,2022,Agriculture,3365,45%,4.1
Brazil,2020,Manufacturing,681,45%,3.2
Germany,2023,Agriculture,854,35%,3.2
UK,2012,Agriculture,3084,35%,5.6
Japan,2014,Services,3137,25%,7.8
USA,2011,Manufacturing,4530,25%,-2.5
Brazil,2012,Agriculture,3462,,-2.5
Japan,2013,Agriculture,3919,35%,5.6
UK,2015,Manufacturing,841,30%,0
Brazil,2014,Manufacturing,4191,30%,5.6
France,2019,Services,2601,40%,-2.5
France,2013,Services,3891,25%,
Japan,2022,Services,3264,,5.6
Germany,2011,Agriculture,3406,30%,
Brazil,2021,Manufacturing,4975,12%,
China,2020,Services,2622,55%,4.1
Brazil,2014,Manufacturing,3954,12%,
Germany,2014,Agriculture,2144,55%,7.8
Brazil,2020,Agriculture,4673,,-2.5
Japan,2016,Manufacturing,665,35%,-2.5
Germany,2010,Manufacturing,4043,40%,-2.5
UK,2013,Services,4346,12%,7.8
USA,2020,Manufacturing,2351,40%,-2.5
Germany,2014,Services,2280,45%,0
Brazil,2017,Manufacturing,1622,12%,-2.5
UK,2021,Manufacturing,3078,25%,5.6
USA,2021,Manufacturing,2587,12%,0
France,2017,Agriculture,554,30%,3.2
China,2010,Agriculture,1995,35%,-2.5
Japan,2014,Agriculture,1911,35%,4.1
Brazil,2019,Services,3772,40%,3.2
Brazil,2010,Services,3733,25%,3.2
France,2010,Agriculture,453,55%,7.8
China,2011,Agriculture,4381,25%,5.6
France,2011,Manufacturing,1669,30%,
India,2018,Manufacturing,2956,,5.6
France,2013,Services,3063,55%,3.2
UK,2012,Services,3666,35%,7.8
USA,2020,Manufacturing,4778,40%,0
Brazil,2010,Services,1619,40%,4.1
France,2021,Agriculture,3766,35%,-2.5
Brazil,2011,Manufacturing,189,,
Germany,2015,Manufacturing,4733,55%,0
China,2018,Services,1893,12%,-2.5
France,2014,Manufacturing,3428,12%,3.2
USA,2013,Manufacturing,3014,25%,7.8
UK,2022,Agriculture,4715,40%,4.1
India,2014,Manufacturing,3219,35%,7.8
Brazil,2018,Manufacturing,2222,12%,
China,2021,Manufacturing,3470,35%,
Japan,2022,Manufacturing,3093,25%,5.6
USA,2016,Agriculture,1299,45%,
Japan,2017,Manufacturing,2747,35%,5.6
USA,2013,Agriculture,2803,30%,0
USA,2020,Agriculture,4484,30%,
UK,2017,Agriculture,4984,45%,5.6
UK,2015,Services,3934,40%,-2.5
UK,2014,Services,144,30%,7.8
France,2022,Manufacturing,4341,35%,7.8
Germany,2021,Agriculture,4337,55%,3.2
USA,2016,Services,4667,,3.2
China,2015,Manufacturing,4898,30%,
Japan,2012,Services,1725,45%,
UK,2014,Agriculture,62,55%,0
France,2018,Manufacturing,2351,,4.1
UK,2016,Agriculture,4133,55%,3.2
Japan,2021,Agriculture,422,25%,-2.5
Japan,2013,Services,4539,30%,4.1
Brazil,2016,Manufacturing,467,25%,5.6
USA,2014,Manufacturing,866,12%,5.6
UK,2020,Manufacturing,4919,45%,0
Japan,2022,Services,1853,12%,5.6
Germany,2011,Manufacturing,3662,30%,7.8
Germany,2022,Services,3454,40%,5.6
UK,2015,Manufacturing,2989,45%,3.2
France,2016,Services,1382,25%,7.8
Japan,2017,Manufacturing,3296,25%,3.2
Brazil,2015,Services,805,,4.1
USA,2017,Agriculture,3575,,3.2
USA,2016,Agriculture,1846,25%,0
France,2011,Agriculture,4019,40%,4.1
Brazil,2023,Manufacturing,3109,45%,0
USA,2015,Services,2227,30%,7.8
Brazil,2018,Agriculture,3606,40%,4.1
India,2021,Manufacturing,2100,40%,5.6
UK,2015,Services,2039,25%,
USA,2013,Agriculture,604,12%,
Germany,2016,Agriculture,315,55%,-2.5
Japan,2012,Manufacturing,972,,5.6
Brazil,2014,Services,2121,40%,7.8
Brazil,2010,Manufacturing,583,45%,-2.5
China,2019,Agriculture,4033,55%,3.2
France,2012,Manufacturing,1743,12%,3.2
China,2017,Manufacturing,2101,35%,-2.5
USA,2018,Agriculture,3740,,3.2
China,2018,Agriculture,4953,30%,5.6
China,2019,Services,2881,25%,0
India,2011,Services,4377,,
Brazil,2013,Agriculture,2970,,4.1
Germany,2014,Agriculture,4895,,5.6
France,2012,Services,4217,12%,3.2
Germany,2022,Manufacturing,4673,35%,0
India,2020,Agriculture,935,45%,5.6
India,2010,Agriculture,1508,12%,
China,2015,Manufacturing,3845,30%,3.2
UK,2023,Services,3205,45%,5.6
Brazil,2019,Services,3460,55%,3.2
Japan,2011,Manufacturing,4074,55%,7.8
Brazil,2018,Agriculture,612,30%,-2.5
Japan,2010,Manufacturing,4076,45%,3.2
China,2020,Agriculture,3021,40%,
Japan,2018,Services,394,55%,5.6
India,2016,Agriculture,2766,55%,4.1
Germany,2020,Agriculture,2728,30%,
Japan,2022,Agriculture,1722,30%,3.2
Brazil,2019,Agriculture,3177,25%,3.2
France,2011,Agriculture,4943,45%,
China,2023,Services,4003,45%,5.6
UK,2015,Manufacturing,1169,35%,5.6
China,2017,Services,1962,30%,0
USA,2011,Agriculture,3052,,4.1
China,2014,Manufacturing,2312,25%,
India,2022,Agriculture,792,12%,
Germany,2021,Services,4203,25%,3.2
Germany,2020,Services,2502,12%,7.8
France,2015,Agriculture,2818,45%,-2.5
Japan,2012,Agriculture,832,25%,
India,2023,Manufacturing,146,40%,3.2
USA,2021,Manufacturing,636,35%,5.6
India,2011,Agriculture,4686,,0
China,2020,Manufacturing,4961,55%,3.2
India,2015,Agriculture,2288,12%,7.8
India,2012,Agriculture,966,55%,5.6
France,2011,Agriculture,3399,,7.8
USA,2010,Services,2636,45%,7.8
China,2023,Agriculture,4230,45%,
UK,2017,Agriculture,2538,45%,-2.5
France,2010,Agriculture,3843,55%,-2.5
UK,2021,Manufacturing,2887,,
France,2014,Agriculture,2436,40%,3.2
Germany,2020,Services,1891,45%,-2.5
Brazil,2015,Services,1252,45%,3.2
France,2020,Agriculture,4819,55%,3.2
Japan,2021,Agriculture,779,45%,
India,2021,Agriculture,366,,4.1
Germany,2012,Services,125,30%,5.6
USA,2023,Manufacturing,3096,12%,4.1
UK,2016,Manufacturing,253,25%,5.6
Brazil,2011,Agriculture,4338,12%,0
Brazil,2016,Manufacturing,3825,40%,4.1
France,2011,Services,2994,45%,-2.5
India,2014,Agriculture,4405,,
USA,2016,Manufacturing,3101,,0
Japan,2020,Agriculture,2713,45%,
USA,2020,Agriculture,481,40%,7.8
India,2023,Services,2813,40%,3.2
Japan,2012,Services,4841,30%,4.1
USA,2023,Manufacturing,3212,45%,3.2
Japan,2020,Services,247,45%,5.6
France,2013,Agriculture,88,55%,7.8
France,2010,Services,2568,,3.2
India,2012,Manufacturing,2176,25%,3.2
India,2018,Manufacturing,778,30%,7.8
Japan,2019,Manufacturing,3949,55%,7.8
China,2014,Services,3215,55%,3.2
Germany,2017,Services,4829,,7.8
Brazil,2011,Services,4277,40%,-2.5
USA,2012,Services,2174,30%,7.8
USA,2016,Services,4184,45%,0
China,2023,Manufacturing,3821,12%,0
China,2019,Manufacturing,3307,,3.2
China,2013,Services,3256,12%,3.2
UK,2018,Agriculture,2648,35%,5.6
UK,2023,Manufacturing,4485,,7.8
Japan,2016,Agriculture,3363,30%,4.1
UK,2023,Agriculture,1294,25%,0
France,2020,Manufacturing,4137,,5.6
France,2021,Agriculture,707,30%,3.2
India,2010,Agriculture,3015,35%,4.1
Brazil,2013,Manufacturing,1749,55%,
Japan,2019,Manufacturing,4506,35%,
Brazil,2020,Services,3093,40%,-2.5
USA,2015,Manufacturing,4474,35%,7.8
Germany,2015,Agriculture,1849,,5.6
India,2019,Manufacturing,4585,35%,-2.5
USA,2015,Services,3676,25%,4.1
USA,2014,Manufacturing,4027,,4.1
Japan,2012,Agriculture,2026,12%,4.1
China,2011,Manufacturing,4978,12%,
China,2012,Agriculture,3719,35%,3.2
Brazil,2018,Manufacturing,4242,,0
India,2012,Services,987,30%,5.6
China,2012,Services,1339,25%,5.6
USA,2010,Manufacturing,4720,12%,3.2
China,2011,Agriculture,2200,45%,3.2
UK,2020,Services,4974,,0
China,2021,Agriculture,562,40%,0
USA,2012,Manufacturing,4811,,0
Brazil,2011,Services,1566,30%,-2.5
Japan,2017,Services,2132,40%,-2.5
India,2015,Agriculture,1454,30%,3.2
Germany,2016,Services,4542,12%,4.1
China,2010,Agriculture,1981,12%,4.1
France,2015,Agriculture,1935,25%,5.6
France,2011,Manufacturing,2403,25%,-2.5
Brazil,2022,Agriculture,3857,12%,3.2
USA,2015,Services,2796,45%,
Germany,2012,Agriculture,630,45%,
Germany,2016,Services,2262,40%,-2.5
UK,2012,Agriculture,3379,35%,0
Germany,2018,Manufacturing,151,35%,
France,2012,Manufacturing,4600,12%,3.2
Japan,2016,Agriculture,4338,12%,
USA,2021,Agriculture,3892,12%,0
USA,2013,Agriculture,3013,,7.8
China,2017,Manufacturing,4955,45%,
China,2023,Agriculture,348,55%,5.6
China,2011,Agriculture,4166,35%,0
France,2017,Services,94,35%,5.6
France,2018,Manufacturing,2593,55%,3.2
Brazil,2022,Manufacturing,3909,12%,4.1
France,2017,Agriculture,4828,30%,4.1
France,2015,Agriculture,4444,35%,7.8
France,2019,Services,3602,45%,5.6
France,2010,Agriculture,3205,55%,4.1
Japan,2016,Manufacturing,3181,45%,
France,2010,Services,337,,-2.5
Brazil,2016,Manufacturing,3755,12%,
Germany,2023,Agriculture,566,35%,
Germany,2011,Services,2251,40%,3.2
UK,2017,Manufacturing,4487,45%,7.8
Japan,2011,Manufacturing,4231,55%,-2.5
China,2012,Manufacturing,3708,40%,4.1
India,2022,Agriculture,4336,30%,-2.5
France,2021,Agriculture,3373,30%,
UK,2012,Agriculture,4126,12%,7.8
India,2010,Agriculture,3986,35%,0
Brazil,2014,Manufacturing,1219,35%,7.8
Germany,2014,Services,1040,40%,7.8
UK,2019,Agriculture,3755,12%,4.1
Brazil,2014,Services,1901,12%,4.1
UK,2023,Manufacturing,2759,12%,7.8
USA,2022,Agriculture,4057,,5.6
Brazil,2018,Manufacturing,2671,45%,0
Germany,2015,Agriculture,2228,25%,4.1
Germany,2015,Agriculture,888,,4.1
Japan,2012,Services,1605,35%,3.2
UK,2014,Manufacturing,1272,40%,-2.5
France,2019,Manufacturing,4984,45%,
Germany,2016,Manufacturing,2093,30%,5.6
UK,2012,Services,1483,55%,0
Japan,2011,Services,1218,35%,7.8
France,2014,Manufacturing,997,,
Brazil,2012,Manufacturing,210,30%,4.1
Japan,2014,Agriculture,4609,30%,
USA,2018,Agriculture,3181,25%,5.6
France,2020,Services,2677,55%,5.6
UK,2019,Agriculture,2585,35%,4.1
Germany,2010,Manufacturing,2322,40%,4.1
Germany,2013,Manufacturing,3513,25%,-2.5
UK,2019,Agriculture,4854,12%,3.2
UK,2014,Agriculture,210,25%,0
UK,2011,Services,1834,35%,
China,2021,Agriculture,1994,25%,
France,2011,Services,3232,,0
Germany,2010,Agriculture,4024,35%,0
France,2023,Agriculture,3674,35%,4.1
Japan,2017,Agriculture,3794,40%,7.8
Germany,2011,Agriculture,816,25%,7.8
China,2012,Manufacturing,2077,25%,5.6
UK,2021,Manufacturing,4056,,
USA,2011,Manufacturing,234,55%,3.2
UK,2013,Agriculture,1946,30%,-2.5
Brazil,2023,Services,3345,55%,
UK,2010,Agriculture,2454,45%,4.1
China,2012,Manufacturing,2589,35%,-2.5
France,2014,Services,782,30%,3.2
Germany,2019,Services,1671,55%,0
UK,2010,Manufacturing,627,40%,3.2
Germany,2013,Agriculture,2211,30%,-2.5
India,2015,Services,427,30%,7.8
Japan,2013,Services,3898,45%,3.2
France,2016,Manufacturing,1358,,5.6
Germany,2023,Services,4242,35%,7.8
USA,2016,Services,891,,5.6
Japan,2015,Services,2221,40%,5.6
Brazil,2018,Agriculture,205,30%,4.1
Brazil,2011,Agriculture,4198,45%,3.2
USA,2022,Manufacturing,1752,55%,5.6
UK,2019,Agriculture,2685,45%,
Japan,2017,Services,3435,25%,0
Germany,2017,Agriculture,4871,,3.2
Japan,2020,Services,1463,45%,-2.5
UK,2019,Services,94,,0
China,2023,Agriculture,1736,30%,7.8
France,2023,Agriculture,2219,12%,3.2
USA,2020,Agriculture,3291,12%,-2.5
UK,2013,Agriculture,2775,45%,-2.5
China,2015,Manufacturing,1473,12%,3.2
Japan,2020,Agriculture,4064,45%,0
Japan,2015,Manufacturing,4645,,
UK,2014,Services,123,30%,-2.5
Germany,2023,Manufacturing,3068,40%,3.2
Japan,2010,Services,1610,40%,3.2
Germany,2012,Manufacturing,941,45%,
Germany,2016,Manufacturing,3182,45%,5.6
France,2017,Services,1939,30%,3.2
Germany,2011,Manufacturing,1296,12%,4.1
India,2012,Services,3852,35%,-2.5
France,2013,Agriculture,522,45%,5.6
China,2023,Services,2267,45%,-2.5
China,2020,Manufacturing,750,25%,0
Japan,2014,Agriculture,2129,25%,0
Japan,2012,Manufacturing,102,55%,-2.5
Germany,2014,Agriculture,3037,12%,4.1
France,2017,Services,188,35%,4.1
France,2017,Agriculture,1447,40%,7.8
India,2023,Agriculture,2187,45%,7.8
Germany,2011,Agriculture,877,40%,7.8
India,2015,Manufacturing,2133,45%,-2.5
Brazil,2013,Agriculture,3026,12%,3.2
Germany,2018,Services,1298,55%,5.6
USA,2019,Services,4699,55%,3.2
USA,2011,Services,4885,25%,
UK,2017,Agriculture,4414,40%,-2.5
Germany,2010,Services,235,12%,
France,2020,Manufacturing,3492,55%,4.1
Japan,2015,Services,3243,55%,
China,2020,Agriculture,4978,40%,3.2
UK,2020,Services,1462,35%,4.1
Japan,2023,Agriculture,3238,25%,
USA,2021,Agriculture,2966,25%,0
Germany,2019,Services,1065,25%,5.6
UK,2022,Manufacturing,4587,,-2.5
Germany,2010,Manufacturing,4184,55%,5.6
USA,2011,Services,4311,45%,4.1
UK,2012,Agriculture,1985,,7.8
USA,2018,Services,1518,30%,7.8
India,2014,Agriculture,4588,55%,4.1
USA,2019,Agriculture,4476,55%,0
France,2019,Agriculture,1408,40%,-2.5
France,2021,Manufacturing,1819,30%,7.8
Germany,2011,Manufacturing,2811,30%,5.6
China,2019,Services,2932,12%,4.1
USA,2014,Manufacturing,1239,40%,5.6
Japan,2014,Agriculture,1242,25%,0
France,2010,Agriculture,2866,25%,
Brazil,2012,Services,3671,40%,7.8
China,2014,Agriculture,4906,35%,3.2
India,2018,Services,1092,25%,7.8
UK,2019,Services,275,55%,0
UK,2010,Agriculture,2028,12%,7.8
France,2017,Manufacturing,4027,35%,4.1
China,2010,Agriculture,3881,55%,-2.5
France,2018,Agriculture,2694,55%,0
UK,2015,Services,1933,30%,4.1
Brazil,2010,Manufacturing,590,,4.1
USA,2017,Services,695,35%,4.1
China,2014,Agriculture,4851,,3.2
Germany,2016,Services,4776,30%,5.6
USA,2016,Services,4336,55%,4.1
USA,2016,Agriculture,1738,55%,7.8
USA,2015,Services,904,30%,4.1
Germany,2020,Agriculture,454,,
Brazil,2017,Services,3393,30%,5.6
India,2018,Manufacturing,2527,12%,4.1
Brazil,2021,Agriculture,569,12%,0
Brazil,2011,Manufacturing,2990,,5.6
Brazil,2016,Services,1457,12%,
Japan,2011,Manufacturing,870,25%,
France,2015,Manufacturing,3724,35%,
UK,2011,Manufacturing,4580,12%,
France,2019,Services,3885,55%,-2.5
China,2015,Agriculture,4117,25%,
Brazil,2011,Services,3337,35%,0
India,2010,Services,2231,12%,0
China,2016,Services,4764,12%,7.8
France,2012,Agriculture,3282,35%,4.1
UK,2023,Services,474,12%,0
Germany,2021,Services,1601,,-2.5
France,2023,Agriculture,407,35%,7.8
USA,2022,Agriculture,3496,35%,-2.5
France,2013,Agriculture,1644,30%,3.2
USA,2022,Manufacturing,1060,55%,7.8
Germany,2015,Agriculture,246,40%,0
France,2014,Manufacturing,1083,35%,0
India,2013,Manufacturing,911,40%,0
India,2018,Services,398,45%,3.2
China,2015,Manufacturing,3827,12%,-2.5
Germany,2015,Services,1708,40%,0
Brazil,2011,Manufacturing,624,55%,
India,2015,Agriculture,1869,40%,5.6
France,2016,Services,980,25%,
Germany,2017,Manufacturing,4058,40%,4.1
UK,2023,Services,4732,40%,0
USA,2017,Agriculture,533,45%,7.8
France,2018,Manufacturing,3962,35%,7.8
USA,2019,Manufacturing,407,25%,5.6
USA,2020,Agriculture,4530,40%,4.1
Brazil,2022,Manufacturing,303,25%,4.1
Germany,2021,Manufacturing,4044,25%,3.2
Germany,2012,Services,884,25%,7.8
China,2019,Manufacturing,1240,30%,3.2
USA,2016,Agriculture,1753,55%,3.2
China,2016,Manufacturing,4941,55%,5.6
Brazil,2010,Services,4614,25%,7.8
USA,2017,Manufacturing,542,45%,
China,2013,Services,3459,30%,4.1
China,2014,Manufacturing,4196,12%,0
UK,2023,Services,3177,,
China,2015,Services,2170,12%,
Germany,2012,Manufacturing,3915,55%,
China,2014,Agriculture,101,45%,4.1
USA,2019,Agriculture,311,45%,3.2
China,2014,Manufacturing,3052,35%,3.2
India,2010,Manufacturing,1958,30%,7.8
Japan,2012,Manufacturing,3696,30%,7.8
USA,2012,Manufacturing,2427,55%,
India,2010,Manufacturing,3444,45%,5.6
Brazil,2022,Agriculture,4386,45%,-2.5
USA,2016,Services,1675,12%,
Germany,2010,Services,1278,45%,
Japan,2016,Agriculture,4436,45%,4.1
Japan,2013,Agriculture,1439,40%,4.1
Germany,2018,Services,1537,25%,-2.5
Japan,2016,Agriculture,966,40%,4.1
Germany,2014,Manufacturing,2191,30%,-2.5
India,2016,Agriculture,760,12%,3.2
Brazil,2018,Agriculture,1936,12%,5.6
UK,2019,Agriculture,2266,25%,4.1
USA,2015,Agriculture,1370,12%,-2.5
Germany,2010,Services,2613,30%,
USA,2015,Services,4495,35%,7.8
Brazil,2010,Services,4881,,4.1
India,2022,Services,2676,35%,
UK,2021,Manufacturing,450,55%,4.1
Brazil,2013,Manufacturing,800,30%,3.2
India,2023,Services,4966,,3.2
Japan,2017,Services,1937,12%,
USA,2014,Services,3735,12%,4.1
France,2014,Agriculture,1468,35%,7.8
UK,2022,Manufacturing,2653,55%,5.6
Japan,2019,Manufacturing,3821,40%,5.6
Brazil,2020,Agriculture,2068,55%,-2.5
UK,2017,Agriculture,2086,35%,7.8
Japan,2017,Agriculture,1695,35%,0
India,2010,Manufacturing,3537,30%,5.6
Germany,2022,Agriculture,863,,-2.5
USA,2022,Agriculture,4783,25%,3.2
China,2014,Agriculture,3219,30%,5.6
China,2021,Services,1073,55%,0
India,2014,Agriculture,1559,55%,3.2
Brazil,2017,Services,2088,25%,3.2
USA,2010,Manufacturing,1443,35%,4.1
Brazil,2016,Manufacturing,2396,40%,7.8
USA,2016,Manufacturing,905,25%,7.8
India,2022,Services,1216,25%,
USA,2018,Agriculture,2804,45%,5.6
Germany,2011,Manufacturing,1715,55%,0
Brazil,2012,Agriculture,4088,35%,7.8
India,2013,Services,2022,45%,-2.5
Germany,2010,Manufacturing,3737,,3.2
USA,2016,Agriculture,1166,30%,-2.5
India,2023,Agriculture,3418,45%,3.2
USA,2019,Manufacturing,4592,40%,-2.5
Brazil,2012,Agriculture,783,45%,3.2
India,2012,Services,3833,35%,7.8
USA,2012,Manufacturing,2971,25%,-2.5
Brazil,2017,Manufacturing,3379,35%,5.6
Germany,2018,Manufacturing,4667,55%,5.6
France,2019,Manufacturing,1756,,0
Germany,2022,Services,3548,40%,0
USA,2023,Services,1174,,4.1
India,2011,Agriculture,4767,30%,
China,2019,Services,4904,,0
Germany,2019,Agriculture,1908,40%,-2.5
Germany,2010,Agriculture,2341,30%,3.2
Brazil,2023,Manufacturing,2563,55%,
Japan,2018,Agriculture,3565,25%,0
China,2015,Manufacturing,2050,35%,7.8
USA,2023,Agriculture,1847,25%,5.6
France,2018,Services,2366,25%,5.6
India,2015,Manufacturing,2630,35%,7.8
Japan,2011,Agriculture,2064,55%,5.6
USA,2010,Services,2217,35%,-2.5
UK,2023,Services,3078,,4.1
France,2017,Manufacturing,1997,55%,7.8
Germany,2012,Manufacturing,1193,12%,4.1
UK,2010,Manufacturing,4855,12%,-2.5
Germany,2017,Agriculture,4281,12%,
Germany,2021,Manufacturing,3198,,4.1
UK,2010,Services,985,40%,5.6
France,2017,Services,3207,40%,7.8
Brazil,2010,Manufacturing,50,30%,7.8
UK,2018,Manufacturing,126,45%,
USA,2023,Services,2678,30%,
Japan,2018,Agriculture,2245,55%,
Japan,2021,Services,623,55%,7.8
UK,2022,Services,1598,35%,5.6
USA,2018,Services,235,55%,5.6
Brazil,2012,Manufacturing,4667,35%,5.6
Japan,2013,Agriculture,3892,45%,0
USA,2014,Agriculture,3542,35%,0
Brazil,2015,Manufacturing,2293,12%,4.1
USA,2018,Services,83,35%,3.2
Germany,2022,Manufacturing,1670,35%,4.1
Japan,2020,Manufacturing,1946,35%,7.8
Brazil,2021,Agriculture,2505,55%,4.1
Japan,2013,Agriculture,1850,25%,5.6
Germany,2023,Manufacturing,4682,30%,7.8
UK,2023,Manufacturing,2133,25%,
Germany,2015,Agriculture,1455,,-2.5
Japan,2022,Agriculture,3738,25%,-2.5
Japan,2010,Services,2702,,5.6
France,2011,Manufacturing,4588,55%,0
Brazil,2017,Services,1236,12%,4.1
UK,2013,Services,4183,25%,3.2
Germany,2019,Services,2189,25%,4.1
Brazil,2016,Agriculture,2728,40%,0
India,2013,Services,3844,40%,7.8
Brazil,2023,Agriculture,2769,45%,0
India,2018,Agriculture,4652,30%,5.6
UK,2018,Agriculture,2276,30%,
Germany,2013,Manufacturing,2381,40%,
Germany,2022,Services,4073,,0
USA,2017,Agriculture,4500,,-2.5
Japan,2015,Manufacturing,3418,30%,5.6
China,2010,Manufacturing,4007,45%,4.1
France,2016,Manufacturing,537,12%,5.6
Brazil,2010,Agriculture,328,30%,4.1
UK,2012,Agriculture,2641,35%,5.6
China,2017,Agriculture,699,35%,0
Brazil,2018,Manufacturing,3028,45%,-2.5
China,2012,Agriculture,404,45%,0
UK,2010,Services,2292,12%,7.8
Germany,2010,Agriculture,4949,12%,
UK,2016,Agriculture,2530,55%,3.2
Brazil,2014,Services,607,35%,3.2
China,2022,Agriculture,3536,55%,
Japan,2023,Agriculture,211,25%,3.2
France,2010,Agriculture,748,,
France,2015,Agriculture,2023,,7.8
Japan,2023,Manufacturing,3594,12%,7.8
Japan,2015,Agriculture,3827,35%,7.8
Germany,2023,Services,2255,35%,-2.5
Brazil,2013,Services,541,55%,5.6
India,2016,Manufacturing,2042,45%,
UK,2016,Agriculture,1082,45%,4.1
France,2021,Services,3333,12%,7.8
Japan,2018,Manufacturing,3560,40%,3.2
UK,2021,Agriculture,4969,,
France,2010,Manufacturing,4824,45%,4.1
Japan,2014,Agriculture,835,25%,4.1
Brazil,2019,Manufacturing,1883,35%,3.2
France,2012,Manufacturing,1041,45%,
Germany,2016,Services,4256,12%,
India,2013,Services,1833,25%,0
India,2013,Manufacturing,1234,,4.1
Japan,2022,Agriculture,2511,,5.6
France,2021,Agriculture,1718,55%,7.8
Germany,2010,Agriculture,2363,55%,5.6
USA,2010,Agriculture,621,25%,7.8
UK,2019,Agriculture,4350,12%,3.2
UK,2011,Services,3788,30%,5.6
China,2011,Manufacturing,633,40%,5.6
Germany,2010,Services,2270,30%,7.8
France,2017,Agriculture,357,55%,7.8
Brazil,2015,Manufacturing,4595,35%,4.1
Brazil,2015,Agriculture,111,,5.6
China,2019,Agriculture,4620,,
Japan,2019,Manufacturing,3838,35%,7.8
France,2018,Agriculture,2183,30%,5.6
China,2014,Services,2009,,0
India,2013,Services,2082,,5.6
UK,2020,Services,3812,,-2.5
France,2015,Agriculture,2836,12%,5.6
China,2017,Services,1592,30%,4.1
India,2023,Agriculture,1725,12%,4.1
Germany,2010,Agriculture,4671,40%,
China,2016,Services,83,35%,0
Japan,2017,Services,4011,12%,0
Japan,2018,Agriculture,2849,25%,
Japan,2020,Agriculture,1905,12%,4.1
France,2017,Agriculture,3730,30%,4.1
Brazil,2016,Agriculture,2735,,3.2
Brazil,2012,Services,1107,35%,
UK,2011,Agriculture,4551,30%,3.2
China,2012,Agriculture,3011,40%,4.1
Germany,2013,Agriculture,4438,45%,-2.5
China,2013,Agriculture,2677,30%,7.8
UK,2015,Agriculture,3870,30%,7.8
India,2021,Manufacturing,3207,40%,0
UK,2016,Manufacturing,3693,12%,0
Japan,2021,Manufacturing,3812,55%,3.2
France,2013,Services,2181,25%,4.1
India,2019,Agriculture,656,40%,0
France,2015,Services,2405,25%,5.6
Japan,2018,Agriculture,2349,25%,5.6
USA,2023,Manufacturing,3966,30%,-2.5
UK,2015,Agriculture,4325,30%,4.1
UK,2023,Services,1383,55%,5.6
Germany,2012,Services,4058,55%,-2.5
China,2010,Agriculture,2523,25%,3.2
India,2020,Services,3607,25%,5.6
Brazil,2019,Manufacturing,3783,25%,-2.5
France,2019,Agriculture,2136,12%,4.1
India,2022,Manufacturing,3400,,7.8
Germany,2014,Manufacturing,4961,55%,-2.5
Germany,2019,Services,425,35%,
France,2019,Agriculture,2002,40%,4.1
Brazil,2012,Manufacturing,3760,,5.6
China,2017,Manufacturing,2138,12%,-2.5
France,2019,Agriculture,1743,35%,
France,2010,Services,3605,12%,3.2
Japan,2020,Manufacturing,4330,12%,0
Brazil,2011,Agriculture,121,35%,7.8
China,2012,Agriculture,1824,25%,3.2
UK,2012,Manufacturing,623,,7.8
Japan,2021,Manufacturing,4714,35%,7.8
USA,2017,Manufacturing,4116,45%,
Brazil,2014,Services,3757,55%,-2.5
China,2017,Services,202,45%,4.1
Germany,2020,Agriculture,778,,0
Japan,2023,Agriculture,2329,12%,-2.5
China,2020,Manufacturing,1602,35%,-2.5
India,2015,Agriculture,3713,25%,5.6
France,2021,Services,3617,,-2.5
USA,2011,Agriculture,4321,25%,0
UK,2020,Agriculture,4394,40%,3.2
France,2013,Manufacturing,3156,40%,
India,2018,Manufacturing,4946,45%,-2.5
India,2013,Services,1049,40%,0
USA,2014,Agriculture,1184,45%,-2.5
UK,2014,Agriculture,4792,12%,
Germany,2019,Agriculture,3195,55%,7.8
Japan,2017,Manufacturing,2765,12%,
Brazil,2015,Services,403,,-2.5
UK,2019,Agriculture,1352,25%,5.6
Brazil,2016,Agriculture,4132,,7.8
China,2015,Agriculture,3781,40%,0
India,2023,Agriculture,4671,35%,
China,2023,Services,559,45%,-2.5
Germany,2023,Services,1587,25%,4.1
China,2014,Services,227,40%,7.8
UK,2014,Manufacturing,2426,12%,7.8
China,2012,Agriculture,850,55%,3.2
Germany,2016,Agriculture,3293,35%,7.8
Germany,2022,Agriculture,3716,55%,
Germany,2019,Agriculture,987,12%,0
UK,2014,Services,3077,30%,4.1
Germany,2016,Manufacturing,2070,12%,-2.5
India,2011,Manufacturing,2832,25%,
France,2018,Agriculture,3590,40%,7.8
Germany,2017,Services,2024,35%,4.1
China,2014,Manufacturing,1568,,0
Japan,2011,Manufacturing,2719,12%,3.2
China,2015,Agriculture,1308,30%,-2.5
Japan,2017,Manufacturing,3160,30%,5.6
China,2016,Agriculture,1292,25%,7.8
UK,2017,Services,2803,12%,7.8
China,2013,Agriculture,2725,25%,3.2
UK,2023,Manufacturing,3722,30%,0
UK,2012,Agriculture,469,55%,3.2
Germany,2016,Agriculture,702,25%,0
India,2011,Agriculture,2921,,-2.5
Japan,2023,Agriculture,3295,55%,7.8
Germany,2014,Agriculture,4959,45%,5.6
Germany,2022,Agriculture,917,12%,3.2
France,2016,Manufacturing,4258,45%,
UK,2010,Agriculture,3037,35%,5.6
UK,2013,Manufacturing,223,30%,5.6
Japan,2011,Agriculture,4782,45%,7.8
China,2015,Services,1609,40%,7.8
China,2021,Agriculture,4177,25%,4.1
Brazil,2010,Manufacturing,4642,25%,4.1
Germany,2016,Manufacturing,2292,30%,
Brazil,2012,Services,4673,35%,5.6
USA,2021,Agriculture,2538,35%,-2.5
USA,2010,Services,1562,12%,
Brazil,2017,Agriculture,2821,30%,5.6
China,2016,Agriculture,1693,40%,0
USA,2011,Manufacturing,73,25%,
France,2016,Services,2387,40%,4.1
China,2012,Services,2993,40%,0
UK,2022,Manufacturing,4449,35%,0
Germany,2018,Manufacturing,4776,40%,0
India,2017,Services,1766,,3.2
Germany,2014,Manufacturing,4183,40%,4.1
Brazil,2016,Agriculture,794,45%,-2.5
China,2012,Services,4227,40%,3.2
Brazil,2010,Services,99,25%,3.2
France,2010,Manufacturing,3099,30%,0
China,2020,Agriculture,2792,40%,-2.5
Germany,2011,Services,3939,,4.1
France,2017,Services,1672,30%,-2.5
France,2010,Agriculture,3447,40%,5.6
France,2020,Manufacturing,1837,35%,
Japan,2021,Manufacturing,3405,40%,3.2
China,2014,Manufacturing,1063,30%,
USA,2018,Manufacturing,203,12%,
USA,2021,Agriculture,2951,40%,-2.5
China,2018,Agriculture,2364,,4.1
China,2011,Services,3506,55%,7.8
Japan,2016,Services,2352,40%,
USA,2020,Agriculture,4316,25%,3.2
China,2010,Services,4063,40%,
China,2012,Agriculture,666,25%,-2.5
Brazil,2015,Manufacturing,3099,40%,7.8
Japan,2018,Agriculture,4693,25%,
Japan,2019,Agriculture,1975,25%,7.8
Germany,2011,Services,2507,55%,7.8
Japan,2016,Agriculture,1661,55%,0
India,2013,Manufacturing,4291,30%,4.1
USA,2011,Manufacturing,3159,,4.1
Germany,2012,Services,2587,,4.1
India,2015,Services,4407,12%,5.6
China,2019,Agriculture,1677,30%,
Brazil,2018,Services,4490,25%,
Brazil,2017,Manufacturing,2048,35%,5.6
China,2019,Services,2976,40%,-2.5
Germany,2023,Services,1181,45%,4.1
Japan,2020,Manufacturing,2042,25%,-2.5
France,2018,Agriculture,563,,
Brazil,2013,Agriculture,762,55%,4.1
France,2021,Services,3211,12%,
China,2013,Manufacturing,264,25%,5.6
France,2018,Manufacturing,653,40%,7.8
UK,2017,Manufacturing,3819,12%,-2.5
Germany,2021,Agriculture,4917,35%,
India,2011,Manufacturing,719,35%,0
Germany,2017,Manufacturing,1130,35%,4.1
USA,2010,Agriculture,4704,35%,0
Japan,2018,Manufacturing,1475,30%,5.6
Japan,2018,Agriculture,2319,45%,-2.5
Germany,2022,Services,524,12%,-2.5
China,2017,Services,1181,25%,
China,2020,Services,912,45%,
UK,2014,Services,861,25%,4.1
UK,2014,Services,4322,55%,7.8
Japan,2022,Agriculture,536,40%,-2.5
UK,2012,Agriculture,741,,5.6
Brazil,2014,Agriculture,3158,45%,-2.5
Brazil,2013,Manufacturing,2672,,
India,2010,Services,317,45%,-2.5
UK,2018,Manufacturing,834,,0
India,2019,Manufacturing,3923,30%,5.6
UK,2023,Manufacturing,3021,40%,3.2
Japan,2013,Services,2451,,5.6
Japan,2012,Manufacturing,4959,55%,5.6
India,2015,Services,3391,,
Germany,2010,Services,3121,45%,3.2
Japan,2014,Services,2366,,4.1
Germany,2016,Manufacturing,1251,12%,
China,2011,Services,326,40%,3.2
Brazil,2019,Services,356,,0
India,2018,Agriculture,680,35%,7.8
France,2021,Manufacturing,2635,40%,5.6
Japan,2015,Agriculture,1187,40%,5.6
USA,2011,Agriculture,2231,30%,5.6
China,2017,Manufacturing,1763,,5.6
Germany,2017,Agriculture,1098,25%,0
Japan,2010,Services,1633,55%,5.6
India,2021,Agriculture,3401,35%,3.2
France,2010,Agriculture,4958,30%,3.2
UK,2010,Services,1884,45%,-2.5
France,2021,Agriculture,1001,12%,0
USA,2013,Services,2082,,-2.5
Germany,2013,Manufacturing,1274,,5.6
China,2017,Agriculture,82,45%,4.1
France,2010,Manufacturing,146,30%,0
India,2019,Agriculture,4408,55%,4.1
USA,2012,Services,3191,30%,0
India,2020,Agriculture,2827,45%,7.8
Japan,2010,Manufacturing,3328,12%,7.8
UK,2018,Services,221,40%,4.1
China,2019,Services,4903,30%,-2.5
India,2021,Manufacturing,950,,-2.5
Germany,2018,Manufacturing,4416,40%,3.2
Japan,2016,Agriculture,791,45%,4.1
Japan,2022,Agriculture,2664,40%,3.2
China,2021,Services,1972,45%,
Japan,2017,Manufacturing,2747,,4.1
Germany,2010,Manufacturing,440,45%,
India,2014,Agriculture,1008,,4.1
China,2023,Agriculture,4720,30%,
Brazil,2011,Services,393,45%,3.2
Japan,2022,Manufacturing,3531,40%,0
Japan,2010,Manufacturing,1619,12%,5.6
Germany,2012,Manufacturing,505,25%,-2.5
UK,2016,Manufacturing,493,35%,3.2
UK,2010,Agriculture,4342,55%,4.1
France,2020,Agriculture,2965,40%,0
Japan,2011,Agriculture,2460,25%,7.8
Brazil,2011,Services,3531,12%,5.6
India,2013,Manufacturing,1467,55%,7.8
China,2021,Agriculture,720,55%,
Japan,2012,Manufacturing,2334,,4.1
USA,2012,Agriculture,4606,,7.8
China,2019,Services,149,40%,4.1
France,2014,Agriculture,2837,45%,5.6
UK,2012,Services,457,30%,0
Brazil,2020,Manufacturing,1027,30%,4.1
Japan,2016,Agriculture,2848,30%,7.8
Germany,2014,Agriculture,192,35%,0
USA,2013,Agriculture,3126,,7.8
Japan,2021,Manufacturing,769,35%,3.2
Brazil,2012,Services,1509,12%,4.1
France,2021,Services,467,,
India,2013,Agriculture,1154,25%,5.6
USA,2023,Manufacturing,594,45%,-2.5
France,2021,Services,3338,35%,5.6
Japan,2011,Services,822,45%,7.8
India,2010,Services,1743,25%,7.8
USA,2012,Services,1118,30%,
India,2020,Services,3753,55%,4.1
India,2011,Agriculture,4273,25%,3.2
USA,2010,Agriculture,1623,55%,3.2
USA,2010,Agriculture,3843,25%,5.6
India,2011,Services,2703,45%,-2.5
France,2022,Services,590,25%,
Brazil,2022,Services,2261,,5.6
UK,2018,Agriculture,2746,35%,-2.5
USA,2022,Services,1608,35%,0
Japan,2022,Agriculture,180,12%,7.8
China,2014,Services,2793,40%,0
Germany,2018,Agriculture,4649,,5.6
India,2017,Manufacturing,3870,35%,-2.5
India,2022,Services,2281,30%,-2.5
Germany,2020,Services,875,35%,0
UK,2015,Agriculture,2768,55%,3.2
Germany,2010,Services,1072,,3.2
USA,2019,Agriculture,2651,45%,
Germany,2014,Agriculture,4276,45%,0
India,2021,Manufacturing,746,55%,3.2
Germany,2010,Manufacturing,1087,35%,-2.5
China,2016,Services,863,25%,5.6
Japan,2019,Services,3887,55%,3.2
USA,2023,Agriculture,708,45%,
Germany,2020,Agriculture,2477,30%,-2.5
India,2017,Agriculture,1133,30%,
France,2017,Agriculture,3024,12%,4.1
Japan,2016,Services,1233,45%,5.6
USA,2011,Manufacturing,2674,25%,-2.5
India,2014,Services,2782,45%,4.1
UK,2013,Services,2047,55%,4.1
China,2014,Services,2061,12%,4.1
Brazil,2019,Manufacturing,1298,45%,7.8
UK,2018,Services,3786,55%,4.1
Brazil,2013,Manufacturing,2463,40%,5.6
China,2021,Agriculture,4393,55%,7.8
Germany,2017,Services,61,40%,4.1
USA,2017,Agriculture,2060,55%,3.2
Germany,2011,Agriculture,3657,12%,
China,2023,Agriculture,786,55%,3.2
China,2015,Services,559,30%,-2.5
China,2014,Agriculture,1318,12%,0
Brazil,2011,Services,4316,,-2.5
Japan,2021,Agriculture,4866,30%,4.1
India,2019,Services,3092,40%,
USA,2013,Services,4960,25%,
Germany,2016,Services,1108,25%,
Germany,2022,Agriculture,4350,25%,7.8
UK,2010,Services,939,,
Brazil,2018,Agriculture,3002,55%,5.6
China,2019,Manufacturing,3387,12%,0
France,2021,Agriculture,3731,,-2.5
China,2010,Agriculture,2794,30%,7.8
China,2021,Services,4895,25%,7.8
France,2014,Agriculture,1558,35%,3.2
Germany,2016,Manufacturing,3387,25%,-2.5
UK,2017,Services,3083,55%,-2.5
India,2011,Agriculture,1817,40%,
France,2013,Agriculture,1182,30%,4.1
Brazil,2011,Services,1251,,
Japan,2013,Services,298,35%,7.8
USA,2015,Agriculture,1945,,-2.5
Brazil,2015,Agriculture,279,45%,
France,2021,Services,2725,30%,4.1
India,2022,Services,1334,35%,3.2
Germany,2011,Manufacturing,2925,45%,0
Japan,2020,Manufacturing,370,35%,7.8
Japan,2013,Manufacturing,77,30%,3.2
Japan,2013,Services,2948,12%,3.2
China,2023,Services,559,35%,5.6
USA,2010,Services,690,25%,0
Germany,2023,Agriculture,4686,40%,3.2
Germany,2011,Services,3300,45%,5.6
Japan,2023,Agriculture,3797,30%,5.6
Germany,2012,Services,2769,45%,-2.5
USA,2022,Services,3953,,
USA,2020,Agriculture,1361,25%,3.2
UK,2014,Services,3386,30%,7.8
France,2020,Services,1540,12%,-2.5
France,2017,Services,1468,35%,0
UK,2015,Manufacturing,1508,30%,
India,2012,Services,3509,12%,7.8
France,2015,Agriculture,4954,25%,7.8
USA,2016,Agriculture,2617,30%,5.6
USA,2015,Agriculture,1387,40%,3.2
France,2019,Services,3742,35%,5.6
USA,2015,Agriculture,4659,25%,5.6
UK,2010,Manufacturing,3131,45%,3.2
Japan,2012,Agriculture,396,45%,3.2
Japan,2016,Services,166,45%,4.1
Germany,2013,Manufacturing,2508,55%,3.2
Brazil,2021,Agriculture,1470,55%,5.6
Brazil,2013,Manufacturing,1904,45%,
Japan,2016,Agriculture,3132,40%,4.1
China,2018,Services,1681,55%,3.2
UK,2023,Manufacturing,2049,40%,3.2
USA,2020,Agriculture,2195,55%,7.8
France,2022,Agriculture,4427,,5.6
Japan,2022,Manufacturing,856,25%,3.2
UK,2011,Manufacturing,1741,,5.6
Japan,2018,Manufacturing,2754,40%,0
India,2012,Manufacturing,3485,35%,-2.5
USA,2015,Agriculture,260,30%,7.8
India,2013,Agriculture,1740,45%,4.1
USA,2010,Agriculture,1827,,7.8
UK,2018,Services,3197,,4.1
Germany,2020,Manufacturing,2549,55%,5.6
Japan,2015,Agriculture,736,25%,3.2
Japan,2017,Manufacturing,2720,25%,4.1
China,2011,Manufacturing,979,,5.6
France,2016,Agriculture,4163,35%,
India,2015,Manufacturing,1364,40%,-2.5
Japan,2011,Manufacturing,2883,25%,7.8
UK,2011,Manufacturing,1823,12%,7.8
Germany,2013,Manufacturing,2295,12%,-2.5
France,2013,Manufacturing,1235,45%,5.6
UK,2012,Agriculture,2514,,7.8
India,2017,Agriculture,433,35%,3.2
China,2023,Manufacturing,3973,,5.6
Japan,2016,Manufacturing,1571,12%,3.2
UK,2011,Manufacturing,1029,40%,4.1
France,2012,Services,4227,35%,
USA,2019,Manufacturing,3660,40%,
Germany,2018,Services,3320,45%,
France,2022,Services,2003,25%,0
UK,2014,Services,1534,25%,-2.5
Germany,2011,Agriculture,933,25%,
Japan,2012,Services,2577,12%,7.8
USA,2017,Manufacturing,4873,40%,-2.5
China,2013,Manufacturing,173,35%,-2.5
France,2023,Agriculture,575,12%,3.2
China,2011,Agriculture,2136,30%,4.1
USA,2011,Manufacturing,2205,55%,7.8
Germany,2015,Agriculture,1426,35%,0
Japan,2017,Agriculture,4456,30%,-2.5
UK,2016,Services,3511,45%,3.2
USA,2013,Services,4185,40%,
India,2011,Agriculture,4926,12%,3.2
Germany,2018,Manufacturing,630,25%,
China,2013,Services,2043,25%,4.1
France,2018,Manufacturing,4575,25%,7.8
USA,2014,Agriculture,3985,12%,5.6
China,2023,Manufacturing,506,40%,5.6
Germany,2021,Manufacturing,2850,12%,4.1
China,2021,Manufacturing,1501,25%,0
USA,2020,Manufacturing,253,25%,4.1
Germany,2020,Agriculture,2876,25%,
India,2023,Agriculture,4263,55%,3.2
USA,2016,Services,1902,12%,5.6
UK,2021,Services,3515,25%,4.1
Brazil,2014,Services,4095,45%,-2.5
Japan,2011,Services,2493,25%,0
USA,2015,Manufacturing,2102,40%,
Germany,2016,Services,4653,12%,-2.5
France,2023,Services,2242,45%,5.6
Japan,2020,Manufacturing,2759,30%,3.2
USA,2022,Agriculture,1232,40%,5.6
India,2015,Services,2878,,0
France,2022,Agriculture,1008,,
India,2023,Services,4124,,0
UK,2012,Agriculture,2108,40%,-2.5
France,2019,Services,118,12%,-2.5
China,2017,Agriculture,1687,12%,0
Brazil,2012,Agriculture,251,40%,4.1
France,2023,Services,315,12%,4.1
Japan,2014,Agriculture,3175,35%,-2.5
France,2018,Services,288,40%,4.1
Germany,2020,Services,340,45%,7.8
Brazil,2014,Manufacturing,3444,30%,
Germany,2016,Services,1858,55%,0
China,2020,Services,2139,30%,
France,2023,Services,1004,55%,-2.5
India,2016,Services,4778,35%,4.1
India,2014,Manufacturing,1980,12%,
USA,2011,Manufacturing,4130,30%,5.6
UK,2014,Manufacturing,333,55%,3.2
Japan,2016,Manufacturing,856,45%,4.1
Brazil,2016,Agriculture,1956,40%,7.8
UK,2013,Services,2726,25%,7.8
France,2010,Manufacturing,3621,40%,3.2
UK,2015,Services,4721,45%,3.2
USA,2022,Manufacturing,3809,12%,
UK,2023,Services,4119,45%,
Brazil,2012,Agriculture,1668,30%,5.6
China,2020,Manufacturing,4956,,
USA,2014,Agriculture,858,12%,3.2
China,2013,Agriculture,3836,45%,7.8
France,2022,Services,991,35%,5.6
USA,2011,Manufacturing,89,40%,3.2
France,2021,Agriculture,1388,45%,5.6
France,2016,Services,4702,30%,5.6
UK,2023,Services,1371,30%,
China,2014,Services,1704,30%,
France,2023,Agriculture,3118,40%,-2.5
China,2016,Services,4788,,3.2
China,2018,Services,444,30%,
USA,2013,Services,841,55%,-2.5
Germany,2014,Agriculture,3683,25%,
UK,2018,Services,1994,35%,7.8
France,2022,Agriculture,793,30%,4.1
China,2019,Services,4422,45%,5.6
Japan,2020,Agriculture,243,30%,7.8
Germany,2023,Agriculture,4324,30%,5.6
France,2022,Manufacturing,3947,12%,3.2
Japan,2013,Manufacturing,267,30%,4.1
UK,2014,Manufacturing,3632,35%,0
UK,2022,Agriculture,4702,55%,3.2
China,2014,Services,3540,25%,5.6
China,2017,Services,2865,,0
Brazil,2022,Agriculture,3953,25%,0
Brazil,2013,Services,3973,45%,3.2
France,2013,Agriculture,1835,,7.8
USA,2022,Services,4222,55%,3.2
Germany,2016,Agriculture,4744,55%,5.6
France,2020,Manufacturing,3883,25%,4.1
Germany,2014,Manufacturing,1232,25%,7.8
China,2015,Services,573,55%,5.6
UK,2015,Services,3346,40%,
China,2021,Services,4529,25%,
UK,2015,Services,418,12%,4.1
Brazil,2023,Manufacturing,4433,25%,7.8
France,2019,Manufacturing,448,12%,-2.5
Brazil,2014,Agriculture,2201,30%,7.8
UK,2022,Services,3930,,-2.5
China,2022,Manufacturing,176,25%,5.6
Brazil,2014,Agriculture,2137,35%,3.2
India,2018,Agriculture,3193,35%,5.6
Germany,2022,Agriculture,1820,40%,3.2
Japan,2017,Manufacturing,4103,40%,
UK,2013,Agriculture,296,,-2.5
UK,2016,Services,3368,,3.2
India,2017,Agriculture,2131,40%,5.6
France,2021,Agriculture,2107,35%,5.6
France,2018,Manufacturing,3039,,5.6
France,2014,Agriculture,3647,30%,4.1
Japan,2012,Manufacturing,389,12%,7.8
USA,2022,Manufacturing,2778,40%,5.6
India,2013,Services,1641,12%,7.8
Japan,2019,Agriculture,3211,45%,0
Brazil,2015,Services,1358,30%,-2.5
India,2019,Services,4679,45%,0
UK,2020,Agriculture,3388,25%,0
Germany,2014,Agriculture,4954,12%,7.8
India,2018,Manufacturing,2748,30%,7.8
USA,2022,Agriculture,3173,40%,4.1
China,2020,Manufacturing,2347,30%,-2.5
Brazil,2020,Services,2103,35%,-2.5
Japan,2023,Services,4994,35%,
Brazil,2012,Manufacturing,1559,30%,-2.5
Brazil,2011,Agriculture,3857,40%,4.1
India,2015,Agriculture,62,35%,5.6
India,2022,Manufacturing,4084,25%,5.6
USA,2016,Services,1630,12%,4.1
Germany,2014,Manufacturing,3483,,-2.5
India,2010,Agriculture,4683,25%,7.8
India,2012,Agriculture,2101,,0
Germany,2012,Manufacturing,3926,55%,-2.5
USA,2021,Agriculture,4867,55%,
Japan,2023,Services,1873,45%,-2.5
Brazil,2013,Manufacturing,3480,,0
Japan,2023,Services,2790,12%,3.2
India,2019,Services,1838,30%,-2.5
Germany,2015,Manufacturing,2002,,-2.5
India,2014,Manufacturing,2754,,5.6
France,2010,Agriculture,1001,35%,0
China,2015,Agriculture,4773,12%,
Japan,2023,Manufacturing,3470,40%,-2.5
France,2023,Manufacturing,3077,,
UK,2018,Agriculture,3151,,-2.5
China,2020,Agriculture,4010,,3.2
India,2010,Agriculture,3638,45%,0
USA,2017,Manufacturing,3895,40%,-2.5
Japan,2017,Manufacturing,1197,35%,3.2
UK,2012,Agriculture,3567,25%,-2.5
China,2022,Services,3108,35%,7.8
Japan,2018,Services,1467,,3.2
Germany,2020,Agriculture,3959,,
USA,2022,Manufacturing,4795,40%,4.1
China,2022,Manufacturing,3739,55%,7.8
Germany,2020,Services,2822,25%,4.1
France,2017,Agriculture,4957,,-2.5
India,2012,Services,2878,40%,3.2
Germany,2019,Services,2219,35%,0
China,2014,Agriculture,2299,40%,4.1
Brazil,2012,Services,3908,25%,4.1
China,2014,Manufacturing,1675,55%,
Brazil,2018,Services,2799,55%,5.6
France,2021,Agriculture,2655,12%,-2.5
India,2013,Manufacturing,1897,,3.2
Brazil,2015,Manufacturing,628,40%,7.8
Brazil,2012,Services,1186,55%,3.2
Germany,2012,Manufacturing,3460,55%,0
Germany,2014,Agriculture,3183,55%,3.2
India,2017,Services,2324,,7.8
Germany,2023,Manufacturing,2271,40%,-2.5
Japan,2017,Agriculture,1207,45%,
India,2012,Services,3908,40%,7.8
USA,2017,Agriculture,1699,40%,
Brazil,2022,Manufacturing,4714,40%,
China,2020,Services,4422,55%,7.8
USA,2022,Services,1636,40%,7.8
Brazil,2017,Manufacturing,2008,12%,5.6
Japan,2012,Agriculture,2373,25%,
Brazil,2019,Manufacturing,283,45%,-2.5
Brazil,2022,Services,1315,25%,5.6
Brazil,2019,Services,81,25%,
France,2011,Manufacturing,3488,30%,3.2
Japan,2019,Agriculture,1421,40%,-2.5
UK,2011,Manufacturing,809,40%,-2.5
UK,2018,Agriculture,3253,12%,
UK,2016,Agriculture,1844,40%,3.2
India,2015,Services,4938,45%,3.2
Germany,2016,Agriculture,811,,7.8
Japan,2017,Services,4410,35%,
USA,2021,Agriculture,4130,55%,
France,2010,Agriculture,331,25%,-2.5
USA,2017,Services,4121,25%,4.1
USA,2012,Agriculture,3953,12%,0
USA,2012,Manufacturing,4675,,
France,2015,Agriculture,4105,12%,7.8
UK,2013,Services,865,12%,-2.5
USA,2013,Services,4609,30%,3.2
France,2013,Manufacturing,1520,45%,3.2
France,2019,Agriculture,3337,40%,0
Germany,2018,Manufacturing,4309,30%,-2.5
France,2017,Agriculture,2635,,5.6
UK,2012,Manufacturing,560,40%,7.8
USA,2010,Services,604,40%,-2.5
France,2010,Services,3755,55%,5.6
India,2010,Manufacturing,1356,45%,3.2
France,2013,Agriculture,3192,12%,3.2
China,2023,Agriculture,308,40%,5.6
China,2015,Services,1274,12%,5.6
China,2013,Agriculture,1715,,0
France,2020,Manufacturing,1453,,-2.5
UK,2020,Manufacturing,1915,40%,3.2
USA,2012,Agriculture,815,25%,7.8
Japan,2017,Services,114,45%,3.2
Japan,2023,Services,3499,40%,-2.5
Japan,2017,Services,2755,45%,5.6
UK,2015,Services,245,,0
Germany,2018,Services,1433,55%,4.1
Brazil,2021,Manufacturing,2485,45%,3.2
India,2019,Agriculture,4210,30%,0
India,2010,Manufacturing,1500,,5.6
China,2022,Services,272,30%,
China,2017,Services,491,30%,-2.5
France,2015,Agriculture,1487,55%,3.2
Japan,2010,Agriculture,3237,35%,-2.5
France,2013,Agriculture,2417,,7.8
Brazil,2014,Manufacturing,4915,55%,-2.5
Japan,2016,Agriculture,932,12%,4.1
China,2017,Manufacturing,500,35%,
USA,2018,Services,792,40%,5.6
Germany,2021,Manufacturing,1594,25%,5.6
France,2021,Agriculture,3400,25%,7.8
Germany,2015,Manufacturing,2879,25%,4.1
Germany,2019,Manufacturing,2663,12%,-2.5
Germany,2018,Manufacturing,1965,30%,
China,2013,Agriculture,1298,40%,5.6
India,2017,Manufacturing,577,,5.6
China,2012,Agriculture,4869,25%,5.6
Germany,2013,Manufacturing,290,55%,5.6
China,2019,Manufacturing,2192,,0
Germany,2013,Manufacturing,414,12%,4.1
UK,2015,Agriculture,1258,45%,3.2
Japan,2018,Agriculture,4170,12%,0
India,2015,Agriculture,2415,40%,5.6
UK,2010,Services,3011,12%,4.1
USA,2014,Agriculture,4707,30%,
China,2018,Manufacturing,4826,45%,-2.5
USA,2014,Services,2197,40%,0
France,2015,Agriculture,2467,55%,7.8
China,2012,Agriculture,1666,35%,3.2
Brazil,2017,Services,1085,45%,-2.5
Brazil,2019,Services,769,12%,0
Japan,2020,Agriculture,4732,25%,3.2
UK,2022,Services,1023,45%,4.1
Japan,2013,Manufacturing,1896,45%,
France,2013,Manufacturing,1421,35%,4.1
Germany,2020,Manufacturing,1516,30%,0
Japan,2021,Agriculture,740,40%,7.8
Japan,2014,Manufacturing,137,12%,5.6
Brazil,2023,Services,2562,25%,7.8
Germany,2019,Manufacturing,3898,25%,5.6
Brazil,2018,Services,543,35%,3.2
China,2022,Manufacturing,1295,,0
Germany,2017,Services,1191,25%,0
UK,2016,Manufacturing,4281,30%,7.8
Japan,2014,Manufacturing,1027,30%,-2.5
Brazil,2018,Manufacturing,2284,55%,3.2
Germany,2018,Services,591,30%,
France,2019,Services,1452,45%,5.6
France,2019,Manufacturing,860,45%,4.1
Japan,2011,Services,4557,30%,3.2
UK,2013,Services,3542,25%,4.1
USA,2017,Agriculture,4362,25%,
Brazil,2022,Manufacturing,4975,25%,7.8
UK,2023,Services,1183,45%,
India,2010,Services,4430,25%,0
India,2022,Services,4915,55%,5.6
India,2014,Services,618,55%,5.6
Japan,2017,Agriculture,3050,45%,
France,2011,Services,1371,,5.6
China,2011,Services,2794,12%,5.6
Brazil,2022,Agriculture,4675,40%,3.2
France,2017,Manufacturing,3628,30%,3.2
China,2019,Manufacturing,1817,12%,
China,2021,Agriculture,2124,12%,4.1
France,2018,Manufacturing,2093,55%,4.1
Brazil,2016,Manufacturing,1191,40%,7.8
Japan,2017,Agriculture,1127,35%,
UK,2014,Services,4649,40%,
China,2010,Agriculture,201,12%,4.1
USA,2013,Agriculture,4882,35%,0
France,2011,Agriculture,528,45%,
France,2012,Agriculture,3283,40%,
India,2021,Agriculture,1735,30%,0
UK,2012,Services,3541,55%,3.2
India,2018,Manufacturing,1421,,7.8
France,2022,Agriculture,3950,30%,4.1
France,2019,Services,4995,30%,-2.5
China,2013,Agriculture,2651,30%,
UK,2011,Services,3473,12%,
Germany,2012,Manufacturing,1746,30%,
USA,2012,Services,3707,55%,5.6
Brazil,2023,Services,4026,45%,
China,2016,Manufacturing,1448,55%,0
France,2017,Manufacturing,4030,25%,5.6
Brazil,2022,Services,1451,12%,0
China,2020,Agriculture,1758,55%,
USA,2022,Agriculture,1462,,-2.5
France,2015,Manufacturing,3280,55%,4.1
USA,2013,Agriculture,2552,55%,
Brazil,2015,Manufacturing,4772,45%,0
Germany,2022,Services,1314,12%,
China,2020,Services,2309,30%,-2.5
Japan,2010,Agriculture,412,,0
China,2022,Manufacturing,2695,12%,3.2
India,2019,Agriculture,1582,25%,5.6
UK,2017,Agriculture,4802,25%,7.8
UK,2010,Services,1433,40%,7.8
India,2014,Agriculture,716,55%,0
France,2011,Services,2862,12%,7.8
UK,2015,Manufacturing,2525,30%,
USA,2018,Agriculture,3150,30%,5.6
Brazil,2014,Services,3451,40%,3.2
Brazil,2013,Agriculture,3155,40%,3.2
UK,2023,Manufacturing,2601,12%,-2.5
UK,2011,Agriculture,3949,55%,7.8
India,2021,Agriculture,2201,35%,
France,2012,Services,437,12%,5.6
Germany,2015,Manufacturing,3211,55%,7.8
UK,2017,Manufacturing,2430,55%,5.6
Japan,2023,Manufacturing,426,40%,4.1
UK,2017,Agriculture,4385,35%,-2.5
Germany,2014,Services,4327,25%,4.1
India,2014,Agriculture,1330,30%,
Germany,2019,Agriculture,793,,4.1
India,2023,Agriculture,4986,55%,7.8
USA,2022,Manufacturing,3536,12%,4.1
India,2012,Services,1118,25%,3.2
USA,2016,Manufacturing,1058,25%,-2.5
USA,2022,Agriculture,4743,25%,
India,2015,Agriculture,4346,55%,4.1
Japan,2010,Services,392,12%,7.8
China,2013,Manufacturing,3333,,3.2
India,2015,Agriculture,680,35%,3.2
UK,2020,Agriculture,347,45%,5.6
Japan,2015,Services,747,45%,3.2
Japan,2020,Agriculture,1555,25%,0
UK,2023,Manufacturing,2810,40%,4.1
China,2021,Manufacturing,2875,45%,7.8
Japan,2021,Agriculture,428,40%,7.8
USA,2012,Agriculture,2845,30%,5.6
Brazil,2015,Agriculture,755,45%,3.2
China,2021,Services,2464,55%,5.6
France,2019,Services,820,35%,0
UK,2015,Manufacturing,4051,45%,5.6
China,2021,Manufacturing,1144,40%,7.8
India,2018,Agriculture,3514,,
Brazil,2018,Agriculture,3644,,
China,2011,Agriculture,4494,35%,5.6
USA,2013,Services,1281,45%,7.8
Brazil,2018,Services,1496,,-2.5
India,2023,Agriculture,4238,25%,0
Germany,2022,Agriculture,2452,30%,4.1
UK,2013,Manufacturing,1876,25%,0
Brazil,2017,Services,3897,,7.8
UK,2019,Agriculture,1142,30%,
China,2021,Services,4727,35%,-2.5
Japan,2012,Agriculture,1770,40%,3.2
India,2012,Agriculture,932,30%,5.6
Germany,2018,Manufacturing,173,30%,4.1
India,2020,Manufacturing,3540,35%,4.1
UK,2019,Manufacturing,3644,30%,3.2
India,2017,Agriculture,652,35%,4.1
Germany,2010,Manufacturing,3881,35%,-2.5
Japan,2019,Agriculture,354,12%,0
China,2023,Services,3278,25%,3.2
USA,2011,Services,3209,45%,-2.5
India,2012,Agriculture,1301,12%,0
Brazil,2023,Manufacturing,986,35%,
USA,2020,Manufacturing,3767,45%,3.2
UK,2011,Services,2363,25%,4.1
China,2012,Agriculture,2181,35%,
France,2017,Agriculture,3333,55%,0
China,2020,Agriculture,3339,35%,7.8
India,2020,Services,4894,45%,4.1
Brazil,2021,Services,2248,25%,0
Japan,2023,Manufacturing,735,40%,0
China,2015,Agriculture,4285,30%,4.1
India,2023,Agriculture,104,30%,-2.5
India,2016,Agriculture,3262,35%,-2.5
USA,2019,Agriculture,4219,25%,5.6
China,2022,Services,3256,30%,4.1
India,2019,Manufacturing,3005,12%,-2.5
USA,2015,Services,1994,55%,7.8
Brazil,2010,Manufacturing,691,,7.8
Germany,2020,Agriculture,4889,,
Brazil,2012,Agriculture,111,12%,0
France,2022,Agriculture,1273,,-2.5
USA,2010,Agriculture,2587,55%,4.1
USA,2021,Agriculture,542,40%,4.1
India,2019,Services,1189,12%,4.1
UK,2021,Manufacturing,1305,25%,5.6
UK,2018,Services,2545,40%,-2.5
Japan,2022,Agriculture,3335,25%,4.1
UK,2018,Manufacturing,2305,12%,5.6
USA,2014,Manufacturing,1051,40%,0
Japan,2013,Agriculture,1175,45%,4.1
Brazil,2021,Manufacturing,3931,12%,4.1
India,2018,Services,4155,35%,
Brazil,2018,Services,3594,45%,
China,2012,Services,1196,25%,7.8
France,2014,Services,836,12%,-2.5
France,2012,Manufacturing,2101,40%,-2.5
USA,2019,Services,308,45%,7.8
USA,2011,Manufacturing,3899,40%,7.8
Japan,2010,Agriculture,4666,35%,
India,2021,Services,765,55%,
Germany,2019,Agriculture,1693,25%,
USA,2011,Services,173,45%,3.2
Germany,2017,Agriculture,1823,,3.2
Brazil,2020,Agriculture,971,45%,3.2
Germany,2017,Agriculture,2227,40%,7.8
UK,2012,Agriculture,1553,30%,3.2
India,2016,Agriculture,1902,30%,-2.5
France,2016,Manufacturing,2174,,7.8
France,2011,Manufacturing,3304,45%,-2.5
Germany,2018,Services,2463,12%,7.8
France,2012,Manufacturing,4437,25%,4.1
Brazil,2011,Agriculture,206,25%,0
India,2021,Manufacturing,1173,12%,-2.5
UK,2012,Manufacturing,967,12%,4.1
India,2011,Agriculture,1752,,7.8
USA,2017,Manufacturing,1715,,5.6
Germany,2014,Agriculture,4283,,7.8
India,2012,Manufacturing,2161,40%,0
Brazil,2014,Agriculture,3764,30%,7.8
France,2020,Services,2604,12%,0
China,2020,Manufacturing,3074,40%,3.2
India,2017,Services,4085,40%,-2.5
Germany,2016,Agriculture,2886,35%,0
UK,2015,Agriculture,2447,45%,5.6
France,2023,Services,2244,35%,-2.5
UK,2022,Agriculture,1605,25%,7.8
Germany,2010,Agriculture,3675,12%,7.8
France,2019,Agriculture,2959,45%,0
USA,2010,Agriculture,4552,30%,4.1
France,2010,Agriculture,393,,5.6
USA,2023,Agriculture,4797,55%,0
UK,2019,Agriculture,1594,40%,4.1
UK,2023,Agriculture,4046,45%,5.6
Germany,2017,Services,2868,55%,
USA,2017,Manufacturing,88,45%,0
UK,2023,Agriculture,4432,12%,3.2
USA,2016,Services,4807,55%,3.2
UK,2015,Agriculture,3473,55%,3.2
France,2013,Manufacturing,1078,25%,0
India,2010,Agriculture,285,45%,4.1
Brazil,2018,Services,1018,35%,-2.5
China,2010,Services,1280,,7.8
Brazil,2013,Manufacturing,288,35%,-2.5
France,2012,Agriculture,1904,25%,7.8
Japan,2016,Services,4974,25%,5.6
Brazil,2014,Manufacturing,101,25%,3.2
India,2014,Manufacturing,2205,12%,3.2
Japan,2013,Agriculture,1430,30%,7.8
UK,2010,Services,1106,12%,3.2
China,2014,Agriculture,71,12%,-2.5
China,2013,Agriculture,356,12%,0
UK,2023,Agriculture,4156,25%,3.2
UK,2019,Services,2659,25%,
USA,2022,Manufacturing,4343,40%,4.1
UK,2017,Agriculture,3650,30%,4.1
Germany,2011,Agriculture,2015,12%,3.2
Brazil,2017,Services,4696,12%,
UK,2010,Agriculture,3628,55%,5.6
Germany,2022,Manufacturing,2593,30%,0
UK,2013,Agriculture,554,45%,7.8
USA,2012,Manufacturing,186,30%,0
Germany,2014,Agriculture,1352,55%,0
Brazil,2022,Agriculture,4064,45%,7.8
India,2014,Agriculture,3664,12%,0
Germany,2014,Manufacturing,4997,12%,5.6
France,2021,Agriculture,4856,30%,
USA,2013,Agriculture,556,,-2.5
Japan,2017,Agriculture,4831,12%,0
Brazil,2012,Manufacturing,1583,55%,-2.5
Germany,2021,Agriculture,3691,25%,5.6
France,2013,Services,4053,45%,5.6
France,2010,Manufacturing,757,40%,4.1
Brazil,2016,Services,1673,,4.1
Brazil,2010,Agriculture,4287,30%,0
France,2011,Manufacturing,2378,55%,3.2
UK,2020,Manufacturing,3064,,0
France,2016,Agriculture,1757,12%,-2.5
UK,2010,Services,351,25%,5.6
Japan,2020,Manufacturing,2494,40%,-2.5
USA,2012,Manufacturing,367,55%,-2.5
China,2022,Manufacturing,3005,45%,4.1
UK,2015,Manufacturing,2977,,7.8
France,2015,Manufacturing,907,,5.6
France,2015,Agriculture,2770,,5.6
India,2020,Manufacturing,3072,12%,-2.5
France,2022,Services,726,45%,
USA,2011,Manufacturing,428,,5.6
Germany,2011,Agriculture,266,12%,
Germany,2015,Agriculture,3750,12%,
France,2019,Services,2946,35%,0
India,2014,Manufacturing,4579,45%,7.8
UK,2023,Services,4901,40%,0
USA,2016,Services,3039,25%,4.1
India,2016,Services,3880,12%,3.2
UK,2014,Services,3706,25%,3.2
USA,2017,Manufacturing,1556,55%,
France,2019,Agriculture,1340,12%,-2.5
Germany,2015,Agriculture,1989,30%,
USA,2014,Manufacturing,4744,,3.2
France,2013,Services,285,30%,0
Japan,2016,Manufacturing,1833,12%,3.2
China,2013,Services,4245,,-2.5
USA,2014,Services,2836,12%,5.6
China,2014,Manufacturing,1427,,7.8
USA,2010,Manufacturing,2805,25%,-2.5
China,2010,Services,2133,35%,-2.5
Japan,2012,Services,4459,40%,-2.5
Germany,2023,Services,4145,45%,0
Brazil,2020,Services,4696,12%,5.6
UK,2012,Manufacturing,4662,45%,-2.5
China,2011,Agriculture,2750,,5.6
Japan,2021,Agriculture,4154,45%,
China,2011,Services,3599,,4.1
Germany,2015,Agriculture,4202,30%,4.1
China,2022,Agriculture,2380,45%,-2.5
Japan,2010,Agriculture,4606,,0
France,2015,Agriculture,3811,25%,-2.5
Japan,2014,Agriculture,2061,30%,4.1
Brazil,2015,Agriculture,2691,,
Brazil,2014,Services,2162,45%,3.2
Brazil,2016,Services,3550,55%,0
India,2010,Services,4281,40%,4.1
Germany,2022,Manufacturing,4907,,-2.5
France,2012,Agriculture,1059,25%,-2.5
India,2015,Agriculture,1679,30%,-2.5
Germany,2010,Manufacturing,3169,25%,3.2
France,2022,Agriculture,899,55%,3.2
China,2020,Services,2917,35%,4.1
France,2020,Services,2089,35%,-2.5
Japan,2016,Manufacturing,3285,,4.1
India,2013,Services,528,12%,3.2
China,2012,Manufacturing,1360,35%,-2.5
Japan,2019,Services,4681,40%,3.2
Germany,2018,Agriculture,2193,12%,5.6
France,2010,Services,463,40%,
Japan,2017,Manufacturing,1706,45%,4.1
China,2010,Agriculture,2681,12%,-2.5
India,2022,Manufacturing,3986,35%,
India,2023,Agriculture,1444,12%,-2.5
Brazil,2014,Agriculture,2673,25%,7.8
France,2019,Services,2340,40%,7.8
Japan,2017,Services,688,35%,0
Brazil,2015,Agriculture,3494,30%,5.6
China,2016,Services,402,30%,5.6
Brazil,2020,Services,4571,40%,0
USA,2017,Manufacturing,3198,12%,7.8
Germany,2022,Services,4655,35%,4.1
Brazil,2015,Agriculture,3638,30%,0
Germany,2020,Services,189,30%,7.8
China,2015,Agriculture,301,40%,4.1
USA,2020,Agriculture,718,55%,-2.5
India,2015,Manufacturing,3892,35%,
France,2014,Agriculture,366,40%,0
UK,2017,Agriculture,4068,55%,3.2
UK,2022,Manufacturing,2976,12%,
France,2011,Agriculture,2059,55%,7.8
China,2016,Manufacturing,2995,35%,-2.5
USA,2013,Agriculture,1102,25%,4.1
USA,2010,Services,4686,55%,3.2
Germany,2022,Manufacturing,3613,35%,3.2
India,2014,Manufacturing,1173,25%,4.1
Japan,2012,Agriculture,1393,45%,5.6
Brazil,2013,Manufacturing,619,,7.8
USA,2016,Agriculture,4868,55%,-2.5
France,2014,Manufacturing,3771,55%,7.8
Japan,2023,Manufacturing,3966,12%,-2.5
UK,2013,Services,1050,45%,4.1
Japan,2010,Agriculture,2973,12%,
India,2015,Services,2286,12%,7.8
France,2020,Manufacturing,4595,35%,
India,2019,Agriculture,3975,40%,3.2
Japan,2015,Services,3302,30%,5.6
Brazil,2016,Manufacturing,3442,12%,4.1
China,2010,Services,2380,40%,
USA,2023,Manufacturing,3442,55%,4.1
France,2013,Manufacturing,2667,12%,0
China,2021,Agriculture,4170,25%,7.8
Japan,2018,Agriculture,4405,55%,3.2
USA,2021,Agriculture,2063,,4.1
Germany,2023,Manufacturing,1977,35%,0
China,2019,Services,2594,12%,
China,2015,Agriculture,4597,25%,0
Japan,2011,Agriculture,4845,,0
UK,2013,Agriculture,3769,40%,
Japan,2015,Agriculture,3723,25%,3.2
China,2013,Manufacturing,1601,55%,
USA,2019,Services,1732,12%,-2.5
Brazil,2016,Manufacturing,434,25%,0
UK,2021,Manufacturing,4758,12%,5.6
Japan,2022,Manufacturing,3086,55%,4.1
Brazil,2012,Agriculture,2316,45%,-2.5
France,2015,Services,4702,25%,3.2
Japan,2022,Manufacturing,4495,35%,0
China,2021,Manufacturing,439,40%,3.2
Brazil,2013,Manufacturing,2968,12%,3.2
China,2012,Agriculture,2163,,0
Germany,2021,Agriculture,1192,55%,3.2
Brazil,2012,Manufacturing,795,55%,4.1
Brazil,2023,Agriculture,1780,,4.1
Japan,2011,Services,4172,35%,5.6
China,2020,Agriculture,4435,30%,5.6
France,2012,Manufacturing,4173,45%,7.8
India,2022,Services,3280,12%,4.1
UK,2021,Agriculture,3266,45%,0
India,2023,Manufacturing,2564,40%,0
UK,2019,Services,1819,55%,4.1
France,2010,Services,157,25%,0
Brazil,2012,Services,2536,45%,7.8
Brazil,2018,Agriculture,4348,25%,
Japan,2013,Services,826,35%,5.6
Germany,2012,Agriculture,1983,55%,5.6
China,2017,Manufacturing,487,25%,0
China,2010,Agriculture,1084,12%,3.2
China,2014,Agriculture,886,30%,-2.5
Japan,2010,Manufacturing,4752,55%,-2.5
UK,2016,Agriculture,691,35%,0
Brazil,2014,Agriculture,3224,12%,0
France,2011,Manufacturing,1858,55%,5.6
China,2021,Services,3925,45%,4.1
India,2023,Manufacturing,692,40%,5.6
China,2010,Services,752,,3.2
Brazil,2020,Agriculture,2898,55%,5.6
Japan,2016,Manufacturing,2967,12%,-2.5
France,2021,Services,3662,25%,4.1
Germany,2010,Agriculture,1772,40%,-2.5
France,2012,Agriculture,898,25%,5.6
India,2020,Agriculture,2604,55%,-2.5
China,2015,Services,1512,55%,
China,2015,Services,3879,35%,-2.5
USA,2016,Services,3832,45%,-2.5
UK,2020,Agriculture,560,35%,-2.5
India,2023,Services,2206,,7.8
USA,2020,Manufacturing,2969,35%,0
France,2010,Services,782,25%,4.1
Germany,2016,Services,3000,30%,3.2
UK,2011,Agriculture,4010,30%,7.8
India,2015,Manufacturing,1287,25%,4.1
China,2022,Manufacturing,1530,12%,3.2
France,2017,Manufacturing,2515,,7.8
India,2022,Services,2060,,7.8
China,2014,Agriculture,4807,35%,3.2
Brazil,2019,Services,2785,30%,0
UK,2012,Agriculture,4249,40%,4.1
Brazil,2020,Manufacturing,2809,12%,5.6
Brazil,2017,Services,627,55%,7.8
China,2017,Agriculture,3546,12%,4.1
Germany,2013,Services,868,25%,4.1
France,2017,Agriculture,4224,35%,0
Japan,2014,Manufacturing,1939,25%,5.6
China,2022,Services,608,55%,4.1
Germany,2020,Manufacturing,2983,45%,3.2
Japan,2014,Services,1669,40%,7.8
France,2012,Services,119,,5.6
Brazil,2016,Agriculture,1239,35%,0
UK,2020,Agriculture,2952,25%,4.1
UK,2023,Agriculture,4390,30%,5.6
France,2020,Manufacturing,3166,45%,3.2
France,2018,Manufacturing,733,55%,5.6
India,2018,Services,3960,45%,-2.5
Germany,2010,Agriculture,3822,25%,7.8
Brazil,2010,Manufacturing,120,25%,0
Germany,2019,Services,1312,55%,
France,2021,Manufacturing,2205,55%,0
USA,2021,Services,4867,45%,7.8
USA,2020,Agriculture,4447,45%,7.8
Japan,2014,Services,1421,,-2.5
Japan,2010,Services,1965,,-2.5
USA,2013,Agriculture,3855,25%,0
France,2021,Agriculture,4401,55%,
France,2010,Services,1597,12%,5.6
Japan,2011,Manufacturing,3948,55%,
China,2011,Agriculture,4505,35%,7.8
France,2013,Services,3605,35%,-2.5
USA,2017,Agriculture,1263,55%,-2.5
Germany,2011,Agriculture,2190,45%,-2.5
France,2023,Manufacturing,910,35%,5.6
Brazil,2018,Agriculture,1039,30%,4.1
France,2021,Services,4629,40%,0
China,2018,Services,2973,,
Japan,2011,Agriculture,1482,25%,4.1
France,2010,Agriculture,390,25%,0
UK,2019,Manufacturing,2427,30%,-2.5
India,2019,Manufacturing,1248,40%,5.6
USA,2018,Manufacturing,1517,40%,5.6
Brazil,2011,Services,4346,30%,0
Brazil,2017,Manufacturing,4888,25%,7.8
Brazil,2023,Services,4243,30%,-2.5
UK,2012,Manufacturing,1341,,5.6
Brazil,2010,Services,4984,55%,7.8
Brazil,2020,Agriculture,401,35%,3.2
Japan,2010,Services,1351,45%,
Germany,2019,Agriculture,3689,30%,-2.5
India,2011,Services,3137,,
UK,2016,Services,505,30%,3.2
India,2021,Agriculture,3300,,0
USA,2015,Services,1207,25%,0
Japan,2021,Services,307,40%,
France,2020,Manufacturing,2159,,0
Germany,2011,Agriculture,531,,4.1
Japan,2013,Agriculture,4780,45%,
India,2011,Manufacturing,3163,30%,5.6
UK,2010,Manufacturing,1446,,5.6
USA,2021,Agriculture,2676,25%,7.8
USA,2012,Agriculture,697,,3.2
Japan,2013,Agriculture,1661,55%,0
France,2019,Manufacturing,3875,25%,0
UK,2014,Manufacturing,4638,55%,5.6
France,2014,Services,4636,30%,5.6
France,2016,Manufacturing,2318,40%,5.6
Brazil,2023,Services,3934,35%,-2.5
UK,2019,Services,2804,40%,3.2
India,2017,Manufacturing,3636,40%,3.2
Japan,2018,Manufacturing,3434,30%,-2.5
Japan,2021,Manufacturing,4639,35%,0
Brazil,2016,Manufacturing,808,45%,
China,2014,Agriculture,682,30%,4.1
Japan,2018,Manufacturing,3634,,4.1
USA,2017,Services,379,25%,
India,2019,Services,3069,35%,7.8
UK,2018,Agriculture,59,,7.8
Japan,2019,Agriculture,4103,12%,0
India,2017,Manufacturing,2224,12%,7.8
Brazil,2015,Agriculture,1034,45%,5.6
Japan,2013,Manufacturing,718,,3.2
UK,2018,Manufacturing,2328,40%,
Germany,2021,Agriculture,491,35%,5.6
UK,2018,Agriculture,2975,55%,7.8
UK,2019,Services,4070,,7.8
UK,2019,Agriculture,323,12%,3.2
Japan,2018,Agriculture,4763,,4.1
China,2023,Agriculture,1076,35%,
UK,2019,Services,2423,55%,4.1
Brazil,2012,Manufacturing,4398,25%,5.6
USA,2020,Services,1607,40%,3.2
USA,2021,Agriculture,3176,,
Brazil,2012,Agriculture,2983,35%,7.8
India,2020,Agriculture,497,30%,4.1
China,2015,Manufacturing,3418,30%,
India,2015,Services,3743,25%,3.2
Brazil,2022,Services,3856,12%,3.2
USA,2022,Manufacturing,4614,25%,7.8
France,2015,Services,4046,30%,4.1
USA,2014,Manufacturing,3367,12%,3.2
Germany,2023,Manufacturing,119,45%,5.6
UK,2014,Services,4626,45%,4.1
France,2011,Services,2627,12%,7.8
USA,2023,Manufacturing,4635,55%,3.2
Japan,2016,Services,4648,45%,0
Japan,2021,Manufacturing,3106,40%,5.6
India,2013,Services,166,55%,5.6
France,2023,Services,1863,30%,5.6
India,2012,Services,953,55%,
UK,2017,Services,4573,55%,-2.5
UK,2013,Services,543,30%,7.8
Germany,2020,Agriculture,3908,35%,-2.5
Brazil,2013,Agriculture,2733,,3.2
Brazil,2017,Services,4225,30%,7.8
China,2010,Services,3780,40%,
India,2018,Services,4740,30%,5.6
UK,2023,Manufacturing,1590,35%,5.6
Brazil,2016,Agriculture,675,,
India,2021,Manufacturing,4429,,4.1
UK,2011,Agriculture,4908,55%,5.6
USA,2020,Agriculture,887,12%,5.6
India,2021,Services,2065,,3.2
USA,2015,Services,2065,45%,4.1
India,2017,Manufacturing,3129,25%,4.1
China,2020,Manufacturing,121,35%,0
Germany,2014,Services,3502,35%,
Japan,2015,Services,4798,40%,7.8
Brazil,2021,Agriculture,3928,25%,4.1
Japan,2019,Agriculture,113,55%,0
Japan,2017,Services,79,40%,
USA,2022,Agriculture,4021,40%,7.8
France,2015,Manufacturing,4702,,
UK,2021,Agriculture,2375,40%,5.6
Japan,2018,Services,4422,25%,
China,2021,Agriculture,4815,55%,4.1
Japan,2018,Services,2929,40%,-2.5
India,2018,Agriculture,2238,35%,4.1
USA,2015,Manufacturing,2831,40%,3.2
France,2021,Manufacturing,4171,25%,7.8
India,2021,Services,2195,,5.6
France,2018,Services,325,30%,-2.5
India,2012,Services,1316,12%,5.6
India,2014,Agriculture,4023,45%,4.1
Brazil,2011,Agriculture,4154,45%,3.2
Germany,2021,Agriculture,2993,45%,4.1
Germany,2022,Manufacturing,3030,25%,4.1
UK,2022,Services,2369,40%,-2.5
USA,2017,Agriculture,81,40%,
China,2020,Manufacturing,901,,7.8
China,2022,Services,654,30%,
China,2013,Manufacturing,3249,55%,7.8
Brazil,2015,Services,2114,,4.1
India,2015,Agriculture,3594,30%,
Germany,2014,Manufacturing,2398,,7.8
USA,2021,Manufacturing,1857,40%,7.8
India,2021,Manufacturing,3909,40%,-2.5
France,2010,Services,4187,35%,3.2
Germany,2020,Services,2248,45%,-2.5
Germany,2016,Manufacturing,3922,25%,7.8
Japan,2019,Services,3612,45%,3.2
Japan,2017,Manufacturing,3248,,0
Brazil,2010,Agriculture,4554,55%,0
USA,2019,Manufacturing,1942,40%,4.1
France,2016,Manufacturing,4489,12%,
USA,2013,Services,3219,40%,-2.5
USA,2015,Services,2997,12%,7.8
Brazil,2018,Services,4173,30%,
Brazil,2014,Agriculture,3150,40%,0
India,2017,Agriculture,3971,30%,0
UK,2014,Agriculture,4779,30%,4.1
Brazil,2011,Services,4357,,5.6
USA,2013,Manufacturing,4833,35%,5.6
Japan,2023,Manufacturing,3738,12%,
UK,2011,Manufacturing,121,12%,4.1
India,2016,Services,2207,40%,
UK,2016,Services,1186,25%,3.2
China,2023,Agriculture,4377,40%,3.2
France,2012,Services,4127,30%,7.8
UK,2023,Manufacturing,92,25%,0
USA,2022,Agriculture,4410,30%,-2.5
India,2016,Agriculture,1881,35%,-2.5
France,2010,Services,95,,5.6
USA,2010,Agriculture,3691,40%,4.1
France,2018,Agriculture,1725,35%,4.1
Japan,2015,Services,3402,,4.1
China,2022,Agriculture,1319,25%,3.2
Japan,2023,Manufacturing,4033,40%,7.8
USA,2021,Services,4013,12%,4.1
USA,2014,Manufacturing,3073,,5.6
USA,2022,Manufacturing,2840,55%,5.6
Germany,2015,Manufacturing,3220,12%,7.8
China,2015,Manufacturing,4872,12%,7.8
France,2010,Agriculture,1062,55%,
Brazil,2014,Agriculture,4639,30%,0
USA,2018,Services,3557,35%,4.1
USA,2013,Services,4852,25%,7.8
France,2012,Manufacturing,2121,35%,7.8
Brazil,2010,Manufacturing,2055,35%,5.6
Japan,2023,Services,2367,40%,5.6
Japan,2011,Services,4883,40%,-2.5
USA,2012,Services,2225,35%,
India,2013,Services,4688,25%,-2.5
Germany,2016,Manufacturing,1836,35%,-2.5
Japan,2015,Services,3179,40%,7.8
India,2020,Agriculture,2422,35%,0
Germany,2017,Manufacturing,1510,45%,5.6
USA,2023,Agriculture,1514,12%,3.2
China,2018,Services,3091,30%,4.1
UK,2015,Agriculture,1108,40%,4.1
UK,2016,Services,1021,45%,0
USA,2013,Agriculture,2440,25%,
Japan,2011,Manufacturing,3049,,4.1
India,2018,Agriculture,2554,,3.2
China,2018,Manufacturing,948,55%,
France,2013,Agriculture,1863,,4.1
Germany,2021,Agriculture,1552,55%,7.8
USA,2012,Manufacturing,392,,
China,2019,Manufacturing,3910,45%,4.1
Brazil,2023,Services,3401,45%,3.2
China,2020,Manufacturing,2910,30%,
Japan,2015,Manufacturing,1298,45%,
Brazil,2023,Services,1258,12%,-2.5
Germany,2023,Manufacturing,4440,25%,
Brazil,2012,Manufacturing,2189,40%,5.6
China,2010,Agriculture,1660,30%,0
Japan,2013,Services,2029,,-2.5
Brazil,2010,Services,2847,,5.6
India,2011,Agriculture,606,,4.1
Japan,2012,Services,4044,35%,
India,2017,Agriculture,4454,45%,4.1
India,2019,Manufacturing,3736,12%,-2.5
Brazil,2013,Services,1202,55%,0
Brazil,2013,Manufacturing,3794,40%,7.8
France,2022,Services,3671,40%,3.2
France,2019,Manufacturing,3409,55%,7.8
China,2018,Services,1022,55%,
Japan,2016,Services,3957,45%,
France,2011,Manufacturing,3778,55%,4.1
India,2012,Agriculture,3461,55%,3.2
France,2013,Services,3116,55%,3.2
Germany,2013,Agriculture,1341,35%,4.1
China,2019,Agriculture,4363,55%,
Japan,2017,Agriculture,2910,12%,0
Japan,2019,Agriculture,213,45%,0
UK,2023,Agriculture,3969,,7.8
Japan,2019,Agriculture,1764,35%,5.6
China,2015,Services,3512,35%,5.6
Germany,2012,Agriculture,1490,45%,7.8
Japan,2020,Services,2145,55%,4.1
UK,2018,Services,850,,3.2
China,2019,Services,2815,30%,4.1
India,2017,Manufacturing,2710,,0
USA,2018,Agriculture,1740,55%,7.8
USA,2014,Manufacturing,283,25%,5.6
India,2012,Agriculture,1926,30%,3.2
France,2013,Manufacturing,1011,55%,5.6
Japan,2023,Services,3420,40%,3.2
Brazil,2022,Manufacturing,1095,,5.6
USA,2021,Services,4531,12%,
France,2014,Manufacturing,4509,55%,-2.5
USA,2018,Agriculture,1457,45%,3.2
India,2018,Agriculture,257,55%,3.2
Japan,2023,Manufacturing,4420,45%,4.1
Japan,2012,Manufacturing,1802,35%,3.2
France,2016,Agriculture,545,25%,-2.5
India,2015,Manufacturing,951,35%,-2.5
France,2013,Manufacturing,3648,45%,4.1
Japan,2014,Agriculture,2256,40%,5.6
Brazil,2023,Services,1799,25%,0
Japan,2019,Agriculture,509,35%,4.1
China,2011,Agriculture,4539,55%,
Brazil,2020,Manufacturing,966,,5.6
France,2016,Agriculture,4309,40%,3.2
China,2023,Agriculture,4784,,3.2
India,2013,Manufacturing,3451,40%,
Germany,2011,Manufacturing,4715,55%,4.1
USA,2020,Services,2244,30%,5.6
China,2015,Agriculture,1009,40%,7.8
USA,2020,Services,4913,25%,0
UK,2021,Services,2207,35%,-2.5
India,2011,Services,443,30%,0
Germany,2019,Services,3682,12%,7.8
UK,2011,Agriculture,4588,12%,5.6
UK,2016,Agriculture,4108,30%,4.1
Japan,2010,Agriculture,4892,12%,5.6
UK,2016,Services,2227,35%,3.2
India,2019,Manufacturing,1916,,
China,2014,Agriculture,1849,35%,5.6
India,2010,Services,554,30%,7.8
China,2015,Services,769,40%,5.6
UK,2016,Services,2037,35%,4.1
UK,2010,Services,924,45%,5.6
Brazil,2018,Services,2928,,7.8
Germany,2016,Services,683,12%,-2.5
China,2010,Agriculture,4427,30%,0
UK,2012,Manufacturing,2470,12%,4.1
Japan,2014,Agriculture,1374,12%,5.6
Brazil,2013,Agriculture,1058,30%,0
USA,2011,Services,2383,,0
Brazil,2010,Agriculture,1189,45%,3.2
Germany,2013,Manufacturing,3270,45%,-2.5
India,2016,Manufacturing,453,40%,0
Germany,2020,Services,3803,40%,3.2
USA,2013,Manufacturing,3240,30%,7.8
Brazil,2018,Services,745,35%,7.8
China,2023,Manufacturing,957,,7.8
India,2017,Manufacturing,3897,40%,
India,2017,Agriculture,3214,,
China,2014,Manufacturing,1976,12%,4.1
France,2021,Services,170,12%,7.8
France,2010,Manufacturing,2915,,7.8
Germany,2018,Manufacturing,3781,55%,3.2
UK,2011,Agriculture,3965,,-2.5
France,2015,Services,3641,30%,-2.5
Germany,2019,Services,3626,40%,3.2
France,2023,Services,4536,55%,3.2
USA,2014,Agriculture,2464,55%,
Japan,2019,Manufacturing,890,45%,5.6
UK,2022,Services,2855,40%,0
Germany,2017,Manufacturing,3356,35%,
Japan,2020,Manufacturing,3483,25%,4.1
Japan,2012,Manufacturing,1515,12%,
Brazil,2015,Agriculture,1906,40%,7.8
France,2015,Manufacturing,2285,55%,
Brazil,2019,Agriculture,453,12%,
China,2012,Agriculture,462,12%,0
USA,2021,Agriculture,1587,12%,5.6
USA,2021,Services,4299,,4.1
USA,2021,Agriculture,266,35%,-2.5
UK,2016,Services,1074,12%,4.1
India,2020,Agriculture,2863,40%,7.8
UK,2013,Agriculture,4944,30%,
Germany,2014,Agriculture,855,30%,
Japan,2018,Agriculture,3399,35%,-2.5
Japan,2015,Manufacturing,2866,25%,3.2
Brazil,2019,Manufacturing,2859,25%,4.1
India,2022,Agriculture,1321,45%,0
Germany,2013,Manufacturing,483,12%,-2.5
India,2017,Services,478,30%,5.6
Japan,2018,Manufacturing,1237,55%,-2.5
France,2019,Manufacturing,4307,45%,7.8
UK,2014,Manufacturing,2604,30%,7.8
USA,2011,Agriculture,2362,,0
Japan,2015,Services,2045,40%,3.2
China,2020,Agriculture,2207,40%,
USA,2021,Services,1792,45%,7.8
Japan,2017,Agriculture,1392,25%,5.6
UK,2022,Manufacturing,1205,55%,4.1
India,2014,Services,3254,30%,0
France,2010,Manufacturing,443,12%,7.8
France,2017,Services,3692,12%,5.6
USA,2018,Services,4867,25%,
UK,2010,Agriculture,2090,,-2.5
France,2017,Agriculture,2128,35%,
France,2019,Manufacturing,2914,25%,5.6
Germany,2021,Manufacturing,3511,30%,
China,2011,Services,4306,30%,0
USA,2013,Services,1379,55%,7.8
India,2022,Agriculture,1696,35%,3.2
France,2011,Agriculture,2705,55%,3.2
Germany,2011,Agriculture,2435,12%,5.6
UK,2019,Agriculture,2887,35%,5.6
France,2012,Agriculture,4482,55%,5.6
Brazil,2023,Services,3355,40%,7.8
China,2017,Services,3370,12%,3.2
India,2013,Manufacturing,3926,55%,3.2
UK,2016,Services,3576,35%,0
UK,2021,Agriculture,4208,30%,0
USA,2019,Services,4964,12%,-2.5
France,2012,Services,2354,55%,7.8
USA,2019,Services,1321,45%,5.6
India,2021,Manufacturing,1337,35%,0
Brazil,2023,Manufacturing,4994,35%,-2.5
France,2023,Services,410,30%,-2.5
Japan,2022,Services,2024,35%,3.2
France,2020,Agriculture,2977,,7.8
Brazil,2023,Manufacturing,3514,12%,7.8
Japan,2012,Agriculture,2276,35%,
UK,2011,Agriculture,1900,30%,5.6
USA,2022,Services,2596,55%,7.8
China,2021,Services,2774,30%,
France,2015,Services,3724,40%,5.6
China,2015,Agriculture,3955,30%,7.8
France,2010,Agriculture,3825,45%,3.2
UK,2016,Agriculture,4437,55%,
USA,2021,Services,4733,55%,-2.5
India,2023,Services,867,35%,7.8
India,2023,Services,2196,45%,4.1
India,2013,Agriculture,230,45%,7.8
France,2022,Agriculture,4519,40%,3.2
France,2020,Manufacturing,4769,45%,0
China,2021,Services,491,45%,5.6
USA,2012,Agriculture,2342,30%,0
Brazil,2022,Manufacturing,1712,30%,-2.5
France,2022,Agriculture,920,25%,0
USA,2017,Agriculture,2924,40%,4.1
China,2011,Services,2549,40%,4.1
France,2018,Manufacturing,3262,45%,-2.5
India,2022,Agriculture,1706,35%,5.6
India,2017,Manufacturing,1946,,3.2
UK,2017,Manufacturing,1139,45%,4.1
Japan,2022,Services,532,55%,4.1
Germany,2012,Manufacturing,358,25%,-2.5
Brazil,2022,Services,642,55%,5.6
Japan,2013,Services,3893,35%,
France,2011,Services,1068,35%,3.2
USA,2011,Manufacturing,4543,40%,0
France,2013,Agriculture,4614,30%,0
USA,2015,Services,4762,,-2.5
USA,2014,Agriculture,4242,,7.8
Japan,2010,Manufacturing,3311,45%,
Germany,2022,Agriculture,4340,30%,7.8
UK,2019,Agriculture,1407,40%,
Japan,2010,Services,132,,3.2
Germany,2015,Services,300,35%,0
India,2012,Services,1143,25%,5.6
India,2012,Manufacturing,2437,30%,
USA,2016,Agriculture,1458,40%,3.2
China,2022,Manufacturing,1531,,-2.5
France,2022,Manufacturing,3261,30%,
France,2010,Manufacturing,1148,55%,-2.5
USA,2010,Manufacturing,4245,35%,3.2
China,2023,Services,3778,,5.6
Brazil,2022,Agriculture,3942,,0
Germany,2019,Services,782,35%,0
Brazil,2012,Services,372,25%,5.6
Brazil,2023,Manufacturing,2107,12%,0
India,2017,Services,3110,12%,
Brazil,2010,Agriculture,3750,25%,7.8
France,2019,Manufacturing,3434,35%,7.8
Japan,2022,Services,1311,25%,5.6
China,2013,Manufacturing,855,25%,4.1
Germany,2018,Agriculture,1583,12%,7.8
India,2023,Manufacturing,2091,30%,
Brazil,2013,Services,4275,45%,3.2
Japan,2019,Services,3874,,0
China,2017,Agriculture,3506,35%,
USA,2016,Agriculture,3714,55%,3.2
USA,2012,Manufacturing,3146,30%,5.6
USA,2016,Services,4709,25%,
France,2016,Agriculture,1403,40%,
Germany,2019,Agriculture,198,12%,4.1
USA,2012,Services,1833,30%,7.8
France,2011,Agriculture,2325,30%,3.2
UK,2018,Agriculture,664,45%,3.2
France,2010,Services,1874,40%,4.1
India,2023,Agriculture,289,35%,-2.5
France,2016,Services,962,40%,3.2
Germany,2013,Services,3063,25%,7.8
Japan,2011,Manufacturing,3803,12%,0
Brazil,2011,Services,208,25%,4.1
France,2017,Agriculture,4708,55%,0
USA,2016,Manufacturing,4621,40%,0
India,2021,Manufacturing,597,30%,7.8
China,2016,Agriculture,2950,35%,0
USA,2014,Manufacturing,2315,,
India,2023,Agriculture,804,35%,4.1
UK,2019,Manufacturing,784,35%,
Brazil,2017,Agriculture,3841,35%,4.1
China,2023,Services,2878,30%,0
UK,2011,Services,4367,12%,5.6
Japan,2011,Manufacturing,2385,55%,5.6
India,2014,Manufacturing,1974,25%,-2.5
UK,2010,Services,573,12%,
Brazil,2015,Agriculture,1560,40%,-2.5
Brazil,2013,Manufacturing,2796,45%,3.2
Japan,2015,Services,4826,35%,3.2
Brazil,2016,Manufacturing,667,35%,
India,2022,Services,910,25%,
India,2012,Services,4538,35%,4.1
Brazil,2020,Services,1357,35%,3.2
UK,2022,Agriculture,2950,25%,4.1
India,2017,Manufacturing,2871,55%,-2.5
USA,2016,Agriculture,3915,12%,0
Brazil,2022,Agriculture,3364,55%,4.1
India,2010,Services,84,25%,3.2
Germany,2015,Agriculture,2150,,0
Japan,2016,Manufacturing,1429,30%,0
Brazil,2023,Manufacturing,4295,30%,-2.5
India,2020,Services,486,40%,4.1
Germany,2013,Services,4595,40%,5.6
India,2023,Manufacturing,2622,,
India,2011,Manufacturing,4412,,5.6
UK,2019,Services,4029,30%,7.8
USA,2018,Agriculture,358,35%,5.6
Brazil,2016,Manufacturing,4410,40%,3.2
Japan,2010,Services,541,35%,-2.5
Brazil,2017,Services,571,55%,0
USA,2012,Manufacturing,1964,45%,-2.5
China,2013,Services,2975,12%,4.1
UK,2021,Manufacturing,1418,35%,
UK,2014,Services,3340,25%,4.1
USA,2010,Services,2191,30%,7.8
France,2015,Agriculture,3279,55%,7.8
UK,2019,Services,4179,40%,7.8
Brazil,2015,Manufacturing,2898,12%,0
USA,2011,Manufacturing,3627,,7.8
UK,2020,Agriculture,2621,45%,
India,2019,Manufacturing,282,,7.8
USA,2015,Services,1672,,7.8
USA,2017,Agriculture,2702,30%,
Brazil,2015,Manufacturing,1266,40%,
Germany,2013,Services,3589,35%,0
UK,2013,Agriculture,571,55%,4.1
UK,2018,Services,4782,35%,7.8
USA,2015,Manufacturing,2884,40%,3.2
India,2017,Manufacturing,3116,40%,-2.5
India,2017,Manufacturing,3249,55%,7.8
Japan,2016,Manufacturing,390,45%,7.8
India,2012,Agriculture,2794,40%,-2.5
UK,2019,Manufacturing,3996,25%,4.1
France,2010,Agriculture,3988,40%,7.8
Germany,2014,Agriculture,108,40%,4.1
USA,2022,Services,3303,30%,
China,2019,Manufacturing,4731,25%,4.1
Germany,2019,Services,292,12%,7.8
Brazil,2011,Services,277,40%,3.2
Brazil,2021,Services,4663,35%,4.1
France,2019,Services,2652,35%,
China,2022,Services,176,35%,5.6
Germany,2011,Manufacturing,4480,25%,0
India,2023,Services,4903,30%,0
UK,2016,Agriculture,1481,30%,-2.5
France,2020,Agriculture,2218,40%,3.2
China,2022,Manufacturing,4009,12%,4.1
France,2012,Agriculture,2798,25%,0
Germany,2022,Services,1358,,-2.5
UK,2017,Agriculture,2175,55%,-2.5
France,2018,Services,1643,35%,-2.5
China,2023,Manufacturing,4129,40%,0
USA,2022,Agriculture,1543,40%,5.6
Germany,2017,Agriculture,2080,55%,-2.5
USA,2015,Agriculture,3302,,7.8
India,2014,Manufacturing,4410,45%,5.6
USA,2012,Manufacturing,4827,40%,5.6
USA,2012,Agriculture,296,55%,7.8
Japan,2016,Manufacturing,4569,55%,0
Germany,2022,Services,1132,40%,0
India,2014,Manufacturing,4978,55%,4.1
USA,2021,Agriculture,1531,40%,3.2
Brazil,2023,Services,60,40%,4.1
UK,2015,Agriculture,2056,40%,0
China,2023,Agriculture,3491,25%,3.2
USA,2015,Agriculture,3579,55%,-2.5
India,2018,Manufacturing,2342,30%,0
USA,2010,Agriculture,994,,0
China,2017,Services,484,35%,4.1
India,2019,Services,3541,12%,7.8
Germany,2022,Services,2339,45%,-2.5
India,2022,Agriculture,3393,35%,
Germany,2014,Services,2616,12%,
India,2022,Services,1809,35%,3.2
Brazil,2015,Services,3925,30%,-2.5
France,2015,Services,2278,55%,
China,2010,Manufacturing,317,45%,5.6
China,2012,Agriculture,2248,40%,7.8
India,2021,Agriculture,3737,35%,5.6
France,2015,Services,4527,45%,
USA,2023,Agriculture,564,25%,3.2
China,2023,Services,1793,25%,0
Brazil,2020,Services,979,55%,0
Germany,2020,Services,3981,55%,0
Germany,2018,Agriculture,1498,25%,3.2
UK,2015,Manufacturing,3937,30%,5.6
Japan,2021,Agriculture,248,35%,3.2
France,2022,Agriculture,2105,40%,3.2
Japan,2015,Manufacturing,1830,12%,5.6
Japan,2010,Agriculture,4950,12%,
Germany,2018,Manufacturing,4472,40%,0
Brazil,2013,Services,1763,25%,7.8
Brazil,2011,Manufacturing,3142,12%,3.2
UK,2010,Services,3554,35%,3.2
Japan,2012,Manufacturing,2617,12%,5.6
Japan,2012,Services,979,,
India,2014,Agriculture,4675,30%,4.1
India,2010,Manufacturing,1469,12%,7.8
India,2016,Agriculture,2055,40%,4.1
USA,2022,Services,1380,,3.2
Japan,2010,Manufacturing,2607,40%,4.1
Brazil,2013,Manufacturing,473,25%,-2.5
Brazil,2015,Manufacturing,199,45%,7.8
USA,2010,Agriculture,3513,45%,3.2
Brazil,2016,Services,1563,35%,7.8
UK,2019,Agriculture,2765,45%,
France,2016,Manufacturing,3043,55%,4.1
Germany,2012,Services,188,25%,-2.5
Japan,2013,Services,3775,,-2.5
Brazil,2015,Agriculture,1920,,7.8
Germany,2023,Agriculture,2111,30%,0
Brazil,2020,Manufacturing,2045,45%,7.8
France,2016,Manufacturing,2868,12%,5.6
India,2023,Manufacturing,1963,45%,0
Japan,2022,Manufacturing,4330,25%,
China,2013,Services,792,12%,-2.5
USA,2019,Manufacturing,4231,12%,0
USA,2020,Manufacturing,4283,,-2.5
Japan,2018,Manufacturing,3587,40%,-2.5
France,2018,Agriculture,126,30%,-2.5
India,2018,Agriculture,2041,30%,5.6
USA,2021,Agriculture,3755,25%,5.6
India,2019,Manufacturing,3072,35%,3.2
UK,2015,Services,4921,30%,
Germany,2011,Manufacturing,1066,35%,5.6
France,2011,Agriculture,146,25%,
China,2020,Agriculture,1044,,-2.5
Germany,2013,Manufacturing,1604,40%,
Germany,2018,Services,1082,25%,7.8
UK,2012,Services,132,25%,
USA,2015,Services,1585,12%,0
China,2011,Agriculture,4575,40%,7.8
USA,2010,Agriculture,562,30%,-2.5
Japan,2021,Services,1972,30%,7.8
Germany,2014,Manufacturing,1747,12%,0
Japan,2017,Services,3535,25%,3.2
India,2019,Manufacturing,2610,,3.2
Germany,2019,Agriculture,1964,12%,
USA,2011,Agriculture,4803,55%,
Germany,2019,Agriculture,4026,25%,5.6
India,2018,Services,696,40%,7.8
UK,2021,Services,847,12%,5.6
Japan,2017,Agriculture,126,35%,5.6
Brazil,2012,Agriculture,2733,30%,7.8
Japan,2010,Agriculture,791,25%,7.8
USA,2013,Services,1275,40%,0
Germany,2017,Services,4252,40%,7.8
USA,2012,Agriculture,1014,25%,7.8
UK,2019,Services,4831,25%,
Germany,2021,Services,361,45%,5.6
Brazil,2011,Services,2696,25%,3.2
Germany,2016,Services,2781,35%,-2.5
Brazil,2013,Agriculture,682,12%,3.2
USA,2015,Agriculture,4813,25%,7.8
USA,2014,Services,4744,,-2.5
India,2011,Agriculture,3731,55%,7.8
France,2019,Agriculture,464,,
France,2011,Agriculture,3256,,0
UK,2023,Manufacturing,1592,12%,7.8
France,2018,Agriculture,821,35%,-2.5
India,2020,Agriculture,4529,30%,
Japan,2019,Services,2637,30%,0
Brazil,2011,Services,536,45%,4.1
Germany,2017,Manufacturing,1829,40%,
USA,2017,Manufacturing,79,30%,-2.5
Germany,2010,Agriculture,179,35%,0
Germany,2010,Agriculture,4264,,5.6
China,2022,Services,2424,45%,4.1
Japan,2013,Agriculture,4033,12%,4.1
China,2011,Agriculture,3191,40%,-2.5
France,2021,Agriculture,257,45%,5.6
Germany,2010,Agriculture,4236,12%,
Brazil,2018,Agriculture,4265,30%,4.1
USA,2022,Agriculture,1031,40%,4.1
Brazil,2012,Agriculture,4352,35%,4.1
Germany,2023,Agriculture,4551,,5.6
Japan,2023,Services,2221,35%,7.8
Brazil,2023,Manufacturing,161,45%,3.2
China,2010,Agriculture,4759,40%,0
USA,2011,Services,1459,55%,-2.5
Germany,2017,Agriculture,755,,
UK,2014,Agriculture,2829,,5.6
Japan,2020,Manufacturing,4249,35%,
Japan,2016,Services,2650,45%,4.1
UK,2015,Agriculture,2665,25%,7.8
Brazil,2022,Manufacturing,4907,30%,-2.5
Germany,2010,Manufacturing,3024,30%,
Japan,2015,Agriculture,897,12%,7.8
USA,2020,Agriculture,2993,25%,-2.5
Germany,2016,Services,3270,40%,7.8
Germany,2013,Services,218,30%,7.8
China,2017,Agriculture,1034,25%,3.2
Japan,2017,Agriculture,1157,25%,5.6
Japan,2016,Manufacturing,2617,45%,0
UK,2020,Services,156,35%,0
China,2011,Agriculture,2755,,-2.5
Brazil,2015,Agriculture,2128,25%,-2.5
France,2015,Services,3668,40%,
Brazil,2021,Agriculture,4392,30%,
Brazil,2021,Manufacturing,3023,45%,3.2
China,2016,Manufacturing,1603,30%,-2.5
Japan,2015,Agriculture,2052,30%,0
Germany,2011,Services,547,35%,5.6
China,2017,Manufacturing,4999,12%,3.2
UK,2013,Services,4449,35%,4.1
China,2018,Services,1471,35%,-2.5
UK,2017,Services,3524,30%,4.1
Brazil,2023,Manufacturing,4461,25%,4.1
France,2012,Manufacturing,4423,40%,3.2
China,2012,Agriculture,591,45%,3.2
UK,2017,Services,838,,3.2
China,2011,Manufacturing,405,40%,-2.5
France,2018,Manufacturing,4024,55%,7.8
Brazil,2013,Agriculture,1276,12%,-2.5
China,2015,Manufacturing,299,45%,-2.5
USA,2012,Manufacturing,4248,,
UK,2012,Manufacturing,3445,25%,-2.5
France,2012,Agriculture,4019,30%,-2.5
UK,2020,Agriculture,581,45%,-2.5
UK,2022,Services,608,,3.2
India,2019,Manufacturing,1669,55%,4.1
France,2021,Agriculture,1341,12%,3.2
China,2023,Agriculture,3174,40%,-2.5
UK,2023,Agriculture,4930,35%,
Japan,2023,Services,4163,,5.6
India,2021,Services,1177,12%,
USA,2011,Services,4297,40%,5.6
UK,2017,Services,3961,55%,7.8
Brazil,2018,Services,1157,12%,5.6
UK,2017,Manufacturing,4694,,0
India,2019,Manufacturing,1737,12%,0
China,2012,Agriculture,4521,25%,5.6
Japan,2016,Services,4353,35%,-2.5
Brazil,2020,Services,4605,30%,5.6
USA,2019,Agriculture,3525,55%,4.1
Brazil,2011,Manufacturing,2627,30%,0
UK,2013,Services,2582,30%,5.6
China,2021,Services,4267,25%,3.2
France,2022,Services,2079,12%,7.8
Japan,2023,Manufacturing,1193,12%,3.2
France,2022,Manufacturing,4396,40%,
Japan,2015,Services,3793,30%,3.2
USA,2020,Services,3640,45%,4.1
Germany,2014,Agriculture,3848,25%,4.1
Japan,2022,Agriculture,1797,55%,7.8
Germany,2018,Manufacturing,4869,55%,-2.5
France,2019,Agriculture,267,30%,7.8
Japan,2013,Services,2860,40%,-2.5
USA,2014,Manufacturing,3465,30%,4.1
India,2013,Agriculture,1766,55%,0
USA,2023,Manufacturing,4749,,4.1
USA,2022,Services,339,,5.6
India,2023,Agriculture,4747,,4.1
India,2017,Agriculture,3318,55%,4.1
China,2022,Agriculture,2793,12%,0
Japan,2017,Services,659,,0
France,2012,Manufacturing,2403,12%,0
China,2010,Agriculture,585,40%,4.1
India,2015,Manufacturing,3341,25%,5.6
Germany,2011,Manufacturing,3807,35%,-2.5
France,2011,Manufacturing,806,40%,7.8
Germany,2012,Services,3899,55%,4.1
USA,2017,Services,403,12%,-2.5
UK,2012,Agriculture,4880,25%,-2.5
USA,2016,Agriculture,3941,55%,4.1
USA,2019,Manufacturing,4380,35%,3.2
UK,2023,Manufacturing,355,55%,5.6
Japan,2019,Manufacturing,3045,,-2.5
India,2018,Services,3758,45%,4.1
Germany,2022,Services,2264,30%,-2.5
USA,2017,Agriculture,4198,55%,0
UK,2010,Manufacturing,1259,45%,
China,2016,Manufacturing,325,35%,3.2
USA,2016,Services,196,30%,7.8
Germany,2017,Agriculture,3598,45%,
India,2019,Manufacturing,4775,35%,3.2
USA,2014,Manufacturing,2003,25%,0
USA,2019,Agriculture,901,45%,0
Japan,2018,Manufacturing,4573,30%,4.1
Brazil,2018,Services,537,30%,0
UK,2017,Agriculture,1603,,4.1
China,2015,Manufacturing,1811,55%,5.6
China,2015,Manufacturing,3233,55%,4.1
France,2010,Services,633,25%,
India,2022,Services,4761,40%,0
France,2015,Services,4360,12%,-2.5
Germany,2023,Manufacturing,4655,,5.6
India,2013,Manufacturing,560,,0
USA,2013,Manufacturing,4171,35%,5.6
Brazil,2023,Agriculture,3863,,-2.5
USA,2011,Services,2290,12%,4.1
China,2022,Agriculture,2200,12%,0
Germany,2020,Services,3252,25%,
UK,2023,Manufacturing,392,25%,4.1
Germany,2013,Agriculture,1473,40%,0
USA,2014,Agriculture,3917,40%,-2.5
UK,2022,Services,4445,45%,0
Germany,2021,Agriculture,195,,-2.5
Brazil,2014,Agriculture,2867,45%,0
Brazil,2014,Manufacturing,4607,45%,0
Germany,2013,Services,965,45%,3.2
UK,2010,Agriculture,4969,45%,5.6
USA,2023,Manufacturing,1961,55%,7.8
Germany,2019,Agriculture,3751,40%,3.2
UK,2017,Manufacturing,1389,25%,3.2
Japan,2012,Agriculture,2296,35%,5.6
Brazil,2011,Manufacturing,3967,40%,3.2
Japan,2018,Manufacturing,3001,35%,-2.5
USA,2016,Services,547,35%,3.2
UK,2018,Manufacturing,2998,35%,7.8
Japan,2022,Agriculture,840,35%,-2.5
UK,2011,Manufacturing,4250,55%,
Germany,2018,Manufacturing,59,40%,5.6
USA,2019,Agriculture,3148,25%,5.6
Japan,2018,Agriculture,2866,,5.6
France,2020,Manufacturing,376,45%,-2.5
Germany,2018,Agriculture,3616,45%,5.6
Brazil,2019,Manufacturing,932,40%,5.6
France,2022,Manufacturing,1721,30%,7.8
France,2019,Manufacturing,787,45%,0
India,2013,Agriculture,2224,40%,4.1
India,2019,Services,973,30%,
USA,2012,Services,4316,25%,0
Japan,2015,Manufacturing,4532,40%,0
Japan,2012,Manufacturing,2874,25%,5.6
Japan,2020,Agriculture,1203,,-2.5
UK,2018,Services,2120,55%,5.6
Germany,2012,Services,4650,55%,0
Japan,2011,Services,970,30%,7.8
Germany,2017,Agriculture,3532,,5.6
USA,2015,Agriculture,1493,45%,5.6
France,2017,Agriculture,4557,40%,5.6
Japan,2022,Manufacturing,2851,,-2.5
USA,2016,Agriculture,1825,30%,7.8
Japan,2012,Manufacturing,78,25%,7.8
India,2017,Manufacturing,2342,45%,4.1
China,2019,Manufacturing,3753,40%,7.8
USA,2010,Manufacturing,875,55%,7.8
Japan,2010,Agriculture,3791,,0
Brazil,2022,Agriculture,188,45%,5.6
China,2022,Services,4502,55%,
USA,2019,Services,2309,40%,7.8
Brazil,2022,Manufacturing,1212,12%,3.2
Brazil,2017,Services,3489,40%,3.2
UK,2022,Services,2583,30%,
Brazil,2018,Services,1409,35%,4.1
Japan,2019,Manufacturing,2275,12%,0
UK,2015,Services,2610,30%,3.2
India,2014,Agriculture,3722,30%,3.2
Japan,2011,Manufacturing,2210,,3.2
France,2020,Agriculture,332,45%,0
Brazil,2018,Manufacturing,1189,45%,5.6
India,2015,Agriculture,1847,30%,0
China,2017,Services,4186,25%,-2.5
USA,2018,Manufacturing,3029,35%,-2.5
Brazil,2018,Agriculture,1240,55%,3.2
Germany,2017,Manufacturing,1294,45%,3.2
India,2021,Agriculture,4458,55%,5.6
Germany,2019,Services,1980,55%,4.1
Brazil,2017,Manufacturing,2568,30%,
Germany,2012,Manufacturing,97,55%,3.2
Brazil,2022,Agriculture,183,40%,-2.5
USA,2012,Agriculture,3096,12%,3.2
China,2011,Services,2414,55%,5.6
USA,2010,Agriculture,3559,25%,-2.5
Japan,2013,Agriculture,3556,40%,3.2
India,2011,Agriculture,2183,12%,5.6
Germany,2023,Services,4144,30%,4.1
USA,2023,Services,2587,12%,4.1
Brazil,2011,Manufacturing,2521,45%,5.6
USA,2022,Services,2484,35%,-2.5
USA,2020,Agriculture,4385,35%,-2.5
India,2020,Manufacturing,3572,,
China,2014,Services,2355,45%,-2.5
France,2013,Services,4189,30%,4.1
USA,2010,Agriculture,1860,35%,5.6
India,2018,Agriculture,713,30%,-2.5
Germany,2023,Services,3104,30%,4.1
Brazil,2013,Manufacturing,4899,55%,4.1
Japan,2014,Agriculture,4250,25%,-2.5
France,2016,Services,3542,55%,5.6
UK,2011,Services,1003,35%,
France,2017,Agriculture,1723,30%,5.6
Brazil,2020,Manufacturing,1392,30%,-2.5
France,2011,Manufacturing,3541,35%,-2.5
Brazil,2020,Manufacturing,2792,30%,4.1
India,2019,Agriculture,2154,40%,-2.5
UK,2014,Agriculture,289,25%,
USA,2022,Agriculture,2674,30%,4.1
USA,2021,Manufacturing,3099,12%,5.6
France,2011,Manufacturing,2159,12%,7.8
India,2011,Agriculture,4297,25%,0
UK,2013,Agriculture,4275,40%,3.2
USA,2013,Agriculture,1513,30%,0
Germany,2022,Manufacturing,449,30%,
China,2017,Services,2771,12%,5.6
China,2022,Services,1987,40%,4.1
USA,2015,Manufacturing,4686,35%,7.8
UK,2019,Agriculture,231,30%,
Japan,2017,Agriculture,1124,30%,4.1
USA,2022,Agriculture,2623,12%,5.6
Japan,2016,Agriculture,2447,35%,-2.5
Japan,2022,Manufacturing,1131,45%,
Brazil,2019,Services,468,30%,3.2
Brazil,2013,Services,1210,55%,0
UK,2011,Manufacturing,689,12%,5.6
Japan,2018,Agriculture,2134,45%,7.8
Germany,2011,Services,4639,,-2.5
UK,2010,Manufacturing,408,12%,7.8
USA,2017,Agriculture,1853,45%,3.2
France,2019,Services,588,25%,7.8
Germany,2018,Manufacturing,4489,45%,7.8
India,2010,Services,2268,35%,4.1
China,2016,Services,1763,25%,-2.5
USA,2011,Manufacturing,915,40%,7.8
USA,2015,Manufacturing,2117,30%,-2.5
USA,2022,Services,2400,25%,3.2
Germany,2020,Services,825,35%,5.6
India,2014,Manufacturing,3318,12%,-2.5
France,2010,Agriculture,4721,25%,
UK,2011,Agriculture,3677,12%,4.1
Brazil,2011,Agriculture,1085,55%,
India,2019,Agriculture,410,40%,5.6
Germany,2019,Manufacturing,2869,45%,4.1
USA,2015,Agriculture,345,40%,4.1
China,2020,Services,1476,45%,4.1
USA,2021,Agriculture,3559,35%,0
UK,2010,Manufacturing,2866,35%,7.8
Japan,2020,Agriculture,2915,,5.6
China,2022,Agriculture,742,45%,7.8
USA,2013,Manufacturing,4645,55%,-2.5
France,2021,Agriculture,1117,30%,7.8
China,2019,Manufacturing,1182,30%,4.1
Japan,2020,Agriculture,1171,35%,3.2
Brazil,2014,Manufacturing,1291,55%,
India,2011,Agriculture,996,,5.6
Germany,2011,Services,3197,35%,7.8
Brazil,2016,Services,1665,25%,5.6
USA,2016,Manufacturing,4709,,5.6
UK,2015,Manufacturing,112,30%,3.2
India,2010,Manufacturing,443,12%,-2.5
Brazil,2021,Services,1576,45%,7.8
USA,2022,Manufacturing,1551,12%,0
India,2021,Agriculture,569,,4.1
Brazil,2012,Manufacturing,438,45%,5.6
UK,2018,Manufacturing,637,,-2.5
USA,2019,Agriculture,3547,35%,0
Japan,2010,Agriculture,3111,12%,5.6
Japan,2011,Services,4781,,0
UK,2017,Agriculture,2621,,7.8
China,2016,Agriculture,329,55%,7.8
UK,2018,Manufacturing,3166,,
China,2019,Services,3522,35%,5.6
USA,2021,Agriculture,2034,,5.6
Brazil,2021,Services,2331,25%,
China,2013,Agriculture,4331,12%,7.8
USA,2013,Services,854,12%,-2.5
USA,2016,Agriculture,124,40%,0
France,2010,Manufacturing,3035,25%,5.6
Germany,2019,Services,759,45%,5.6
USA,2021,Services,3712,35%,3.2
China,2018,Agriculture,4680,30%,0
Germany,2011,Services,1480,25%,
Germany,2010,Agriculture,696,,4.1
USA,2016,Services,2088,55%,7.8
UK,2015,Services,4183,35%,
UK,2021,Manufacturing,3988,30%,5.6
Japan,2012,Manufacturing,2265,25%,5.6
Germany,2010,Services,3406,25%,7.8
USA,2021,Manufacturing,152,12%,4.1
France,2014,Services,194,12%,0
UK,2019,Agriculture,804,12%,-2.5
France,2023,Services,4107,40%,7.8
USA,2013,Services,4511,35%,-2.5
USA,2014,Manufacturing,1880,,5.6
Brazil,2010,Manufacturing,3759,45%,-2.5
Germany,2010,Agriculture,132,35%,-2.5
Brazil,2014,Agriculture,1361,12%,7.8
France,2015,Agriculture,3389,12%,
Brazil,2014,Services,3744,35%,5.6
Japan,2011,Agriculture,3981,,0
Germany,2018,Agriculture,3497,,3.2
India,2014,Manufacturing,3718,25%,-2.5
Brazil,2020,Manufacturing,1665,25%,5.6
France,2020,Agriculture,4296,12%,3.2
UK,2014,Agriculture,2853,40%,0
UK,2019,Services,4875,12%,3.2
UK,2018,Services,2112,45%,0
China,2012,Manufacturing,4246,,
USA,2014,Agriculture,829,25%,3.2
Germany,2022,Agriculture,1108,45%,0
UK,2021,Agriculture,2448,30%,
India,2014,Agriculture,3054,12%,4.1
UK,2011,Agriculture,2380,30%,4.1
Japan,2020,Services,4782,,-2.5
USA,2013,Services,1809,30%,3.2
France,2020,Agriculture,4670,12%,0
USA,2020,Services,4310,45%,5.6
Brazil,2011,Services,477,45%,7.8
France,2014,Agriculture,3926,12%,
France,2019,Services,2540,55%,3.2
Brazil,2022,Agriculture,2166,12%,
Germany,2021,Services,2371,25%,3.2
Brazil,2011,Agriculture,609,,3.2
China,2019,Agriculture,4994,30%,3.2
France,2023,Services,1435,,7.8
France,2018,Services,2667,40%,3.2
Brazil,2019,Manufacturing,2004,12%,
Germany,2015,Agriculture,639,35%,-2.5
UK,2017,Agriculture,548,12%,-2.5
Japan,2018,Agriculture,2872,30%,5.6
India,2022,Agriculture,1579,55%,7.8
Germany,2017,Services,1688,25%,
China,2014,Services,1182,30%,4.1
Germany,2014,Manufacturing,4533,12%,5.6
USA,2015,Agriculture,465,30%,-2.5
UK,2023,Manufacturing,1641,30%,3.2
UK,2010,Manufacturing,4457,45%,3.2
France,2022,Manufacturing,3933,40%,0
UK,2020,Manufacturing,1657,25%,7.8
UK,2017,Manufacturing,3774,30%,0
Brazil,2011,Services,1765,25%,7.8
UK,2015,Services,252,55%,7.8
UK,2023,Manufacturing,3904,30%,3.2
India,2023,Services,4009,,3.2
China,2018,Services,159,45%,5.6
France,2022,Manufacturing,4227,35%,-2.5
Brazil,2012,Services,818,12%,-2.5
UK,2011,Services,188,35%,3.2
France,2019,Agriculture,270,30%,-2.5
China,2014,Manufacturing,910,,7.8
Brazil,2020,Agriculture,3977,30%,-2.5
Japan,2018,Agriculture,2437,30%,
UK,2015,Manufacturing,2575,45%,5.6
France,2023,Agriculture,1495,40%,-2.5
Germany,2017,Agriculture,1659,40%,-2.5
Brazil,2017,Services,248,25%,4.1
Brazil,2016,Agriculture,2913,55%,5.6
France,2014,Manufacturing,1210,55%,5.6
UK,2011,Services,1419,25%,3.2
USA,2023,Services,3621,30%,5.6
India,2019,Services,2272,55%,
Germany,2019,Manufacturing,538,35%,3.2
Germany,2014,Manufacturing,3590,,7.8
USA,2021,Manufacturing,2917,25%,0
UK,2016,Agriculture,2477,30%,-2.5
Brazil,2021,Agriculture,1927,12%,5.6
Brazil,2021,Services,4587,12%,-2.5
India,2016,Services,914,45%,7.8
Germany,2020,Manufacturing,2230,,0
India,2022,Manufacturing,3078,,5.6
Germany,2011,Agriculture,3148,25%,4.1
UK,2016,Agriculture,3378,,3.2
Japan,2015,Manufacturing,3684,35%,3.2
Germany,2016,Manufacturing,705,40%,5.6
Japan,2020,Agriculture,1429,,5.6
Germany,2017,Services,285,25%,7.8
Brazil,2013,Services,1038,25%,0
China,2010,Agriculture,1432,35%,5.6
UK,2017,Agriculture,864,30%,3.2
USA,2017,Services,3016,55%,0
Japan,2012,Agriculture,1739,35%,5.6
USA,2012,Services,3850,25%,0
UK,2014,Services,2536,25%,7.8
France,2023,Agriculture,1715,25%,
USA,2012,Manufacturing,2685,25%,4.1
UK,2023,Manufacturing,4036,45%,5.6
Brazil,2014,Manufacturing,1873,40%,5.6
USA,2017,Manufacturing,4138,55%,4.1
Japan,2010,Manufacturing,660,25%,0
China,2011,Manufacturing,1385,45%,5.6
USA,2011,Manufacturing,3918,30%,0
Japan,2021,Agriculture,4375,,
Germany,2013,Agriculture,3742,25%,0
UK,2018,Manufacturing,4485,55%,5.6
India,2011,Agriculture,3616,40%,3.2
France,2021,Services,2261,55%,4.1
Brazil,2023,Manufacturing,2213,35%,7.8
India,2020,Services,120,30%,0
Brazil,2022,Agriculture,1799,45%,3.2
UK,2021,Manufacturing,4995,,0
Brazil,2018,Services,391,55%,3.2
China,2016,Agriculture,4733,12%,5.6
USA,2019,Manufacturing,2876,25%,7.8
China,2017,Manufacturing,3881,55%,4.1
India,2010,Services,2429,30%,3.2
France,2022,Services,3919,30%,-2.5
Japan,2014,Services,4252,,0
France,2018,Agriculture,3323,,3.2
UK,2021,Services,2489,40%,7.8
UK,2013,Services,4375,45%,7.8
China,2011,Services,2117,30%,7.8
Japan,2015,Manufacturing,3589,30%,4.1
China,2011,Services,4797,45%,
USA,2012,Services,521,45%,3.2
Germany,2023,Agriculture,3815,35%,3.2
Japan,2017,Agriculture,4219,,5.6
Germany,2012,Services,703,25%,4.1
France,2011,Agriculture,511,12%,-2.5
USA,2015,Agriculture,1223,45%,
Brazil,2023,Agriculture,1717,30%,3.2
Brazil,2012,Manufacturing,3795,25%,
Germany,2010,Services,3371,45%,5.6
India,2021,Services,689,45%,4.1
France,2023,Services,4419,30%,0
Germany,2023,Agriculture,531,,-2.5
USA,2012,Agriculture,131,12%,
Germany,2015,Agriculture,3353,25%,7.8
UK,2012,Manufacturing,4176,45%,-2.5
China,2018,Agriculture,2843,,0
India,2016,Manufacturing,1157,35%,4.1
UK,2023,Services,3835,45%,4.1
UK,2014,Agriculture,300,,3.2
USA,2011,Manufacturing,2484,25%,3.2
China,2018,Manufacturing,1670,55%,
China,2014,Agriculture,1768,45%,5.6
Japan,2016,Manufacturing,315,35%,3.2
France,2018,Agriculture,71,35%,3.2
India,2013,Manufacturing,2173,45%,-2.5
France,2018,Services,1560,25%,0
USA,2010,Services,3902,40%,7.8
India,2021,Services,4825,45%,7.8
Japan,2015,Agriculture,2988,35%,5.6
Germany,2011,Services,3472,45%,4.1
UK,2017,Services,289,35%,4.1
India,2014,Services,100,55%,0
France,2012,Agriculture,3057,45%,-2.5
UK,2011,Manufacturing,525,12%,4.1
USA,2017,Agriculture,2054,45%,7.8
France,2016,Agriculture,206,35%,4.1
Germany,2018,Services,4811,40%,5.6
USA,2017,Manufacturing,2833,25%,3.2
Brazil,2020,Services,2069,35%,3.2
Germany,2013,Services,1736,55%,4.1
Germany,2011,Agriculture,4220,25%,
UK,2023,Agriculture,3908,12%,-2.5
USA,2022,Agriculture,2464,12%,7.8
USA,2011,Services,2853,55%,
India,2011,Manufacturing,3299,55%,
France,2023,Manufacturing,2205,55%,
Brazil,2020,Services,1876,30%,3.2
USA,2021,Manufacturing,3807,30%,5.6
India,2015,Services,142,,4.1
Brazil,2016,Manufacturing,4326,55%,5.6
China,2021,Services,720,45%,7.8
China,2015,Manufacturing,2193,35%,
Brazil,2011,Agriculture,281,,-2.5
China,2013,Agriculture,4039,45%,5.6
Japan,2012,Agriculture,1652,40%,0
USA,2020,Agriculture,3001,25%,5.6
Japan,2022,Services,1822,40%,-2.5
France,2013,Manufacturing,2116,12%,
USA,2014,Services,1360,40%,5.6
India,2016,Agriculture,208,12%,
Japan,2023,Manufacturing,3828,25%,3.2
Japan,2018,Services,1636,12%,-2.5
France,2020,Agriculture,427,40%,3.2
Japan,2011,Manufacturing,3345,55%,3.2
Germany,2017,Manufacturing,763,55%,7.8
India,2012,Agriculture,4237,,4.1
China,2018,Agriculture,2273,55%,
India,2019,Manufacturing,4121,30%,
Germany,2021,Agriculture,2832,25%,
France,2013,Services,787,35%,
France,2012,Agriculture,2550,25%,4.1
USA,2019,Agriculture,3196,40%,-2.5
India,2015,Agriculture,1913,35%,3.2
Brazil,2019,Manufacturing,541,12%,7.8
Brazil,2022,Manufacturing,3054,,7.8
France,2018,Agriculture,3663,40%,3.2
Japan,2016,Manufacturing,1579,30%,3.2
France,2013,Agriculture,995,12%,0
France,2012,Services,3690,12%,-2.5
France,2019,Manufacturing,751,35%,7.8
France,2013,Agriculture,4006,30%,-2.5
Brazil,2012,Manufacturing,2534,12%,
Brazil,2021,Services,2805,25%,7.8
China,2012,Services,3318,40%,5.6
China,2021,Agriculture,3152,30%,5.6
USA,2023,Manufacturing,1917,35%,7.8
France,2022,Services,4175,55%,0
Brazil,2018,Manufacturing,3855,30%,5.6
India,2013,Agriculture,3083,40%,4.1
Germany,2018,Services,4829,35%,
USA,2021,Services,439,40%,
Brazil,2019,Manufacturing,1293,25%,4.1
India,2014,Services,3397,,-2.5
France,2016,Agriculture,61,25%,3.2
UK,2023,Agriculture,1566,25%,-2.5
France,2014,Services,1670,12%,
China,2010,Agriculture,1807,40%,-2.5
Germany,2011,Services,98,,
Brazil,2020,Services,1765,55%,-2.5
Brazil,2014,Services,310,,
Japan,2015,Services,369,55%,7.8
Germany,2016,Manufacturing,4331,45%,7.8
Japan,2011,Services,2326,,-2.5
Germany,2019,Agriculture,1977,,3.2
China,2018,Manufacturing,2882,40%,0
Japan,2015,Agriculture,4166,25%,
India,2011,Services,65,,0
Japan,2011,Agriculture,2577,12%,5.6
USA,2012,Manufacturing,3916,40%,4.1
India,2010,Agriculture,4151,35%,5.6
USA,2018,Manufacturing,2395,30%,3.2
France,2023,Services,990,12%,4.1
Germany,2019,Services,308,25%,4.1
India,2020,Agriculture,1113,12%,-2.5
Germany,2013,Agriculture,325,,
France,2014,Services,2841,30%,7.8
UK,2016,Services,2616,25%,5.6
Brazil,2010,Agriculture,4972,40%,4.1
Germany,2012,Services,1980,30%,4.1
France,2023,Manufacturing,3632,,-2.5
Germany,2012,Manufacturing,1381,30%,0
France,2011,Agriculture,1606,35%,3.2
USA,2017,Agriculture,529,35%,7.8
France,2014,Services,4559,55%,7.8
Japan,2010,Services,3096,,5.6
UK,2021,Manufacturing,3644,45%,-2.5
Germany,2011,Agriculture,1538,12%,7.8
France,2010,Agriculture,2874,45%,0
France,2015,Agriculture,2142,12%,0
Germany,2018,Agriculture,879,55%,3.2
Brazil,2020,Manufacturing,4420,55%,3.2
UK,2016,Manufacturing,1984,35%,0
UK,2014,Agriculture,2750,40%,0
France,2021,Manufacturing,193,40%,-2.5
India,2022,Agriculture,4980,35%,7.8
USA,2012,Manufacturing,2854,30%,-2.5
UK,2021,Services,1936,,3.2
UK,2021,Manufacturing,2644,35%,3.2
China,2017,Agriculture,833,,3.2
Japan,2019,Services,4323,12%,4.1
UK,2013,Agriculture,2879,,7.8
USA,2018,Services,2248,40%,5.6
Japan,2014,Services,660,45%,3.2
Japan,2023,Manufacturing,3568,40%,3.2
Germany,2015,Manufacturing,590,45%,-2.5
Germany,2014,Services,2247,35%,-2.5
Germany,2019,Services,2359,55%,5.6
Germany,2021,Services,462,45%,
China,2020,Agriculture,1833,55%,5.6
UK,2016,Manufacturing,4637,35%,5.6
Germany,2016,Agriculture,1777,12%,5.6
France,2010,Manufacturing,1477,,-2.5
India,2011,Agriculture,3560,25%,3.2
Germany,2016,Manufacturing,1687,45%,-2.5
UK,2017,Services,4626,,4.1
Germany,2013,Services,229,,0
China,2015,Manufacturing,3446,35%,0
USA,2020,Services,4727,35%,
USA,2021,Services,1692,,3.2
UK,2019,Agriculture,1344,45%,5.6
France,2012,Manufacturing,1632,25%,3.2
USA,2016,Services,3586,40%,0
Brazil,2020,Manufacturing,413,12%,
USA,2012,Agriculture,2166,45%,3.2
India,2020,Manufacturing,2405,30%,5.6
UK,2016,Agriculture,4568,,4.1
France,2021,Agriculture,2611,12%,4.1
UK,2020,Agriculture,3166,30%,4.1
USA,2021,Services,2592,30%,
USA,2020,Agriculture,4070,35%,
USA,2017,Manufacturing,933,,-2.5
Japan,2012,Manufacturing,1222,,5.6
China,2011,Services,1834,45%,-2.5
Germany,2021,Services,4724,12%,4.1
Brazil,2015,Agriculture,4018,55%,0
China,2013,Agriculture,2212,55%,4.1
UK,2017,Agriculture,2725,55%,7.8
Brazil,2022,Services,4382,,3.2
India,2023,Services,2144,40%,7.8
Germany,2011,Manufacturing,2371,12%,5.6
India,2013,Agriculture,162,55%,-2.5
France,2011,Agriculture,841,35%,5.6
Japan,2023,Manufacturing,1365,,5.6
UK,2011,Manufacturing,2413,40%,0
Japan,2011,Manufacturing,3283,40%,5.6
UK,2010,Manufacturing,100,12%,3.2
India,2013,Agriculture,3545,40%,0
India,2011,Services,193,35%,7.8
India,2018,Agriculture,3737,25%,5.6
UK,2018,Manufacturing,2625,12%,7.8
USA,2020,Services,4535,55%,3.2
India,2020,Agriculture,2070,30%,3.2
Japan,2016,Manufacturing,3780,55%,3.2
France,2015,Services,798,,4.1
Germany,2021,Services,924,25%,7.8
UK,2012,Services,2994,,7.8
Brazil,2023,Agriculture,4853,30%,-2.5
Japan,2021,Manufacturing,1258,45%,0
China,2023,Agriculture,3783,25%,
France,2016,Agriculture,263,55%,5.6
China,2010,Agriculture,4158,30%,0
Germany,2018,Services,1868,55%,3.2
USA,2013,Manufacturing,3544,45%,5.6
India,2015,Agriculture,535,40%,-2.5
UK,2015,Manufacturing,3065,25%,0
Japan,2020,Services,3773,35%,3.2
Brazil,2012,Agriculture,3529,25%,5.6
India,2013,Manufacturing,4264,35%,4.1
Japan,2022,Services,4077,55%,5.6
UK,2020,Agriculture,4987,55%,3.2
China,2019,Agriculture,3168,25%,7.8
India,2012,Manufacturing,713,55%,4.1
Germany,2022,Manufacturing,1073,,0
USA,2015,Agriculture,4932,40%,4.1
Germany,2010,Agriculture,4492,,5.6
USA,2017,Services,286,30%,7.8
France,2017,Services,3334,40%,-2.5
Japan,2018,Agriculture,3393,40%,5.6
India,2015,Manufacturing,2175,,5.6
India,2010,Manufacturing,3267,30%,4.1
France,2012,Agriculture,2005,45%,-2.5
USA,2010,Services,278,12%,-2.5
China,2022,Agriculture,4988,35%,
UK,2014,Manufacturing,3462,55%,
Germany,2012,Agriculture,2936,40%,5.6
France,2023,Agriculture,4309,40%,3.2
Brazil,2011,Services,4527,35%,-2.5
Brazil,2012,Manufacturing,4727,40%,7.8
Japan,2018,Manufacturing,2869,25%,-2.5
France,2020,Agriculture,3039,45%,5.6
Germany,2017,Manufacturing,1136,35%,5.6
Germany,2022,Manufacturing,2043,55%,0
Japan,2012,Manufacturing,4391,12%,7.8
Japan,2020,Manufacturing,3095,,0
India,2011,Services,3355,45%,-2.5
Germany,2014,Services,2042,40%,0
UK,2021,Services,3649,25%,5.6
Brazil,2021,Services,3637,55%,4.1
UK,2022,Services,1355,45%,3.2
USA,2021,Manufacturing,4509,40%,-2.5
France,2010,Agriculture,969,30%,5.6
Japan,2013,Agriculture,91,55%,-2.5
India,2017,Services,1332,25%,0
UK,2010,Manufacturing,3615,25%,0
China,2014,Services,2170,12%,
Brazil,2021,Agriculture,3195,40%,-2.5
India,2013,Manufacturing,2732,40%,
India,2015,Manufacturing,4546,45%,-2.5
UK,2016,Manufacturing,3200,12%,0
China,2018,Agriculture,3774,12%,-2.5
USA,2010,Agriculture,1883,40%,
UK,2020,Services,2567,12%,0
China,2019,Services,3886,,
India,2013,Agriculture,3912,40%,-2.5
Brazil,2015,Services,178,35%,4.1
China,2019,Agriculture,4524,25%,3.2
India,2016,Manufacturing,3236,12%,-2.5
France,2016,Services,1395,35%,-2.5
UK,2017,Agriculture,2486,35%,4.1
Japan,2023,Agriculture,2883,35%,5.6
UK,2019,Agriculture,4609,12%,3.2
France,2017,Services,4692,35%,0
Germany,2017,Services,4554,12%,0
Germany,2017,Manufacturing,4763,45%,7.8
Germany,2021,Services,4906,25%,3.2
UK,2017,Services,3273,55%,3.2
USA,2015,Services,3526,12%,-2.5
UK,2018,Manufacturing,2588,25%,5.6
Brazil,2012,Manufacturing,2904,12%,4.1
France,2015,Manufacturing,1485,,0
Brazil,2014,Services,305,45%,4.1
France,2017,Agriculture,2467,40%,4.1
Japan,2013,Services,1803,25%,0
China,2013,Manufacturing,4796,25%,4.1
UK,2022,Services,3461,35%,5.6
UK,2019,Services,125,40%,
India,2020,Agriculture,3661,12%,5.6
France,2019,Agriculture,554,12%,
India,2022,Services,3442,55%,
India,2014,Manufacturing,2042,35%,3.2
UK,2020,Services,4807,40%,
USA,2022,Services,3428,35%,5.6
China,2022,Services,2444,55%,5.6
China,2015,Manufacturing,1466,35%,-2.5
Brazil,2020,Manufacturing,2279,35%,3.2
France,2013,Manufacturing,289,45%,
Japan,2011,Manufacturing,1827,,7.8
France,2021,Manufacturing,4310,25%,7.8
USA,2021,Services,4208,40%,0
USA,2023,Manufacturing,2452,55%,5.6
China,2011,Services,4196,30%,-2.5
Germany,2021,Services,2681,45%,5.6
India,2012,Services,3956,,0
India,2011,Agriculture,3060,45%,5.6
China,2010,Manufacturing,3439,30%,7.8
France,2023,Manufacturing,4126,45%,3.2
USA,2017,Services,1264,35%,5.6
France,2021,Agriculture,719,,
Japan,2014,Manufacturing,3611,,7.8
Germany,2019,Services,665,55%,7.8
China,2010,Agriculture,4708,35%,0
India,2022,Services,1180,30%,3.2
UK,2018,Agriculture,1571,35%,0
France,2017,Services,4501,30%,-2.5
USA,2013,Manufacturing,2714,45%,
UK,2017,Services,4912,12%,3.2
Japan,2022,Services,353,55%,-2.5
China,2021,Agriculture,4029,55%,4.1
France,2022,Agriculture,1944,45%,3.2
India,2019,Manufacturing,1565,45%,7.8
France,2016,Services,633,40%,4.1
Germany,2020,Agriculture,416,25%,-2.5
Brazil,2020,Manufacturing,2096,45%,3.2
UK,2016,Manufacturing,508,35%,3.2
Germany,2010,Agriculture,169,40%,-2.5
Japan,2015,Agriculture,3334,45%,4.1
India,2022,Services,3304,30%,4.1
UK,2013,Manufacturing,3615,55%,3.2
Japan,2023,Agriculture,3352,12%,0
Germany,2019,Manufacturing,4509,12%,4.1
Germany,2019,Services,2018,35%,0
Brazil,2019,Agriculture,2581,12%,-2.5
UK,2020,Manufacturing,901,45%,7.8
India,2021,Agriculture,1979,12%,5.6
Germany,2011,Services,1993,45%,-2.5
China,2019,Services,813,30%,
Brazil,2016,Services,3346,,-2.5
Japan,2018,Services,2728,25%,-2.5
UK,2022,Agriculture,3861,55%,4.1
USA,2014,Agriculture,951,30%,
USA,2017,Manufacturing,1568,,
India,2014,Manufacturing,3306,35%,
China,2023,Agriculture,4036,25%,-2.5
Germany,2016,Agriculture,791,12%,0
USA,2016,Manufacturing,3603,35%,-2.5
India,2018,Agriculture,1743,40%,7.8
Japan,2012,Services,2179,45%,5.6
Brazil,2023,Services,4061,30%,5.6
China,2010,Services,3302,30%,7.8
China,2011,Manufacturing,1415,30%,-2.5
France,2021,Agriculture,245,25%,4.1
India,2015,Manufacturing,200,55%,5.6
India,2023,Manufacturing,4573,55%,0
France,2019,Agriculture,380,30%,5.6
Brazil,2019,Manufacturing,3160,25%,
Germany,2021,Services,3374,25%,7.8
India,2022,Agriculture,939,25%,5.6
France,2023,Services,1004,12%,7.8
Germany,2018,Services,3739,30%,-2.5
Brazil,2012,Agriculture,4499,,4.1
Germany,2019,Services,2998,,5.6
UK,2011,Services,3291,30%,7.8
China,2020,Services,2445,,0
Japan,2010,Agriculture,2094,55%,0
China,2011,Agriculture,3649,40%,3.2
China,2012,Agriculture,4040,55%,5.6
UK,2016,Manufacturing,4064,30%,-2.5
Germany,2011,Services,2105,30%,
Germany,2022,Manufacturing,2720,12%,3.2
India,2014,Manufacturing,1625,35%,5.6
UK,2011,Services,1902,30%,0
India,2016,Agriculture,2263,30%,4.1
UK,2019,Manufacturing,1276,55%,-2.5
India,2017,Agriculture,1713,35%,0
USA,2017,Agriculture,413,40%,5.6
France,2022,Services,1997,35%,
China,2017,Manufacturing,4803,30%,-2.5
China,2019,Manufacturing,3682,35%,-2.5
Brazil,2018,Agriculture,3531,55%,3.2
Japan,2010,Services,1324,45%,-2.5
France,2021,Manufacturing,1495,35%,5.6
Germany,2010,Agriculture,4877,,
Japan,2023,Agriculture,3007,40%,
USA,2023,Agriculture,3506,40%,7.8
Brazil,2023,Services,2215,45%,7.8
Japan,2019,Services,1059,12%,-2.5
Brazil,2011,Agriculture,2869,,7.8
China,2020,Agriculture,1778,30%,
Germany,2015,Services,745,40%,5.6
USA,2023,Agriculture,4667,45%,3.2
China,2010,Agriculture,2434,45%,0
France,2014,Services,1432,25%,0
India,2014,Agriculture,2545,35%,5.6
UK,2013,Agriculture,3655,30%,3.2
USA,2020,Agriculture,1897,55%,5.6
Germany,2014,Services,1778,25%,-2.5
Brazil,2021,Services,702,30%,3.2
Japan,2010,Services,808,,
France,2020,Manufacturing,1329,30%,7.8
Japan,2020,Manufacturing,491,30%,-2.5
USA,2015,Manufacturing,4554,45%,7.8
France,2016,Manufacturing,4955,12%,-2.5
Germany,2017,Services,3538,55%,-2.5
USA,2011,Agriculture,3623,12%,-2.5
Germany,2016,Services,4842,45%,4.1
Japan,2015,Manufacturing,4243,12%,-2.5
China,2018,Services,4020,25%,4.1
France,2017,Agriculture,4687,12%,3.2
India,2023,Manufacturing,1576,25%,3.2
China,2020,Agriculture,240,35%,-2.5
India,2023,Agriculture,1923,40%,5.6
Japan,2013,Agriculture,3065,55%,-2.5
Brazil,2023,Manufacturing,307,12%,-2.5
France,2022,Services,204,25%,5.6
China,2018,Manufacturing,3041,45%,5.6
China,2010,Manufacturing,4143,,-2.5
USA,2020,Services,3952,40%,0
UK,2015,Services,2325,45%,0
Japan,2017,Services,3632,25%,5.6
Germany,2020,Services,4219,55%,-2.5
Japan,2020,Agriculture,2462,35%,
Germany,2013,Manufacturing,73,35%,7.8
France,2011,Manufacturing,1791,55%,7.8
Germany,2020,Manufacturing,3210,,-2.5
Brazil,2011,Services,3655,12%,-2.5
India,2019,Manufacturing,3421,25%,-2.5
Germany,2010,Agriculture,2141,35%,7.8
Germany,2014,Manufacturing,1110,55%,7.8
USA,2022,Manufacturing,3401,35%,5.6
China,2015,Agriculture,510,35%,3.2
Japan,2013,Agriculture,2167,30%,5.6
Japan,2013,Manufacturing,1656,12%,5.6
France,2014,Services,121,35%,4.1
France,2023,Services,4973,25%,0
Brazil,2014,Manufacturing,4322,55%,
Germany,2023,Manufacturing,756,,5.6
UK,2023,Manufacturing,1978,,5.6
Japan,2023,Manufacturing,2848,,5.6
France,2023,Services,1227,12%,4.1
Germany,2018,Manufacturing,203,,4.1
France,2017,Agriculture,79,12%,5.6
Brazil,2018,Services,3361,30%,3.2
India,2022,Services,3876,,0
India,2023,Agriculture,4836,55%,7.8
France,2012,Manufacturing,1924,25%,
India,2023,Manufacturing,286,40%,-2.5
France,2012,Manufacturing,2235,,7.8
Germany,2010,Manufacturing,4775,35%,0
USA,2023,Manufacturing,667,35%,5.6
UK,2019,Agriculture,1621,,7.8
Germany,2022,Manufacturing,2487,25%,5.6
USA,2015,Agriculture,4505,40%,
USA,2013,Agriculture,631,45%,3.2
Japan,2020,Agriculture,2304,55%,3.2
Germany,2023,Manufacturing,650,25%,
Germany,2017,Manufacturing,1028,35%,
France,2011,Services,564,55%,0
USA,2020,Services,859,,
USA,2011,Agriculture,2535,55%,7.8
USA,2016,Services,1496,35%,3.2
France,2022,Agriculture,518,25%,
Japan,2014,Services,679,45%,0
Germany,2022,Manufacturing,3432,55%,4.1
USA,2010,Manufacturing,163,,0
India,2016,Agriculture,1275,55%,4.1
Germany,2016,Agriculture,4392,55%,4.1
France,2019,Manufacturing,1666,,0
Japan,2015,Manufacturing,3367,,7.8
India,2013,Manufacturing,4690,,
France,2021,Services,2720,40%,7.8
China,2022,Services,4863,25%,0
Germany,2017,Services,4923,55%,-2.5
China,2021,Services,3118,,4.1
France,2020,Agriculture,2587,35%,4.1
France,2011,Agriculture,3224,35%,
France,2011,Services,2687,,
USA,2011,Agriculture,2272,12%,7.8
Japan,2012,Services,101,40%,7.8
USA,2015,Services,2394,55%,-2.5
Japan,2010,Manufacturing,2272,30%,7.8
UK,2020,Services,4745,40%,7.8
USA,2011,Agriculture,4316,45%,
China,2019,Services,3158,40%,3.2
Japan,2011,Manufacturing,1708,12%,-2.5
USA,2023,Agriculture,3607,30%,4.1
Germany,2021,Manufacturing,4600,55%,3.2
France,2010,Services,4872,40%,
Japan,2012,Services,936,55%,-2.5
Japan,2019,Services,3103,30%,-2.5
USA,2016,Services,2852,,-2.5
UK,2022,Agriculture,2247,25%,7.8
USA,2010,Services,4060,40%,0
Brazil,2016,Manufacturing,685,25%,5.6
China,2014,Agriculture,3064,35%,0
China,2018,Agriculture,3935,12%,7.8
Japan,2011,Agriculture,2132,12%,7.8
Japan,2010,Manufacturing,224,30%,4.1
USA,2018,Manufacturing,1106,30%,4.1
China,2017,Manufacturing,1798,,5.6
China,2019,Manufacturing,2812,12%,7.8
UK,2015,Services,3518,30%,-2.5
Germany,2014,Services,2351,,3.2
UK,2017,Manufacturing,617,35%,3.2
Brazil,2017,Manufacturing,4468,45%,-2.5
India,2023,Services,1833,45%,4.1
France,2014,Services,2193,,0
UK,2021,Manufacturing,4488,45%,3.2
Brazil,2016,Agriculture,2290,,-2.5
USA,2022,Agriculture,2608,30%,0
Germany,2022,Manufacturing,1524,12%,
USA,2010,Agriculture,4152,55%,3.2
France,2013,Services,379,12%,-2.5
Brazil,2011,Agriculture,4228,30%,3.2
India,2019,Manufacturing,2723,,3.2
Germany,2012,Agriculture,4672,55%,3.2
Japan,2021,Agriculture,939,40%,5.6
China,2010,Agriculture,811,30%,0
UK,2020,Services,1073,25%,3.2
Brazil,2020,Services,1730,30%,4.1
USA,2011,Services,3306,,4.1
India,2022,Manufacturing,1111,,4.1
China,2010,Agriculture,953,30%,-2.5
UK,2017,Services,183,35%,5.6
China,2013,Services,1175,40%,7.8
UK,2012,Agriculture,2014,45%,7.8
Brazil,2010,Manufacturing,2089,12%,0
Japan,2011,Agriculture,4238,12%,-2.5
Germany,2012,Manufacturing,2899,25%,4.1
Brazil,2012,Agriculture,3261,55%,5.6
China,2015,Services,3416,45%,4.1
China,2019,Services,2961,30%,-2.5
China,2017,Services,4919,35%,5.6
Germany,2015,Manufacturing,2641,55%,
India,2011,Agriculture,4333,55%,
UK,2011,Manufacturing,2233,,
Brazil,2023,Services,4311,30%,5.6
Brazil,2016,Manufacturing,3598,30%,4.1
Japan,2010,Manufacturing,294,45%,7.8
China,2010,Manufacturing,1229,35%,
France,2016,Agriculture,4975,40%,4.1
Brazil,2018,Manufacturing,1828,40%,0
Germany,2014,Manufacturing,2585,45%,0
India,2020,Manufacturing,486,45%,-2.5
Brazil,2010,Services,2320,12%,5.6
UK,2014,Services,1874,30%,4.1
Germany,2020,Agriculture,843,30%,
Japan,2010,Services,4318,35%,5.6
Japan,2019,Agriculture,1330,55%,3.2
UK,2021,Services,1788,45%,0
China,2018,Agriculture,499,25%,5.6
Japan,2013,Agriculture,2004,35%,-2.5
India,2018,Agriculture,664,25%,
Germany,2011,Services,4371,55%,7.8
Brazil,2016,Manufacturing,788,35%,
India,2021,Services,1681,12%,7.8
China,2022,Manufacturing,4221,30%,0
India,2011,Services,3715,35%,
India,2021,Manufacturing,118,55%,0
USA,2013,Services,1924,12%,3.2
India,2015,Agriculture,919,55%,4.1
UK,2023,Agriculture,1443,,0
Germany,2011,Agriculture,3520,35%,5.6
USA,2011,Manufacturing,3241,55%,5.6
Germany,2011,Manufacturing,3169,35%,5.6
Germany,2012,Agriculture,2165,30%,4.1
China,2014,Manufacturing,4015,30%,5.6
China,2018,Agriculture,426,12%,3.2
USA,2015,Services,2373,35%,0
Japan,2021,Manufacturing,2865,55%,0
France,2023,Manufacturing,1991,55%,0
China,2018,Services,254,,4.1
France,2019,Manufacturing,794,40%,3.2
China,2023,Manufacturing,3186,,3.2
China,2022,Manufacturing,1599,55%,5.6
Germany,2014,Services,4470,25%,
USA,2020,Agriculture,2475,25%,3.2
Germany,2015,Agriculture,2914,25%,3.2
Brazil,2019,Services,4023,45%,-2.5
UK,2021,Services,4826,30%,5.6
Germany,2017,Services,720,,5.6
France,2012,Agriculture,3467,35%,-2.5
France,2011,Services,3115,30%,0
UK,2012,Agriculture,1777,25%,
India,2023,Services,4076,55%,4.1
India,2018,Manufacturing,2982,30%,-2.5
UK,2015,Agriculture,3864,55%,-2.5
UK,2019,Agriculture,1753,25%,
Germany,2021,Services,3136,,4.1
UK,2013,Manufacturing,3314,25%,
Brazil,2019,Agriculture,4591,55%,4.1
USA,2012,Services,103,30%,-2.5
India,2022,Manufacturing,741,25%,3.2
India,2011,Agriculture,4149,40%,-2.5
Brazil,2023,Services,306,,7.8
Japan,2013,Manufacturing,3482,45%,-2.5
Brazil,2018,Agriculture,883,45%,0
Brazil,2013,Agriculture,2579,40%,0
UK,2022,Manufacturing,2946,,
China,2021,Services,1211,30%,4.1
China,2014,Services,3572,45%,0
Brazil,2017,Manufacturing,522,30%,-2.5
UK,2011,Agriculture,2076,12%,5.6
USA,2021,Manufacturing,1687,30%,0
China,2020,Manufacturing,3598,45%,-2.5
Japan,2023,Manufacturing,2290,55%,0
France,2012,Agriculture,2404,,3.2
UK,2015,Manufacturing,4904,40%,3.2
Brazil,2021,Manufacturing,955,12%,-2.5
USA,2016,Agriculture,1233,55%,0
USA,2013,Agriculture,2269,55%,0
Germany,2023,Manufacturing,3694,30%,7.8
USA,2010,Services,1138,,4.1
China,2016,Manufacturing,1242,,
Brazil,2021,Agriculture,2178,25%,
France,2018,Agriculture,3501,40%,0
China,2010,Agriculture,3891,,5.6
UK,2023,Services,381,35%,3.2
France,2010,Agriculture,1261,45%,0
UK,2010,Services,1098,,4.1
USA,2019,Agriculture,4138,35%,5.6
Japan,2016,Agriculture,2325,30%,
India,2020,Manufacturing,1684,30%,4.1
France,2018,Services,3655,35%,-2.5
Brazil,2012,Manufacturing,552,30%,3.2
Germany,2017,Services,3619,30%,-2.5
India,2018,Agriculture,1129,25%,
USA,2012,Agriculture,1384,35%,
USA,2021,Services,4697,45%,0
Brazil,2021,Manufacturing,4068,12%,-2.5
India,2012,Services,4266,55%,
Germany,2010,Services,2123,45%,4.1
France,2011,Services,4104,25%,3.2
France,2016,Agriculture,72,12%,-2.5
India,2012,Services,1899,25%,4.1
UK,2016,Agriculture,2213,30%,-2.5
China,2014,Manufacturing,529,40%,-2.5
Japan,2019,Agriculture,2404,45%,5.6
UK,2017,Manufacturing,2798,30%,5.6
France,2014,Manufacturing,2589,55%,0
China,2012,Manufacturing,4914,35%,-2.5
Japan,2018,Agriculture,1193,,5.6
Japan,2016,Services,2383,,3.2
Japan,2014,Agriculture,2695,35%,3.2
USA,2016,Manufacturing,888,25%,
Brazil,2020,Services,1899,12%,-2.5
Japan,2019,Agriculture,3436,30%,0
Germany,2018,Manufacturing,2902,,
India,2014,Manufacturing,2259,55%,5.6
France,2016,Services,1442,25%,
Germany,2020,Agriculture,3306,55%,5.6
India,2018,Services,2009,,5.6
UK,2010,Services,325,25%,
Brazil,2013,Services,4674,40%,0
UK,2010,Services,1509,40%,7.8
India,2017,Agriculture,3381,12%,5.6
Germany,2012,Services,1008,40%,4.1
India,2011,Manufacturing,1891,45%,-2.5
Japan,2023,Manufacturing,4109,35%,5.6
USA,2013,Manufacturing,4195,55%,5.6
France,2020,Services,3427,40%,7.8
UK,2012,Manufacturing,2574,55%,
France,2020,Agriculture,537,30%,4.1
USA,2014,Services,2177,12%,-2.5
Japan,2022,Services,1990,55%,-2.5
Japan,2017,Services,2503,45%,4.1
UK,2019,Agriculture,4064,45%,-2.5
UK,2017,Services,3847,12%,5.6
Japan,2020,Services,4400,25%,5.6
China,2016,Manufacturing,1009,25%,3.2
France,2017,Manufacturing,2613,55%,7.8
Brazil,2022,Services,513,40%,
USA,2022,Agriculture,1986,55%,4.1
France,2014,Manufacturing,4181,12%,-2.5
USA,2019,Services,65,40%,-2.5
China,2019,Manufacturing,4120,45%,3.2
Brazil,2020,Manufacturing,968,12%,5.6
Germany,2021,Agriculture,1663,25%,4.1
USA,2020,Services,872,45%,4.1
France,2022,Manufacturing,2170,30%,3.2
India,2015,Services,3441,55%,4.1
Brazil,2017,Agriculture,2016,25%,3.2
Japan,2022,Agriculture,1931,40%,5.6
Japan,2010,Manufacturing,789,40%,0
China,2015,Agriculture,4903,35%,
USA,2015,Manufacturing,3116,25%,4.1
Germany,2020,Services,3893,45%,7.8
USA,2022,Manufacturing,847,45%,0
Japan,2014,Manufacturing,3260,12%,0
UK,2013,Agriculture,1636,45%,7.8
India,2010,Services,3780,30%,0
Brazil,2020,Services,1827,35%,5.6
China,2019,Manufacturing,2581,35%,0
UK,2020,Services,2484,40%,4.1
France,2017,Services,3967,45%,0
Germany,2015,Manufacturing,4603,55%,
UK,2012,Manufacturing,2519,45%,0
France,2021,Services,2329,55%,5.6
UK,2012,Manufacturing,1417,45%,3.2
Germany,2021,Agriculture,2817,25%,-2.5
Brazil,2015,Services,1447,45%,7.8
UK,2021,Manufacturing,204,25%,7.8
China,2016,Services,3236,55%,5.6
Japan,2017,Services,1165,30%,-2.5
USA,2014,Agriculture,3715,45%,0
UK,2019,Agriculture,3646,55%,4.1
China,2015,Services,1164,40%,4.1
USA,2021,Agriculture,749,35%,
Brazil,2010,Manufacturing,4250,,7.8
France,2015,Services,645,30%,4.1
USA,2018,Agriculture,1063,40%,0
France,2019,Services,589,12%,
UK,2013,Services,61,55%,5.6
China,2023,Manufacturing,1993,30%,
Japan,2023,Manufacturing,4509,25%,5.6
UK,2019,Manufacturing,711,12%,
France,2022,Agriculture,4683,30%,5.6
Germany,2010,Agriculture,4459,,3.2
USA,2023,Agriculture,1472,40%,5.6
UK,2020,Manufacturing,1295,45%,0
France,2018,Services,629,25%,3.2
Brazil,2013,Manufacturing,311,12%,0
USA,2011,Agriculture,545,40%,
Brazil,2010,Agriculture,4275,12%,5.6
France,2012,Agriculture,4937,55%,3.2
China,2016,Manufacturing,2186,40%,
India,2020,Agriculture,679,45%,-2.5
Brazil,2019,Manufacturing,555,45%,5.6
UK,2011,Services,256,45%,4.1
Japan,2018,Manufacturing,3481,55%,3.2
UK,2021,Agriculture,3180,55%,
USA,2022,Services,1904,30%,3.2
China,2020,Agriculture,1710,45%,3.2
France,2011,Services,2631,40%,7.8
Germany,2014,Agriculture,334,12%,3.2
Japan,2017,Manufacturing,768,,-2.5
China,2022,Agriculture,4038,45%,5.6
Brazil,2022,Manufacturing,551,30%,5.6
Brazil,2021,Manufacturing,307,55%,5.6
UK,2019,Services,4955,30%,3.2
Germany,2017,Manufacturing,2647,45%,5.6
China,2012,Manufacturing,1972,55%,-2.5
India,2011,Manufacturing,1289,45%,4.1
Japan,2018,Services,3344,40%,4.1
USA,2012,Agriculture,3063,,7.8
China,2017,Agriculture,4667,12%,-2.5
China,2011,Manufacturing,937,40%,7.8
India,2012,Manufacturing,3504,12%,5.6
UK,2010,Agriculture,794,55%,4.1
France,2023,Manufacturing,3486,55%,
France,2020,Agriculture,1754,25%,0
Japan,2015,Services,260,35%,4.1
Japan,2022,Manufacturing,4114,25%,4.1
USA,2016,Manufacturing,2006,55%,7.8
China,2013,Agriculture,2576,30%,-2.5
Germany,2010,Agriculture,1752,,-2.5
China,2012,Services,4264,30%,
France,2018,Manufacturing,535,55%,4.1
USA,2014,Agriculture,2206,45%,4.1
China,2015,Services,2551,25%,0
India,2013,Agriculture,3360,35%,7.8
France,2010,Agriculture,4657,30%,7.8
China,2023,Services,1116,25%,-2.5
China,2014,Services,4277,40%,7.8
France,2014,Services,1865,12%,0
Germany,2014,Services,2848,40%,7.8
France,2015,Services,3679,12%,7.8
India,2020,Services,4106,25%,0
India,2011,Manufacturing,247,,5.6
China,2010,Services,3421,40%,7.8
Japan,2011,Manufacturing,4365,25%,
Germany,2022,Agriculture,1365,,-2.5
China,2019,Agriculture,2622,55%,3.2
France,2015,Services,4912,,-2.5
China,2014,Agriculture,1231,45%,4.1
USA,2014,Services,3391,12%,
USA,2021,Services,306,30%,-2.5
Japan,2021,Manufacturing,2798,35%,5.6
Germany,2015,Agriculture,2612,45%,5.6
UK,2023,Services,1717,,-2.5
Brazil,2019,Agriculture,2698,40%,7.8
USA,2016,Manufacturing,686,25%,4.1
UK,2018,Agriculture,2872,40%,-2.5
India,2016,Manufacturing,57,40%,
USA,2011,Manufacturing,1629,12%,7.8
USA,2015,Manufacturing,184,30%,0
Germany,2018,Services,3881,25%,4.1
Japan,2016,Services,4975,40%,0
UK,2011,Agriculture,4170,12%,4.1
France,2012,Services,2562,35%,5.6
USA,2017,Services,4519,45%,3.2
USA,2020,Agriculture,2293,35%,3.2
Germany,2018,Manufacturing,2219,30%,
Germany,2013,Manufacturing,4917,35%,5.6
Japan,2018,Agriculture,4704,45%,0
UK,2011,Services,4007,,5.6
India,2022,Agriculture,1282,30%,0
France,2020,Agriculture,3422,45%,7.8
Japan,2014,Services,1003,,
Brazil,2020,Agriculture,1588,30%,4.1
India,2011,Services,957,40%,0
China,2020,Services,1730,35%,4.1
USA,2010,Agriculture,1959,40%,0
UK,2022,Manufacturing,4139,25%,0
Japan,2023,Services,668,30%,3.2
USA,2014,Manufacturing,2838,45%,0
UK,2011,Services,1959,35%,-2.5
UK,2023,Manufacturing,2894,30%,7.8
UK,2022,Agriculture,4351,35%,4.1
USA,2016,Services,4728,35%,3.2
Japan,2017,Agriculture,746,40%,4.1
France,2011,Agriculture,3454,25%,-2.5
Germany,2016,Agriculture,4353,55%,3.2
USA,2013,Services,454,55%,3.2
Brazil,2010,Agriculture,2485,45%,-2.5
UK,2020,Agriculture,1560,40%,4.1
Japan,2012,Services,2368,55%,5.6
France,2020,Agriculture,4138,12%,
China,2021,Services,2534,30%,
Brazil,2010,Agriculture,907,,
India,2014,Manufacturing,3779,45%,5.6
Brazil,2022,Agriculture,2442,45%,0
UK,2017,Manufacturing,4118,35%,-2.5
China,2010,Services,4332,,0
Germany,2023,Manufacturing,69,30%,
France,2018,Services,2470,12%,5.6
France,2012,Agriculture,3076,55%,-2.5
UK,2014,Manufacturing,116,45%,-2.5
Brazil,2018,Agriculture,3183,40%,-2.5
Brazil,2014,Manufacturing,3607,40%,0
France,2018,Services,835,30%,3.2
China,2019,Services,2182,,3.2
UK,2017,Services,1479,40%,
USA,2016,Services,1468,12%,3.2
Japan,2020,Agriculture,3740,25%,4.1
China,2010,Agriculture,1597,30%,-2.5
Japan,2013,Agriculture,4321,25%,5.6
USA,2018,Agriculture,408,40%,0
USA,2019,Agriculture,1612,35%,0
Japan,2017,Services,4436,12%,5.6
China,2013,Agriculture,2227,45%,3.2
Japan,2021,Agriculture,3860,25%,
Japan,2010,Agriculture,528,,7.8
India,2019,Services,697,25%,5.6
China,2013,Services,313,,3.2
Brazil,2012,Services,3792,55%,-2.5
Brazil,2015,Services,3006,55%,5.6
India,2020,Agriculture,1611,12%,3.2
UK,2014,Agriculture,1486,40%,0
France,2014,Manufacturing,2055,55%,7.8
Brazil,2011,Agriculture,3190,12%,7.8
Japan,2021,Services,957,45%,7.8
UK,2012,Services,179,45%,3.2
Brazil,2020,Agriculture,987,30%,3.2
China,2015,Manufacturing,3768,45%,-2.5
Japan,2011,Services,864,55%,7.8
France,2013,Manufacturing,4012,55%,4.1
UK,2011,Services,3431,35%,0
Brazil,2018,Services,64,25%,
Brazil,2012,Agriculture,2087,,7.8
Germany,2019,Services,3538,45%,5.6
Brazil,2019,Manufacturing,756,40%,5.6
USA,2015,Manufacturing,752,55%,0
Japan,2010,Agriculture,4891,25%,3.2
France,2022,Services,4181,45%,
USA,2020,Manufacturing,4892,45%,4.1
India,2023,Agriculture,2605,,7.8
UK,2019,Manufacturing,4791,25%,
Brazil,2012,Agriculture,3036,25%,5.6
India,2017,Manufacturing,3989,55%,0
France,2014,Services,3388,25%,4.1
Japan,2017,Manufacturing,566,40%,4.1
USA,2011,Manufacturing,847,40%,-2.5
USA,2016,Agriculture,534,25%,5.6
UK,2018,Agriculture,3724,55%,5.6
Japan,2016,Agriculture,2761,45%,7.8
Brazil,2012,Manufacturing,492,,3.2
Germany,2016,Agriculture,1703,25%,5.6
Germany,2017,Services,1063,,5.6
UK,2023,Agriculture,1012,40%,4.1
Japan,2010,Agriculture,622,35%,7.8
UK,2022,Services,4503,30%,3.2
Japan,2022,Agriculture,4766,12%,
France,2012,Agriculture,1880,,-2.5
France,2014,Manufacturing,3892,25%,
India,2021,Manufacturing,4951,,4.1
Brazil,2015,Agriculture,865,30%,-2.5
UK,2012,Services,3721,25%,-2.5
Brazil,2013,Agriculture,2586,40%,-2.5
Japan,2014,Agriculture,1260,12%,3.2
Germany,2012,Agriculture,3184,35%,-2.5
Brazil,2013,Manufacturing,604,,7.8
Japan,2014,Services,2842,45%,7.8
France,2011,Services,4970,35%,7.8
Japan,2019,Services,4112,12%,4.1
UK,2018,Manufacturing,3815,30%,-2.5
India,2019,Manufacturing,4352,,7.8
India,2017,Agriculture,1314,25%,4.1
India,2021,Manufacturing,943,45%,7.8
India,2015,Agriculture,2222,35%,0
France,2019,Manufacturing,2354,35%,-2.5
China,2020,Agriculture,3213,45%,7.8
Brazil,2012,Manufacturing,4882,35%,
UK,2020,Services,4008,12%,3.2
USA,2011,Agriculture,4433,45%,7.8
UK,2016,Manufacturing,1288,12%,0
China,2017,Manufacturing,1867,45%,3.2
India,2019,Agriculture,816,12%,3.2
China,2010,Manufacturing,2609,25%,
Germany,2023,Services,622,25%,4.1
Germany,2015,Agriculture,4513,35%,4.1
Brazil,2016,Agriculture,2382,45%,
France,2022,Agriculture,2160,,4.1
UK,2018,Agriculture,4791,30%,
UK,2021,Agriculture,800,45%,4.1
USA,2012,Services,2861,12%,5.6
France,2011,Agriculture,4506,,0
USA,2014,Services,3604,35%,4.1
Germany,2022,Services,2468,40%,0
India,2019,Services,3038,35%,7.8
China,2010,Agriculture,904,30%,4.1
USA,2022,Services,2900,40%,0
Japan,2015,Agriculture,3429,30%,3.2
USA,2018,Services,243,,3.2
India,2019,Agriculture,1627,45%,7.8
India,2018,Manufacturing,1530,40%,3.2
UK,2016,Manufacturing,4478,25%,4.1
China,2023,Services,796,40%,7.8
India,2020,Manufacturing,3137,30%,
France,2016,Services,4790,45%,5.6
USA,2017,Services,199,40%,0
USA,2019,Services,3915,,0
Germany,2023,Manufacturing,4947,45%,0
India,2011,Services,2378,55%,5.6
Japan,2023,Manufacturing,1725,12%,0
UK,2015,Manufacturing,2636,12%,
China,2014,Agriculture,2439,55%,5.6
Japan,2014,Manufacturing,723,35%,5.6
UK,2022,Agriculture,3751,30%,7.8
USA,2012,Services,1410,,
Japan,2012,Services,3116,12%,-2.5
UK,2015,Agriculture,3196,35%,4.1
USA,2021,Services,3667,25%,-2.5
USA,2019,Agriculture,3117,35%,7.8
USA,2022,Agriculture,2212,30%,7.8
USA,2019,Services,1494,12%,7.8
France,2016,Agriculture,4075,,0
USA,2023,Agriculture,2210,,4.1
Germany,2010,Agriculture,3403,35%,4.1
Japan,2023,Services,4869,40%,3.2
UK,2012,Services,1820,30%,7.8
Germany,2021,Services,4594,25%,5.6
France,2010,Services,1752,55%,-2.5
Brazil,2019,Services,244,12%,0
Brazil,2012,Manufacturing,624,,
Germany,2014,Manufacturing,2679,25%,3.2
India,2018,Agriculture,4736,45%,-2.5
India,2012,Manufacturing,4693,55%,-2.5
India,2019,Services,438,55%,-2.5
China,2023,Services,1802,40%,5.6
India,2019,Services,710,40%,5.6
UK,2018,Agriculture,2882,12%,5.6
Germany,2010,Agriculture,4679,25%,3.2
UK,2015,Agriculture,346,,4.1
Japan,2018,Agriculture,380,40%,-2.5
India,2021,Agriculture,3899,,7.8
France,2014,Agriculture,1334,45%,3.2
China,2020,Manufacturing,1128,,5.6
Japan,2023,Services,924,25%,5.6
France,2019,Manufacturing,3916,,5.6
China,2011,Agriculture,4887,35%,4.1
Brazil,2014,Services,2735,,
Japan,2010,Services,2539,12%,0
Brazil,2018,Services,1635,35%,
Germany,2019,Manufacturing,3857,,-2.5
UK,2022,Services,2990,,7.8
USA,2019,Agriculture,4536,30%,-2.5
UK,2018,Agriculture,4518,,3.2
India,2015,Manufacturing,1552,35%,0
Brazil,2020,Manufacturing,795,,3.2
France,2018,Agriculture,2662,40%,4.1
USA,2023,Manufacturing,1558,55%,4.1
China,2012,Services,1820,,5.6
Brazil,2013,Manufacturing,3829,40%,5.6
Germany,2022,Services,2011,55%,7.8
Germany,2015,Services,1645,35%,-2.5
Brazil,2013,Services,4830,,3.2
Brazil,2010,Services,2583,40%,
Brazil,2016,Services,3708,25%,5.6
China,2014,Agriculture,515,40%,7.8
India,2023,Agriculture,2119,12%,7.8
China,2017,Agriculture,2493,,3.2
Japan,2018,Services,1282,12%,-2.5
France,2014,Manufacturing,194,25%,0
Brazil,2017,Manufacturing,2402,35%,4.1
France,2022,Services,1857,12%,7.8
India,2010,Manufacturing,3098,,4.1
USA,2010,Services,4092,55%,3.2
China,2016,Manufacturing,4189,45%,5.6
India,2015,Services,4252,55%,0
France,2014,Manufacturing,4295,25%,0
USA,2023,Manufacturing,1337,40%,-2.5
China,2014,Agriculture,159,30%,3.2
Germany,2023,Manufacturing,4895,30%,-2.5
China,2018,Manufacturing,4869,45%,7.8
UK,2010,Services,2840,12%,7.8
China,2017,Manufacturing,4473,,
UK,2011,Manufacturing,911,12%,4.1
USA,2016,Manufacturing,510,30%,3.2
China,2015,Manufacturing,1154,45%,5.6
USA,2019,Manufacturing,793,30%,
USA,2011,Agriculture,2460,12%,
France,2021,Manufacturing,3842,45%,7.8
India,2022,Services,492,35%,7.8
USA,2012,Services,1883,25%,5.6
USA,2013,Manufacturing,935,30%,
France,2016,Manufacturing,3654,,0
France,2017,Manufacturing,4406,55%,4.1
China,2022,Agriculture,4425,45%,3.2
France,2020,Services,3271,40%,4.1
China,2011,Agriculture,201,45%,0
Germany,2017,Agriculture,1646,35%,-2.5
France,2020,Manufacturing,1721,40%,5.6
India,2018,Manufacturing,1584,,3.2
USA,2016,Services,1615,,5.6
India,2010,Manufacturing,1000,55%,5.6
UK,2015,Services,2964,35%,0
Brazil,2017,Agriculture,2542,35%,0
France,2014,Services,1391,25%,-2.5
USA,2021,Services,781,12%,3.2
India,2011,Services,4383,,5.6
France,2014,Agriculture,588,,4.1
France,2017,Agriculture,818,55%,
Brazil,2011,Manufacturing,2906,35%,4.1
Germany,2010,Manufacturing,3775,40%,-2.5
Germany,2013,Services,2171,12%,5.6
USA,2013,Services,1784,40%,4.1
UK,2018,Agriculture,4441,12%,-2.5
Germany,2012,Agriculture,63,12%,5.6
Brazil,2013,Agriculture,4757,,0
Germany,2012,Services,3724,40%,7.8
UK,2011,Services,4540,40%,-2.5
India,2013,Agriculture,240,12%,-2.5
Germany,2023,Services,2914,25%,7.8
Brazil,2017,Agriculture,4152,25%,0
China,2010,Manufacturing,1154,35%,-2.5
Brazil,2017,Agriculture,2862,30%,0
Japan,2017,Services,701,12%,4.1
Japan,2012,Services,1430,40%,4.1
Germany,2023,Services,851,35%,4.1
India,2019,Services,4594,30%,4.1
France,2019,Agriculture,2171,45%,
India,2021,Agriculture,2034,,5.6
Brazil,2021,Manufacturing,4190,25%,
USA,2015,Agriculture,1602,25%,4.1
China,2022,Manufacturing,2842,,5.6
India,2022,Agriculture,2773,55%,7.8
UK,2013,Agriculture,2072,45%,4.1
Brazil,2022,Services,4720,40%,3.2
China,2010,Manufacturing,1480,25%,4.1
Japan,2023,Services,4238,40%,0
Brazil,2010,Services,2563,12%,4.1
China,2014,Agriculture,653,,3.2
UK,2021,Agriculture,376,12%,3.2
Germany,2017,Manufacturing,3888,,0
UK,2010,Manufacturing,2825,40%,4.1
UK,2011,Agriculture,3689,12%,3.2
Germany,2016,Manufacturing,640,,-2.5
Germany,2017,Agriculture,1488,40%,4.1
Germany,2021,Agriculture,3620,40%,5.6
Germany,2023,Agriculture,900,35%,
Germany,2012,Manufacturing,489,25%,7.8
UK,2020,Services,3045,35%,4.1
USA,2021,Manufacturing,4473,40%,0
USA,2022,Services,1715,25%,7.8
Brazil,2017,Manufacturing,2958,55%,
India,2010,Services,1307,35%,5.6
USA,2018,Services,1594,25%,7.8
Japan,2021,Manufacturing,1955,55%,0
USA,2011,Manufacturing,3729,40%,7.8
UK,2023,Services,1865,25%,3.2
Germany,2022,Agriculture,2326,45%,3.2
Brazil,2011,Services,3366,,5.6
Germany,2013,Services,1500,35%,4.1
France,2021,Agriculture,2097,12%,3.2
France,2019,Services,4889,55%,7.8
France,2012,Agriculture,3594,55%,-2.5
UK,2013,Agriculture,4956,40%,7.8
Japan,2015,Manufacturing,3684,40%,-2.5
USA,2016,Services,223,12%,7.8
UK,2014,Services,1148,55%,-2.5
India,2011,Agriculture,1172,12%,4.1
Brazil,2012,Services,2610,12%,-2.5
Germany,2019,Agriculture,2092,25%,0
France,2020,Services,3828,35%,0
China,2012,Services,2226,45%,
India,2023,Agriculture,2471,55%,7.8
France,2014,Agriculture,4381,25%,3.2
Japan,2021,Services,4887,45%,0
India,2020,Services,3822,45%,-2.5
UK,2021,Agriculture,1742,55%,7.8
USA,2014,Manufacturing,340,55%,3.2
Germany,2013,Manufacturing,3981,25%,7.8
Brazil,2017,Services,1468,55%,-2.5
Japan,2015,Services,2038,45%,0
Japan,2015,Services,617,55%,0
China,2010,Agriculture,3088,,5.6
India,2015,Services,2395,,5.6
China,2012,Services,3193,25%,
USA,2022,Services,2353,25%,
France,2015,Manufacturing,358,25%,
USA,2019,Services,2188,55%,7.8
France,2022,Services,2246,35%,7.8
China,2020,Agriculture,511,25%,3.2
Germany,2022,Manufacturing,4780,35%,
USA,2015,Agriculture,3870,12%,0
China,2011,Services,4782,25%,
India,2010,Services,695,35%,0
China,2020,Services,4663,40%,
China,2012,Services,1446,30%,5.6
UK,2014,Services,3318,35%,-2.5
USA,2013,Agriculture,4335,45%,-2.5
Brazil,2016,Services,3924,30%,
Germany,2013,Services,4224,40%,5.6
Germany,2017,Manufacturing,1620,30%,7.8
UK,2016,Manufacturing,865,35%,
France,2019,Services,1955,45%,4.1
Japan,2018,Services,4217,,
France,2010,Services,2140,,4.1
Germany,2014,Services,4948,,4.1
China,2022,Services,3254,35%,0
UK,2013,Services,3920,35%,0
India,2015,Agriculture,1179,12%,
USA,2010,Agriculture,2105,35%,0
USA,2015,Agriculture,1847,55%,-2.5
Brazil,2010,Manufacturing,3464,55%,7.8
USA,2023,Services,2534,,4.1
China,2023,Manufacturing,738,40%,
India,2010,Manufacturing,3513,40%,-2.5
UK,2017,Manufacturing,625,55%,7.8
UK,2011,Agriculture,3060,12%,5.6
USA,2019,Services,3952,35%,7.8
India,2022,Services,4865,12%,4.1
India,2023,Manufacturing,4371,40%,-2.5
India,2015,Agriculture,3920,35%,0
Germany,2023,Manufacturing,2889,45%,-2.5
Germany,2015,Manufacturing,3124,12%,5.6
USA,2015,Services,4690,,0
India,2017,Agriculture,2575,40%,-2.5
Japan,2013,Services,3531,55%,0
India,2012,Manufacturing,2067,55%,4.1
UK,2015,Services,3428,55%,5.6
UK,2013,Manufacturing,3335,40%,7.8
USA,2011,Agriculture,3151,35%,7.8
Japan,2015,Services,4564,35%,4.1
India,2019,Services,3658,12%,4.1
France,2014,Services,1101,,3.2
Japan,2020,Services,4754,30%,0
Brazil,2018,Services,136,25%,
USA,2020,Agriculture,3147,40%,5.6
UK,2015,Agriculture,4858,35%,-2.5
France,2023,Services,2489,40%,
UK,2012,Manufacturing,1327,25%,-2.5
Germany,2020,Manufacturing,569,25%,3.2
USA,2014,Services,436,35%,-2.5
USA,2019,Services,63,30%,4.1
India,2017,Agriculture,4236,30%,5.6
India,2018,Agriculture,3525,12%,5.6
Germany,2017,Services,3626,,4.1
France,2012,Services,53,30%,7.8
Brazil,2018,Manufacturing,3119,40%,0
China,2012,Agriculture,3340,25%,0
Japan,2017,Services,3709,12%,-2.5
China,2019,Agriculture,4941,12%,0
China,2018,Services,3988,,4.1
USA,2016,Services,4361,35%,3.2
Japan,2013,Services,1652,30%,0
USA,2019,Services,4849,,
Brazil,2018,Manufacturing,4876,40%,4.1
Japan,2012,Services,4023,25%,-2.5
UK,2012,Manufacturing,2592,12%,0
USA,2011,Manufacturing,1692,25%,
USA,2019,Services,1539,40%,5.6
USA,2012,Agriculture,4108,40%,5.6
France,2010,Agriculture,3283,12%,7.8
Germany,2013,Services,1745,35%,4.1
USA,2017,Services,1436,40%,7.8
Brazil,2014,Services,4842,12%,7.8
India,2011,Agriculture,1247,35%,7.8
India,2012,Agriculture,2335,35%,0
Japan,2010,Services,1037,25%,4.1
UK,2011,Agriculture,4039,25%,4.1
Germany,2010,Manufacturing,3009,,
France,2011,Agriculture,1311,25%,-2.5
Japan,2012,Agriculture,4775,45%,0
India,2010,Services,1305,25%,-2.5
Germany,2020,Manufacturing,637,25%,-2.5
Germany,2018,Services,1590,,-2.5
UK,2019,Agriculture,843,12%,-2.5
Brazil,2014,Manufacturing,3966,,5.6
Germany,2017,Services,2070,30%,
USA,2014,Agriculture,168,45%,-2.5
Germany,2017,Manufacturing,1263,45%,0
UK,2016,Services,663,40%,-2.5
Japan,2021,Manufacturing,4631,12%,5.6
UK,2013,Agriculture,4467,25%,0
France,2016,Services,4284,,4.1
UK,2015,Agriculture,3523,40%,
India,2012,Manufacturing,3347,55%,3.2
USA,2018,Agriculture,1339,35%,0
Brazil,2021,Manufacturing,2430,45%,4.1
India,2019,Services,273,40%,5.6
Japan,2022,Agriculture,4717,12%,
China,2018,Services,2873,40%,5.6
Japan,2023,Services,3064,55%,7.8
USA,2014,Services,2690,35%,3.2
Germany,2017,Services,4954,55%,-2.5
UK,2016,Agriculture,1036,25%,4.1
China,2018,Agriculture,1073,30%,5.6
USA,2016,Services,1593,12%,7.8
India,2013,Services,1322,35%,7.8
UK,2013,Manufacturing,1829,35%,
Japan,2020,Services,1750,30%,-2.5
India,2017,Manufacturing,3980,25%,4.1
USA,2015,Manufacturing,2284,25%,4.1
USA,2018,Services,4394,25%,4.1
Japan,2023,Agriculture,3248,12%,
China,2019,Manufacturing,3209,45%,0
Japan,2023,Agriculture,4033,55%,3.2
Germany,2016,Services,1073,12%,-2.5
India,2016,Services,3889,12%,
China,2013,Services,875,55%,-2.5
UK,2012,Services,2786,40%,0
France,2017,Manufacturing,3456,35%,0
Germany,2016,Manufacturing,2824,40%,5.6
China,2013,Agriculture,4682,55%,0
France,2022,Agriculture,541,25%,0
France,2013,Manufacturing,1909,35%,3.2
India,2010,Services,2389,30%,
USA,2020,Agriculture,641,40%,
UK,2016,Manufacturing,2784,12%,4.1
Japan,2010,Agriculture,1542,55%,4.1
India,2019,Manufacturing,997,12%,3.2
Germany,2019,Services,1625,40%,3.2
Brazil,2013,Manufacturing,732,,-2.5
France,2020,Agriculture,678,12%,4.1
Germany,2023,Manufacturing,4738,30%,3.2
France,2012,Agriculture,4532,55%,3.2
USA,2020,Agriculture,4797,,7.8
Brazil,2012,Agriculture,2290,,3.2
USA,2021,Services,3804,,-2.5
UK,2010,Services,150,12%,
Japan,2013,Manufacturing,1143,45%,7.8
UK,2023,Manufacturing,2541,45%,4.1
USA,2010,Agriculture,3822,12%,-2.5
USA,2023,Services,482,35%,-2.5
Germany,2022,Manufacturing,586,35%,7.8
USA,2022,Manufacturing,650,30%,7.8
Brazil,2017,Services,1716,35%,7.8
Brazil,2010,Agriculture,2805,35%,7.8
China,2021,Manufacturing,368,45%,-2.5
France,2023,Agriculture,4991,40%,7.8
India,2015,Services,1912,35%,0
USA,2016,Services,3782,55%,
UK,2019,Manufacturing,1577,35%,4.1
Japan,2023,Manufacturing,120,30%,3.2
France,2021,Services,493,55%,4.1
France,2011,Agriculture,4744,45%,4.1
Japan,2013,Agriculture,436,55%,4.1
Japan,2020,Services,1919,30%,3.2
France,2023,Manufacturing,4698,,
China,2012,Services,2061,55%,0
UK,2022,Manufacturing,2971,12%,
China,2022,Agriculture,3401,55%,-2.5
USA,2018,Manufacturing,329,30%,-2.5
India,2023,Agriculture,820,,3.2
Japan,2016,Services,1003,12%,5.6
Brazil,2011,Manufacturing,4474,,
UK,2020,Agriculture,1609,35%,4.1
Japan,2021,Manufacturing,2547,55%,0
China,2015,Agriculture,3496,40%,0
Germany,2018,Agriculture,3417,55%,3.2
USA,2021,Services,3597,25%,4.1
India,2012,Services,2490,35%,7.8
USA,2023,Manufacturing,158,30%,
Germany,2020,Agriculture,4504,55%,5.6
India,2015,Services,1005,55%,-2.5
Germany,2023,Manufacturing,3410,25%,-2.5
USA,2012,Services,3539,30%,-2.5
China,2012,Manufacturing,367,12%,-2.5
France,2013,Services,390,35%,0
USA,2018,Services,4494,30%,0
USA,2020,Agriculture,2124,30%,7.8
USA,2022,Agriculture,687,25%,0
UK,2017,Services,4546,35%,7.8
Germany,2010,Agriculture,4513,35%,4.1
Brazil,2022,Services,2440,12%,7.8
Germany,2021,Manufacturing,4038,12%,4.1
Japan,2020,Services,3243,30%,-2.5
Germany,2010,Services,3986,45%,-2.5
Japan,2016,Manufacturing,4331,25%,0
UK,2012,Manufacturing,2416,30%,4.1
China,2023,Agriculture,3052,,0
Japan,2020,Manufacturing,4739,25%,7.8
USA,2016,Agriculture,1615,40%,3.2
China,2018,Services,842,35%,-2.5
France,2012,Manufacturing,3754,45%,4.1
UK,2012,Services,2450,45%,5.6
Germany,2011,Agriculture,404,40%,3.2
Japan,2019,Manufacturing,4251,30%,-2.5
Brazil,2010,Agriculture,3945,35%,-2.5
USA,2018,Agriculture,4563,12%,0
India,2015,Manufacturing,4067,45%,5.6
France,2015,Manufacturing,4787,25%,
India,2017,Agriculture,2302,12%,5.6
China,2020,Manufacturing,614,55%,-2.5
Germany,2014,Agriculture,3503,45%,
Brazil,2018,Services,1352,35%,
India,2020,Services,1800,25%,7.8
China,2014,Manufacturing,2640,40%,5.6
UK,2011,Manufacturing,307,45%,3.2
China,2015,Services,1645,35%,7.8
France,2018,Agriculture,1096,30%,0
Brazil,2012,Agriculture,2282,30%,-2.5
Brazil,2019,Agriculture,2644,25%,-2.5
China,2013,Manufacturing,4127,45%,3.2
France,2019,Agriculture,3634,25%,3.2
China,2020,Manufacturing,1690,55%,
Brazil,2017,Manufacturing,1761,40%,0
Brazil,2015,Manufacturing,98,30%,0
USA,2022,Services,217,40%,
China,2016,Agriculture,1903,40%,
Japan,2016,Manufacturing,3904,25%,5.6
China,2013,Agriculture,3791,40%,7.8
Brazil,2021,Services,2118,40%,-2.5
USA,2015,Agriculture,441,35%,5.6
USA,2021,Services,3000,45%,0
UK,2018,Manufacturing,1499,35%,3.2
France,2012,Manufacturing,278,55%,5.6
Germany,2017,Services,3302,,3.2
India,2016,Manufacturing,401,12%,
India,2013,Agriculture,2322,25%,7.8
China,2019,Agriculture,4087,35%,4.1
UK,2022,Services,283,,3.2
China,2012,Agriculture,315,45%,4.1
India,2023,Manufacturing,907,45%,4.1
France,2016,Manufacturing,548,12%,-2.5
Brazil,2019,Manufacturing,926,45%,7.8
France,2018,Agriculture,2308,40%,3.2
France,2021,Manufacturing,4244,55%,5.6
USA,2019,Agriculture,1694,12%,-2.5
Brazil,2012,Services,2442,55%,-2.5
Germany,2019,Manufacturing,3374,30%,0
Brazil,2018,Services,3001,25%,0
UK,2022,Agriculture,4669,30%,5.6
USA,2017,Agriculture,2697,55%,
Germany,2021,Services,2306,25%,0
UK,2012,Manufacturing,1482,55%,3.2
UK,2017,Manufacturing,530,12%,
India,2021,Manufacturing,3020,25%,0
USA,2013,Services,1715,,-2.5
UK,2015,Agriculture,378,55%,5.6
Japan,2021,Services,3304,55%,3.2
France,2019,Agriculture,466,30%,-2.5
UK,2011,Manufacturing,2351,45%,-2.5
Germany,2017,Manufacturing,994,30%,7.8
India,2022,Agriculture,2102,40%,0
China,2018,Manufacturing,2400,55%,4.1
France,2016,Services,1029,45%,
India,2017,Agriculture,1706,55%,3.2
China,2016,Manufacturing,2704,35%,5.6
USA,2020,Manufacturing,1501,30%,5.6
USA,2019,Manufacturing,3061,45%,5.6
UK,2013,Manufacturing,2833,12%,7.8
Japan,2010,Agriculture,4053,12%,3.2
USA,2012,Agriculture,1636,25%,-2.5
Brazil,2016,Manufacturing,439,,
UK,2020,Services,3778,30%,7.8
France,2020,Services,899,,
India,2016,Services,868,30%,
USA,2020,Services,3685,12%,0
Brazil,2022,Agriculture,4157,25%,-2.5
India,2012,Agriculture,2704,30%,5.6
India,2010,Services,4004,12%,0
Japan,2019,Agriculture,4156,45%,3.2
USA,2018,Services,539,35%,3.2
India,2021,Manufacturing,2369,25%,4.1
Japan,2015,Manufacturing,2978,35%,4.1
Japan,2022,Services,3213,55%,
USA,2022,Agriculture,2984,30%,4.1
Japan,2021,Services,1196,30%,7.8
USA,2016,Agriculture,2873,55%,3.2
Brazil,2010,Manufacturing,2555,35%,4.1
USA,2010,Agriculture,861,45%,5.6
China,2013,Services,105,35%,7.8
India,2016,Manufacturing,757,35%,7.8
Brazil,2023,Manufacturing,1059,35%,5.6
Germany,2020,Agriculture,4168,25%,3.2
USA,2020,Manufacturing,3898,40%,0
India,2017,Manufacturing,3366,25%,7.8
France,2019,Agriculture,4917,40%,0
Japan,2018,Manufacturing,3539,35%,0
UK,2010,Services,4376,,4.1
USA,2013,Agriculture,4355,45%,0
Japan,2013,Agriculture,1450,30%,
Japan,2012,Agriculture,1243,55%,0
Japan,2016,Agriculture,1547,55%,5.6
Japan,2010,Services,1300,30%,4.1
Japan,2018,Agriculture,922,55%,-2.5
USA,2022,Services,2460,30%,3.2
France,2017,Agriculture,3600,12%,-2.5
Germany,2011,Agriculture,1628,45%,
China,2011,Manufacturing,524,25%,-2.5
Japan,2017,Manufacturing,4340,55%,7.8
Japan,2020,Services,3616,25%,-2.5
China,2023,Manufacturing,4098,25%,-2.5
France,2010,Agriculture,4674,25%,5.6
Brazil,2022,Services,320,,0
France,2016,Manufacturing,3601,25%,-2.5
Brazil,2018,Agriculture,4635,35%,-2.5
USA,2021,Manufacturing,4507,25%,
India,2012,Manufacturing,3933,12%,7.8
UK,2016,Manufacturing,2669,25%,3.2
UK,2015,Manufacturing,1044,55%,7.8
India,2016,Agriculture,818,25%,3.2
USA,2016,Manufacturing,594,55%,3.2
UK,2019,Services,981,25%,3.2
France,2010,Services,140,45%,5.6
China,2023,Manufacturing,4383,35%,5.6
India,2012,Services,900,55%,0
France,2019,Manufacturing,3018,12%,3.2
Germany,2010,Agriculture,4922,25%,5.6
USA,2014,Agriculture,3127,55%,4.1
India,2012,Services,2709,,5.6
UK,2010,Services,683,40%,
USA,2011,Manufacturing,3278,30%,
China,2019,Manufacturing,1274,30%,4.1
USA,2014,Manufacturing,1298,35%,
USA,2020,Agriculture,1032,,-2.5
China,2012,Manufacturing,2560,25%,4.1
Japan,2015,Agriculture,3900,35%,3.2
China,2018,Services,4808,12%,7.8
France,2015,Agriculture,4043,55%,
USA,2011,Services,1039,12%,-2.5
Brazil,2011,Agriculture,1666,35%,5.6
China,2022,Agriculture,474,45%,5.6
Japan,2022,Manufacturing,1480,30%,5.6
France,2017,Services,1685,45%,5.6
Brazil,2020,Agriculture,4250,,7.8
Brazil,2017,Agriculture,227,40%,0
India,2015,Services,3826,55%,0
China,2019,Agriculture,769,30%,3.2
China,2016,Services,3178,30%,4.1
USA,2010,Services,4554,30%,4.1
France,2021,Services,3051,25%,
India,2018,Agriculture,2839,,5.6
Germany,2014,Agriculture,703,12%,3.2
Germany,2018,Manufacturing,2672,45%,7.8
UK,2011,Services,3606,30%,3.2
China,2023,Agriculture,3442,45%,0
China,2017,Agriculture,4453,25%,0
India,2016,Services,539,12%,4.1
Japan,2020,Services,1394,35%,
Germany,2023,Services,657,,0
UK,2013,Manufacturing,3641,45%,3.2
India,2012,Manufacturing,4169,55%,4.1
China,2013,Manufacturing,802,55%,5.6
Germany,2013,Services,3098,35%,-2.5
France,2019,Agriculture,4494,30%,0
UK,2019,Services,4170,25%,3.2
USA,2017,Agriculture,3511,25%,-2.5
Germany,2022,Manufacturing,1064,,0
UK,2022,Manufacturing,4744,45%,0
India,2013,Manufacturing,1818,30%,7.8
USA,2023,Agriculture,4946,30%,0
UK,2014,Agriculture,1008,,4.1
UK,2011,Services,1641,45%,-2.5
Brazil,2022,Services,3311,45%,-2.5
Brazil,2013,Services,2638,30%,5.6
Brazil,2016,Manufacturing,2588,35%,4.1
China,2012,Services,840,35%,-2.5
Japan,2023,Manufacturing,4317,30%,3.2
Germany,2023,Agriculture,4066,45%,3.2
China,2010,Manufacturing,4444,25%,
France,2022,Manufacturing,3148,12%,
USA,2017,Manufacturing,697,45%,
Japan,2017,Agriculture,4893,25%,0
UK,2015,Agriculture,1525,25%,5.6
China,2016,Services,2110,55%,0
Brazil,2019,Services,1173,,5.6
Japan,2020,Services,665,12%,4.1
France,2011,Agriculture,1334,45%,7.8
Germany,2014,Agriculture,2375,40%,5.6
France,2021,Agriculture,3187,12%,7.8
USA,2016,Agriculture,3722,45%,
India,2018,Agriculture,2905,30%,4.1
China,2010,Manufacturing,1673,40%,4.1
Brazil,2012,Services,3499,,4.1
USA,2015,Manufacturing,2753,12%,7.8
India,2023,Services,1190,12%,4.1
Brazil,2016,Manufacturing,2880,25%,0
Brazil,2015,Agriculture,548,40%,3.2
Brazil,2010,Services,4732,12%,5.6
China,2013,Manufacturing,1153,12%,0
USA,2015,Services,3139,,7.8
Brazil,2017,Agriculture,1802,30%,7.8
France,2019,Agriculture,4064,40%,4.1
USA,2023,Services,663,30%,-2.5
Japan,2013,Services,3097,45%,-2.5
France,2016,Agriculture,693,25%,5.6
China,2020,Agriculture,2918,12%,3.2
Brazil,2012,Agriculture,4203,25%,-2.5
USA,2017,Manufacturing,1185,30%,
UK,2010,Services,4742,25%,4.1
China,2013,Agriculture,3749,35%,
USA,2017,Services,2412,45%,7.8
Japan,2019,Manufacturing,211,30%,4.1
Brazil,2013,Manufacturing,1871,35%,0
India,2011,Agriculture,4469,25%,3.2
Brazil,2011,Services,2815,,5.6
India,2013,Manufacturing,3452,,0
UK,2022,Services,2677,12%,5.6
China,2013,Services,4043,30%,0
Japan,2011,Agriculture,4905,40%,4.1
USA,2016,Manufacturing,4647,45%,0
USA,2015,Manufacturing,106,55%,3.2
India,2020,Manufacturing,3287,45%,5.6
Japan,2012,Services,2394,35%,-2.5
France,2017,Manufacturing,4952,40%,0
UK,2017,Manufacturing,669,45%,
India,2010,Services,4924,12%,0
India,2012,Manufacturing,4924,45%,
UK,2014,Manufacturing,2663,55%,-2.5
China,2011,Services,4311,,3.2
USA,2021,Manufacturing,2885,40%,3.2
China,2021,Agriculture,715,30%,3.2
Japan,2014,Services,177,35%,7.8
France,2020,Manufacturing,3607,35%,7.8
Brazil,2019,Agriculture,4221,30%,3.2
Germany,2012,Services,684,25%,3.2
Germany,2018,Manufacturing,3658,40%,-2.5
Germany,2020,Services,3739,35%,7.8
UK,2010,Agriculture,4760,55%,
India,2013,Services,1035,55%,4.1
France,2019,Manufacturing,2623,,4.1
China,2015,Agriculture,1206,30%,5.6
Brazil,2018,Services,4586,35%,3.2
USA,2012,Manufacturing,3918,,3.2
Germany,2012,Manufacturing,293,45%,3.2
China,2021,Agriculture,817,55%,0
Germany,2014,Agriculture,3267,35%,7.8
France,2016,Services,464,35%,5.6
Germany,2023,Manufacturing,3333,45%,0
USA,2014,Agriculture,4394,,0
Brazil,2020,Manufacturing,3156,40%,4.1
Japan,2017,Services,2936,35%,5.6
Japan,2014,Agriculture,911,12%,5.6
France,2016,Services,4964,25%,5.6
Japan,2015,Services,3407,55%,5.6
UK,2023,Agriculture,3983,45%,
India,2019,Services,3814,45%,5.6
UK,2022,Manufacturing,259,25%,
China,2011,Agriculture,2207,12%,3.2
UK,2012,Manufacturing,2427,30%,
China,2020,Services,2239,25%,
China,2020,Agriculture,725,30%,5.6
India,2013,Manufacturing,1405,35%,5.6
USA,2014,Manufacturing,75,40%,7.8
Brazil,2018,Manufacturing,2743,,3.2
France,2015,Manufacturing,1700,45%,4.1
India,2010,Manufacturing,3008,,0
France,2012,Services,4507,,3.2
Japan,2016,Services,1732,,-2.5
Japan,2017,Services,4505,40%,5.6
UK,2016,Services,2016,,0
China,2014,Services,3336,35%,-2.5
Germany,2019,Services,1045,40%,
Germany,2017,Services,126,45%,0
France,2018,Manufacturing,2192,,3.2
China,2016,Services,1006,45%,4.1
France,2020,Manufacturing,3094,40%,
India,2018,Agriculture,267,,-2.5
USA,2010,Services,3996,35%,
Brazil,2023,Manufacturing,2465,25%,
India,2018,Agriculture,3395,,
China,2012,Agriculture,1517,55%,5.6
China,2015,Manufacturing,4832,30%,5.6
USA,2017,Manufacturing,2922,55%,-2.5
France,2012,Manufacturing,82,25%,3.2
UK,2013,Services,2969,12%,4.1
UK,2016,Agriculture,3537,40%,-2.5
USA,2021,Services,474,25%,3.2
UK,2016,Services,4932,25%,0
Germany,2013,Services,3128,25%,4.1
UK,2018,Agriculture,4884,55%,3.2
UK,2022,Agriculture,4912,30%,-2.5
UK,2012,Agriculture,1867,45%,-2.5
Germany,2021,Manufacturing,3976,30%,0
France,2017,Services,4068,12%,
UK,2017,Manufacturing,4344,40%,4.1
Japan,2022,Manufacturing,764,12%,-2.5
Germany,2013,Services,3257,30%,7.8
USA,2016,Agriculture,4030,12%,
India,2013,Services,4433,35%,4.1
USA,2022,Manufacturing,2074,,4.1
India,2021,Agriculture,3923,25%,-2.5
Brazil,2010,Agriculture,3779,45%,7.8
USA,2010,Manufacturing,2664,45%,-2.5
Japan,2023,Agriculture,860,35%,-2.5
India,2010,Agriculture,2505,55%,0
India,2011,Services,2080,35%,
China,2015,Services,1835,35%,7.8
India,2021,Manufacturing,2022,25%,4.1
India,2019,Manufacturing,766,55%,0
China,2020,Manufacturing,874,,7.8
UK,2014,Agriculture,1777,,7.8
UK,2020,Manufacturing,2282,35%,4.1
China,2011,Services,812,,4.1
Germany,2017,Agriculture,71,30%,5.6
Brazil,2018,Manufacturing,2309,45%,7.8
India,2016,Agriculture,4611,25%,0
India,2021,Agriculture,3355,,0
China,2023,Agriculture,4317,55%,3.2
China,2021,Manufacturing,4942,45%,
Germany,2018,Agriculture,1591,12%,
Japan,2013,Agriculture,4389,25%,
UK,2022,Agriculture,470,45%,-2.5
USA,2016,Services,3594,35%,5.6
Japan,2014,Manufacturing,4486,35%,-2.5
France,2014,Services,2033,25%,0
UK,2012,Agriculture,172,55%,5.6
India,2018,Agriculture,483,40%,7.8
France,2022,Services,4215,35%,4.1
Japan,2019,Agriculture,4796,45%,
China,2014,Services,3532,12%,0
Germany,2015,Agriculture,2934,55%,4.1
UK,2012,Agriculture,2688,40%,0
Germany,2019,Agriculture,3927,25%,0
France,2016,Agriculture,1665,35%,0
UK,2018,Manufacturing,3858,55%,5.6
Brazil,2018,Manufacturing,276,30%,4.1
Brazil,2023,Manufacturing,585,12%,-2.5
Japan,2022,Services,1172,30%,-2.5
India,2019,Services,4415,30%,
Brazil,2023,Services,3584,30%,7.8
Brazil,2019,Services,708,55%,0
USA,2014,Manufacturing,3157,55%,4.1
Germany,2016,Services,2371,25%,4.1
Germany,2022,Services,1216,40%,
Brazil,2021,Services,2021,12%,0
USA,2021,Agriculture,66,30%,
Germany,2022,Services,1953,12%,-2.5
Germany,2012,Agriculture,1662,55%,4.1
UK,2015,Services,3756,35%,
UK,2021,Services,485,55%,7.8
USA,2017,Agriculture,4121,45%,
France,2022,Services,3505,35%,3.2
India,2017,Agriculture,2054,25%,5.6
Japan,2011,Services,2783,30%,4.1
Brazil,2015,Services,312,30%,4.1
Brazil,2016,Agriculture,2491,12%,
Japan,2021,Manufacturing,857,,4.1
Brazil,2016,Agriculture,2562,35%,
Brazil,2012,Manufacturing,407,25%,-2.5
France,2023,Agriculture,2451,55%,5.6
Germany,2023,Manufacturing,1324,25%,-2.5
India,2018,Services,4521,30%,7.8
Brazil,2011,Manufacturing,1038,45%,0
USA,2020,Services,67,,3.2
France,2012,Agriculture,1788,25%,5.6
Brazil,2020,Manufacturing,2813,30%,3.2
USA,2011,Services,3047,,0
UK,2020,Agriculture,963,30%,-2.5
Germany,2018,Manufacturing,615,,7.8
China,2013,Services,2962,35%,0
Brazil,2011,Manufacturing,1402,40%,3.2
USA,2012,Manufacturing,1521,12%,4.1
France,2022,Services,3213,30%,3.2
Germany,2013,Services,661,35%,3.2
India,2023,Agriculture,1112,30%,-2.5
France,2019,Services,485,35%,4.1
UK,2022,Services,697,12%,
Japan,2015,Manufacturing,2459,45%,3.2
Brazil,2014,Services,4067,35%,-2.5
India,2012,Manufacturing,2659,30%,4.1
USA,2019,Manufacturing,132,12%,3.2
Brazil,2017,Services,1839,12%,5.6
USA,2017,Services,1100,35%,
India,2016,Services,3888,,4.1
USA,2012,Services,4166,12%,4.1
France,2023,Agriculture,2791,,5.6
Germany,2010,Manufacturing,847,55%,
USA,2014,Agriculture,2576,35%,0
UK,2010,Agriculture,4801,,0
Germany,2015,Manufacturing,812,45%,
France,2020,Agriculture,667,55%,7.8
Brazil,2016,Services,3930,40%,3.2
China,2021,Services,4856,45%,3.2
Brazil,2014,Services,4482,,-2.5
USA,2013,Services,3913,40%,
USA,2011,Manufacturing,3736,30%,4.1
UK,2014,Services,817,35%,0
France,2018,Manufacturing,3235,25%,
UK,2013,Manufacturing,1070,30%,5.6
Japan,2023,Manufacturing,3543,12%,-2.5
France,2011,Manufacturing,1127,55%,5.6
India,2022,Agriculture,3309,35%,-2.5
India,2015,Agriculture,3660,12%,0
India,2017,Services,1825,,3.2
UK,2011,Manufacturing,2928,25%,
India,2018,Services,1940,45%,3.2
France,2016,Services,1676,30%,0
India,2023,Services,3668,30%,
China,2022,Services,4334,35%,4.1
India,2011,Manufacturing,1621,35%,5.6
USA,2020,Manufacturing,3725,,7.8
Japan,2014,Agriculture,1641,25%,7.8
UK,2014,Manufacturing,2676,40%,0
Germany,2016,Manufacturing,1242,45%,4.1
Japan,2022,Services,4823,35%,-2.5
China,2014,Manufacturing,4297,30%,3.2
UK,2020,Services,1178,,5.6
France,2023,Manufacturing,3488,30%,7.8
Brazil,2015,Agriculture,1165,40%,3.2
UK,2023,Services,4858,12%,0
USA,2018,Manufacturing,4950,,3.2
France,2012,Manufacturing,1958,25%,
Japan,2012,Services,4577,40%,7.8
Japan,2017,Agriculture,3802,35%,4.1
India,2019,Agriculture,1378,,5.6
France,2021,Manufacturing,4173,40%,-2.5
Brazil,2015,Manufacturing,1361,30%,-2.5
USA,2021,Manufacturing,4500,45%,
India,2019,Services,4088,30%,4.1
India,2012,Services,1912,55%,
Brazil,2011,Services,2054,35%,3.2
UK,2022,Manufacturing,3665,45%,-2.5
Japan,2011,Agriculture,2775,25%,7.8
India,2011,Services,2233,45%,4.1
China,2014,Agriculture,203,45%,5.6
China,2021,Manufacturing,865,40%,-2.5
Japan,2014,Services,1169,25%,-2.5
China,2010,Services,3318,55%,0
Brazil,2011,Services,2205,,-2.5
UK,2011,Manufacturing,1259,30%,-2.5
USA,2013,Manufacturing,503,12%,7.8
Germany,2016,Manufacturing,1156,55%,4.1
India,2012,Agriculture,2846,12%,-2.5
Germany,2014,Agriculture,4594,12%,0
USA,2020,Services,4466,12%,0
USA,2018,Services,4423,35%,
Brazil,2014,Manufacturing,2709,30%,0
UK,2018,Manufacturing,1087,55%,-2.5
China,2010,Manufacturing,3383,45%,
China,2018,Services,463,40%,3.2
Brazil,2023,Manufacturing,2591,35%,3.2
USA,2014,Agriculture,4192,40%,7.8
UK,2017,Agriculture,1989,25%,4.1
UK,2014,Services,705,25%,3.2
Japan,2023,Services,4094,12%,7.8
France,2021,Agriculture,2529,35%,7.8
India,2015,Manufacturing,3911,,
Brazil,2017,Services,1397,40%,0
France,2011,Services,1366,,5.6
Brazil,2012,Services,3656,35%,7.8
China,2020,Agriculture,3888,25%,4.1
USA,2018,Services,4108,45%,-2.5
Brazil,2014,Agriculture,365,55%,0
Brazil,2014,Agriculture,270,55%,-2.5
Japan,2018,Manufacturing,2311,30%,-2.5
Germany,2019,Manufacturing,894,12%,3.2
China,2012,Manufacturing,1564,40%,-2.5
India,2023,Services,1158,12%,
UK,2013,Agriculture,1780,12%,7.8
USA,2016,Services,3235,25%,4.1
China,2011,Agriculture,1288,25%,-2.5
Germany,2017,Services,2974,30%,4.1
Brazil,2014,Agriculture,1240,,-2.5
India,2010,Manufacturing,4432,30%,3.2
Brazil,2012,Manufacturing,3616,55%,-2.5
India,2018,Services,2481,,7.8
Japan,2014,Agriculture,2944,,7.8
Brazil,2017,Manufacturing,1506,12%,-2.5
China,2010,Agriculture,1159,,7.8
Germany,2023,Services,1980,35%,
India,2016,Manufacturing,3166,,
USA,2016,Services,672,40%,7.8
India,2017,Services,2387,45%,3.2
Germany,2012,Agriculture,1980,25%,4.1
UK,2010,Services,2794,,0
UK,2020,Services,1308,40%,
Japan,2018,Agriculture,4551,12%,0
China,2010,Agriculture,2018,30%,5.6
Germany,2020,Services,3345,30%,4.1
Japan,2015,Manufacturing,2073,40%,0
France,2018,Manufacturing,926,12%,
India,2023,Agriculture,2294,25%,
France,2011,Services,2576,55%,-2.5
India,2013,Manufacturing,3639,55%,7.8
UK,2011,Agriculture,4453,40%,0
Japan,2013,Agriculture,394,55%,3.2
UK,2011,Agriculture,3722,55%,5.6
USA,2021,Services,3118,35%,-2.5
France,2010,Agriculture,1963,12%,0
France,2020,Manufacturing,2495,55%,7.8
UK,2012,Services,834,30%,3.2
USA,2017,Manufacturing,1537,40%,
India,2014,Manufacturing,4941,40%,0
Japan,2013,Manufacturing,3898,40%,7.8
USA,2014,Services,499,55%,0
Japan,2015,Manufacturing,1477,30%,-2.5
France,2015,Agriculture,2645,30%,5.6
Japan,2014,Agriculture,2326,,4.1
France,2021,Manufacturing,293,40%,7.8
USA,2020,Agriculture,2162,30%,5.6
France,2021,Services,3358,45%,5.6
Brazil,2015,Services,995,45%,
China,2018,Agriculture,1076,40%,4.1
France,2014,Agriculture,1573,12%,3.2
UK,2022,Services,3158,,4.1
USA,2015,Manufacturing,3742,25%,7.8
Brazil,2013,Services,3099,55%,3.2
India,2022,Manufacturing,3371,35%,
Japan,2012,Agriculture,3356,45%,4.1
Brazil,2022,Agriculture,4288,55%,5.6
Germany,2021,Manufacturing,110,25%,4.1
Brazil,2015,Manufacturing,4224,35%,-2.5
USA,2020,Services,3448,45%,-2.5
Brazil,2020,Manufacturing,2464,,0
Brazil,2014,Agriculture,3828,25%,0
UK,2013,Agriculture,3656,25%,7.8
France,2014,Agriculture,439,30%,4.1
Japan,2016,Manufacturing,4666,,-2.5
China,2010,Manufacturing,1725,35%,5.6
India,2023,Agriculture,1827,35%,-2.5
China,2010,Manufacturing,302,45%,7.8
Brazil,2020,Services,3216,35%,0
Germany,2022,Services,1764,55%,
USA,2010,Manufacturing,2100,35%,0
Japan,2011,Manufacturing,745,,
USA,2018,Agriculture,2143,25%,3.2
UK,2022,Manufacturing,4798,35%,
USA,2014,Agriculture,2622,40%,0
India,2023,Services,1555,30%,4.1
Germany,2018,Manufacturing,3718,45%,5.6
China,2022,Services,4563,55%,4.1
Brazil,2014,Manufacturing,2793,35%,7.8
Brazil,2023,Manufacturing,4704,55%,4.1
Germany,2016,Agriculture,3327,35%,4.1
Japan,2023,Agriculture,1348,55%,0
USA,2023,Manufacturing,4740,40%,0
Japan,2015,Manufacturing,3300,35%,
China,2011,Agriculture,2964,35%,5.6
Japan,2012,Services,3918,12%,0
UK,2014,Manufacturing,2314,25%,4.1
Germany,2013,Agriculture,3842,45%,5.6
China,2023,Manufacturing,2930,45%,0
China,2020,Agriculture,2903,12%,5.6
France,2015,Services,3757,35%,0
China,2017,Manufacturing,2878,25%,7.8
France,2017,Manufacturing,265,55%,3.2
India,2012,Services,4615,12%,3.2
Brazil,2013,Manufacturing,229,45%,4.1
France,2010,Manufacturing,2736,45%,-2.5
Germany,2011,Manufacturing,426,,3.2
Japan,2022,Agriculture,2778,40%,4.1
France,2018,Agriculture,1877,,5.6
China,2021,Manufacturing,3276,45%,5.6
Germany,2019,Services,2377,35%,
France,2019,Services,1552,,3.2
France,2011,Manufacturing,4994,55%,
China,2021,Agriculture,802,55%,5.6
UK,2015,Agriculture,3219,55%,7.8
UK,2023,Manufacturing,299,35%,5.6
France,2016,Agriculture,2870,40%,
UK,2015,Agriculture,4786,45%,7.8
USA,2017,Services,939,,7.8
China,2018,Manufacturing,4916,40%,7.8
USA,2017,Agriculture,4052,40%,0
Germany,2014,Agriculture,3773,,-2.5
USA,2017,Agriculture,3136,45%,
Germany,2019,Manufacturing,2793,35%,5.6
France,2019,Manufacturing,4626,25%,0
Germany,2018,Agriculture,1806,35%,
Germany,2023,Services,2672,35%,-2.5
Japan,2017,Services,1826,45%,0
USA,2011,Manufacturing,4630,55%,5.6
Japan,2011,Services,3454,40%,
France,2021,Agriculture,2124,45%,7.8
China,2012,Manufacturing,3146,,0
USA,2016,Manufacturing,1135,25%,-2.5
China,2018,Services,3779,12%,-2.5
China,2017,Manufacturing,4378,,-2.5
Germany,2018,Services,1537,12%,
Brazil,2015,Services,398,35%,0
USA,2010,Agriculture,463,12%,4.1
China,2023,Services,2503,40%,4.1
Brazil,2021,Services,3502,,4.1
UK,2013,Manufacturing,2613,55%,-2.5
China,2022,Agriculture,1059,45%,3.2
UK,2015,Agriculture,4432,25%,
USA,2021,Services,831,25%,-2.5
France,2015,Manufacturing,3129,25%,-2.5
Japan,2017,Manufacturing,4502,,0
USA,2010,Manufacturing,2678,,4.1
Japan,2022,Agriculture,4025,30%,4.1
Japan,2020,Agriculture,2236,30%,5.6
USA,2011,Services,3369,45%,0
China,2011,Services,1256,55%,0
India,2022,Manufacturing,3846,25%,3.2
China,2015,Services,4568,12%,5.6
China,2023,Manufacturing,4542,55%,0
France,2023,Agriculture,354,55%,3.2
Germany,2020,Services,3504,,0
Germany,2016,Manufacturing,2323,,3.2
China,2011,Agriculture,900,55%,
UK,2014,Manufacturing,544,25%,7.8
France,2015,Services,3605,55%,-2.5
Japan,2013,Manufacturing,2724,,-2.5
Brazil,2010,Agriculture,3480,25%,0
Germany,2012,Services,3199,12%,4.1
China,2023,Agriculture,3397,30%,3.2
France,2019,Services,3999,,4.1
India,2018,Manufacturing,554,12%,7.8
UK,2022,Agriculture,4752,12%,-2.5
USA,2015,Agriculture,2704,,4.1
China,2011,Manufacturing,3456,,0
France,2018,Agriculture,3567,12%,
China,2013,Agriculture,2754,55%,4.1
Brazil,2020,Agriculture,3814,55%,4.1
Japan,2022,Agriculture,1629,40%,0
UK,2017,Manufacturing,1811,25%,3.2
Germany,2019,Agriculture,4182,40%,5.6
Germany,2016,Agriculture,363,12%,
Germany,2021,Agriculture,4365,35%,0
Brazil,2020,Services,2737,30%,7.8
USA,2012,Services,1768,12%,7.8
France,2017,Manufacturing,4549,45%,5.6
UK,2013,Manufacturing,3676,35%,7.8
UK,2011,Manufacturing,4624,45%,3.2
Germany,2020,Agriculture,873,35%,0
Germany,2014,Services,4365,,3.2
Japan,2010,Services,2464,25%,4.1
Brazil,2022,Manufacturing,4829,40%,5.6
India,2017,Services,3870,55%,5.6
India,2023,Manufacturing,2019,25%,3.2
China,2017,Agriculture,3153,35%,
China,2012,Services,3116,12%,-2.5
UK,2010,Agriculture,1809,25%,5.6
UK,2013,Agriculture,3175,35%,0
USA,2018,Services,4102,12%,
USA,2018,Manufacturing,2331,55%,5.6
India,2010,Services,4974,35%,3.2
Brazil,2020,Agriculture,4888,45%,3.2
China,2016,Manufacturing,3084,45%,7.8
India,2015,Agriculture,1173,30%,
Brazil,2023,Manufacturing,1284,45%,-2.5
India,2016,Services,724,12%,3.2
China,2016,Agriculture,2752,30%,4.1
France,2017,Manufacturing,2355,40%,7.8
USA,2017,Manufacturing,1318,12%,7.8
Japan,2019,Services,3271,30%,0
Japan,2023,Manufacturing,4769,40%,7.8
Japan,2020,Manufacturing,4244,25%,-2.5
China,2011,Agriculture,3844,12%,0
Germany,2021,Services,4128,35%,3.2
Germany,2021,Services,2109,45%,
Germany,2021,Agriculture,1299,40%,4.1
UK,2013,Agriculture,4079,55%,3.2
USA,2013,Agriculture,2910,,7.8
USA,2022,Manufacturing,3563,45%,5.6
France,2020,Services,3269,35%,-2.5
France,2019,Services,228,,-2.5
UK,2021,Services,2249,55%,7.8
India,2022,Manufacturing,4980,30%,-2.5
Brazil,2017,Services,4727,25%,4.1
France,2023,Services,4341,12%,0
Japan,2022,Services,2579,30%,7.8
Germany,2022,Services,2305,35%,5.6
Japan,2012,Agriculture,985,,3.2
Germany,2021,Manufacturing,1006,12%,-2.5
Japan,2022,Services,2523,40%,
India,2022,Services,1135,30%,3.2
Brazil,2021,Services,4712,25%,5.6
Japan,2012,Services,3484,55%,5.6
Japan,2022,Services,2715,,0
China,2011,Agriculture,3042,35%,5.6
Brazil,2010,Agriculture,1151,40%,5.6
Japan,2017,Manufacturing,3026,55%,-2.5
China,2023,Manufacturing,333,,3.2
USA,2018,Services,4521,,
Brazil,2018,Services,3840,35%,-2.5
UK,2020,Agriculture,2869,25%,-2.5
Brazil,2017,Manufacturing,837,25%,4.1
Brazil,2014,Services,4518,25%,7.8
Japan,2010,Services,906,12%,
USA,2018,Services,1748,40%,7.8
Brazil,2015,Manufacturing,2730,45%,0
France,2021,Agriculture,2183,55%,
France,2016,Agriculture,4244,35%,0
China,2017,Services,2471,55%,5.6
Japan,2022,Services,2855,45%,0
Japan,2014,Services,3981,12%,4.1
Brazil,2015,Services,674,12%,0
India,2021,Services,4228,45%,5.6
USA,2022,Manufacturing,1650,,3.2
Germany,2016,Agriculture,50,35%,4.1
Germany,2016,Manufacturing,4831,45%,5.6
India,2011,Manufacturing,4395,12%,5.6
China,2023,Services,4555,,3.2
Germany,2020,Manufacturing,1459,12%,5.6
Brazil,2021,Agriculture,3917,,7.8
Germany,2023,Services,4635,55%,0
France,2010,Agriculture,3020,35%,5.6
France,2017,Manufacturing,2637,35%,-2.5
UK,2014,Services,848,12%,0
USA,2019,Agriculture,992,45%,4.1
China,2011,Agriculture,3512,12%,7.8
Japan,2012,Services,1377,55%,7.8
USA,2015,Agriculture,744,30%,4.1
China,2019,Services,3466,45%,4.1
Germany,2015,Services,4280,12%,5.6
UK,2017,Manufacturing,235,,3.2
USA,2014,Agriculture,527,40%,-2.5
Germany,2014,Services,4146,,5.6
China,2016,Manufacturing,2947,30%,3.2
USA,2019,Manufacturing,3065,35%,7.8
Japan,2022,Services,3865,55%,0
USA,2023,Services,1735,40%,4.1
Germany,2014,Agriculture,1041,12%,7.8
Brazil,2018,Agriculture,2799,12%,5.6
Brazil,2015,Agriculture,4415,30%,3.2
USA,2016,Services,2995,,4.1
Japan,2021,Manufacturing,3448,30%,5.6
UK,2017,Manufacturing,244,30%,7.8
UK,2022,Services,2352,40%,-2.5
Brazil,2014,Agriculture,128,,7.8
Germany,2023,Manufacturing,3996,,5.6
China,2020,Manufacturing,1171,,3.2
Germany,2013,Agriculture,3271,25%,5.6
UK,2021,Manufacturing,835,40%,0
India,2017,Agriculture,2911,40%,0
India,2021,Manufacturing,496,45%,3.2
USA,2019,Manufacturing,4268,30%,4.1
Japan,2018,Manufacturing,2773,25%,7.8
Brazil,2010,Agriculture,1631,30%,5.6
France,2012,Manufacturing,408,35%,
France,2021,Manufacturing,2336,45%,
France,2013,Manufacturing,1815,55%,0
USA,2022,Services,854,45%,-2.5
India,2016,Manufacturing,2780,40%,0
UK,2015,Manufacturing,4814,,7.8
USA,2019,Agriculture,4112,12%,3.2
France,2019,Agriculture,192,12%,-2.5
France,2020,Services,2284,12%,5.6
Brazil,2010,Agriculture,3609,30%,5.6
Germany,2013,Agriculture,2219,45%,4.1
France,2015,Agriculture,3471,12%,
Japan,2012,Services,1173,12%,4.1
France,2011,Services,333,,4.1
Germany,2011,Manufacturing,433,25%,3.2
France,2019,Manufacturing,1628,12%,-2.5
Japan,2021,Agriculture,3922,25%,-2.5
UK,2021,Manufacturing,2995,35%,-2.5
USA,2013,Manufacturing,4332,45%,3.2
Japan,2022,Services,673,25%,3.2
Germany,2010,Services,594,40%,5.6
USA,2019,Manufacturing,963,30%,4.1
USA,2011,Manufacturing,2187,,0
Germany,2022,Manufacturing,2593,45%,7.8
Brazil,2019,Agriculture,3782,40%,5.6
India,2011,Services,4045,40%,
France,2013,Manufacturing,1797,45%,
Japan,2013,Manufacturing,2213,55%,
Germany,2010,Agriculture,1093,25%,4.1
UK,2016,Services,2229,12%,-2.5
China,2016,Agriculture,1365,40%,0
Germany,2019,Agriculture,1427,30%,7.8
France,2020,Manufacturing,3358,,-2.5
France,2019,Agriculture,272,,3.2
USA,2019,Agriculture,4581,55%,0
USA,2010,Manufacturing,4472,25%,3.2
Germany,2020,Services,2203,,7.8
China,2017,Manufacturing,2749,25%,
Brazil,2019,Services,3370,35%,7.8
Germany,2023,Agriculture,616,12%,-2.5
China,2023,Agriculture,2092,35%,3.2
Brazil,2016,Manufacturing,679,30%,5.6
China,2016,Manufacturing,2785,45%,
France,2020,Manufacturing,2567,12%,4.1
France,2015,Agriculture,774,30%,5.6
France,2021,Agriculture,4410,35%,3.2
UK,2013,Services,4098,35%,7.8
France,2020,Manufacturing,2948,40%,
Japan,2017,Agriculture,1514,40%,0
USA,2011,Services,1357,12%,
USA,2016,Manufacturing,2004,25%,3.2
China,2012,Manufacturing,4844,45%,4.1
USA,2023,Services,203,55%,4.1
India,2012,Services,3561,,-2.5
Brazil,2023,Services,4116,55%,5.6
China,2016,Agriculture,860,30%,4.1
USA,2021,Manufacturing,200,55%,
India,2012,Manufacturing,2272,45%,-2.5
Brazil,2014,Services,1128,12%,0
UK,2017,Agriculture,828,12%,5.6
USA,2023,Services,4299,40%,5.6
India,2022,Agriculture,4018,12%,4.1
Germany,2013,Manufacturing,4646,55%,5.6
Japan,2016,Manufacturing,2603,25%,
Germany,2016,Agriculture,4294,35%,-2.5
India,2011,Manufacturing,4153,30%,4.1
China,2023,Manufacturing,4738,40%,7.8
France,2017,Services,4614,55%,4.1
France,2019,Agriculture,4596,45%,-2.5
France,2021,Manufacturing,3728,12%,7.8
Brazil,2019,Manufacturing,4273,40%,
China,2023,Agriculture,3755,35%,3.2
Brazil,2018,Manufacturing,3408,12%,5.6
USA,2015,Agriculture,902,12%,4.1
France,2023,Agriculture,4232,12%,4.1
Germany,2014,Services,4015,,-2.5
China,2010,Agriculture,4679,40%,0
China,2010,Services,3373,25%,0
France,2018,Manufacturing,4969,40%,4.1
Germany,2023,Agriculture,4524,35%,4.1
UK,2013,Services,505,30%,7.8
China,2010,Agriculture,4463,30%,7.8
France,2020,Manufacturing,279,40%,5.6
Japan,2019,Services,4653,30%,7.8
India,2021,Services,4935,40%,0
Brazil,2012,Services,3527,40%,-2.5
USA,2015,Manufacturing,3408,55%,-2.5
China,2023,Services,809,30%,7.8
Japan,2020,Manufacturing,1840,25%,4.1
Japan,2022,Manufacturing,4591,,7.8
China,2022,Agriculture,1416,45%,4.1
UK,2020,Manufacturing,374,40%,
India,2017,Services,926,,0
USA,2022,Services,216,45%,3.2
China,2019,Manufacturing,3714,,4.1
Brazil,2011,Manufacturing,630,55%,-2.5
USA,2017,Agriculture,4984,35%,7.8
Germany,2023,Agriculture,1849,55%,
Japan,2022,Services,1159,25%,
Japan,2010,Manufacturing,3677,35%,
China,2020,Services,2903,40%,
China,2011,Manufacturing,1222,40%,5.6
Brazil,2017,Services,821,30%,7.8
Germany,2016,Services,977,45%,7.8
UK,2014,Services,2958,35%,
China,2022,Manufacturing,655,35%,-2.5
Japan,2019,Agriculture,3956,35%,7.8
USA,2011,Agriculture,4150,55%,4.1
India,2018,Manufacturing,4144,12%,5.6
France,2014,Agriculture,1051,25%,4.1
USA,2017,Services,4023,35%,5.6
UK,2022,Manufacturing,463,35%,
India,2013,Manufacturing,4860,55%,5.6
USA,2023,Agriculture,2064,25%,0
USA,2018,Agriculture,1537,25%,5.6
Germany,2019,Services,832,40%,
France,2016,Manufacturing,576,45%,
Brazil,2011,Agriculture,50,25%,
UK,2012,Manufacturing,320,25%,-2.5
Japan,2023,Services,2581,40%,3.2
Germany,2011,Services,1121,35%,4.1
India,2014,Services,743,40%,4.1
France,2011,Manufacturing,2937,12%,7.8
Japan,2014,Manufacturing,3628,35%,7.8
Germany,2022,Manufacturing,2045,30%,7.8
France,2018,Manufacturing,3627,30%,5.6
Brazil,2011,Manufacturing,1759,,5.6
UK,2018,Services,2149,55%,5.6
China,2016,Services,519,25%,3.2
Brazil,2016,Services,2340,12%,3.2
China,2023,Agriculture,386,35%,3.2
India,2014,Services,805,,3.2
China,2017,Manufacturing,2651,45%,3.2
Germany,2016,Services,1769,55%,7.8
India,2015,Agriculture,2149,,7.8
Japan,2011,Agriculture,462,30%,3.2
Brazil,2015,Agriculture,3662,30%,7.8
Brazil,2023,Agriculture,3330,40%,3.2
UK,2011,Agriculture,4153,55%,3.2
India,2010,Manufacturing,3043,,3.2
Japan,2018,Services,3512,30%,7.8
Brazil,2022,Manufacturing,296,55%,0
India,2014,Manufacturing,3828,35%,0
USA,2019,Agriculture,461,12%,
USA,2019,Services,3417,12%,
India,2013,Services,4380,25%,0
Brazil,2021,Services,2739,12%,-2.5
France,2020,Agriculture,637,40%,4.1
China,2017,Manufacturing,1518,45%,0
USA,2014,Services,282,,0
France,2023,Manufacturing,1936,30%,0
France,2016,Services,359,55%,5.6
UK,2012,Services,993,40%,3.2
Japan,2017,Services,957,30%,
Germany,2017,Services,2798,35%,7.8
USA,2012,Agriculture,2575,55%,4.1
India,2018,Agriculture,1650,55%,4.1
China,2023,Manufacturing,2149,45%,4.1
Germany,2017,Agriculture,595,,5.6
Japan,2010,Services,2398,40%,3.2
France,2017,Manufacturing,3873,40%,0
Japan,2021,Manufacturing,2738,40%,0
Brazil,2020,Manufacturing,3364,55%,5.6
USA,2013,Services,4501,55%,7.8
Japan,2015,Services,4980,45%,5.6
Japan,2023,Manufacturing,1891,45%,5.6
China,2022,Agriculture,1686,12%,
Brazil,2019,Services,1725,,3.2
Brazil,2018,Services,4882,40%,-2.5
France,2014,Agriculture,1840,40%,
China,2016,Manufacturing,3194,55%,4.1
China,2022,Agriculture,3570,,7.8
India,2010,Services,1891,25%,7.8
Japan,2018,Manufacturing,205,25%,5.6
Japan,2023,Manufacturing,983,25%,5.6
Brazil,2015,Agriculture,625,,0
Japan,2020,Services,1383,45%,5.6
UK,2013,Services,3157,55%,3.2
China,2015,Manufacturing,4393,12%,0
Germany,2014,Services,1501,55%,-2.5
Brazil,2012,Manufacturing,4598,40%,3.2
USA,2016,Manufacturing,989,25%,7.8
Brazil,2012,Manufacturing,3509,,7.8
France,2022,Services,1143,35%,3.2
Germany,2023,Agriculture,3991,,
France,2022,Manufacturing,2551,25%,5.6
India,2011,Agriculture,4412,,5.6
India,2023,Agriculture,1511,,5.6
France,2013,Agriculture,2463,,7.8
Japan,2016,Agriculture,3823,45%,3.2
Germany,2014,Agriculture,1260,55%,5.6
Japan,2023,Manufacturing,3348,45%,
Brazil,2018,Services,110,,0
UK,2019,Agriculture,2265,12%,7.8
India,2016,Services,4300,55%,4.1
India,2021,Services,2881,55%,
Germany,2023,Manufacturing,4867,55%,3.2
India,2018,Agriculture,4152,35%,
UK,2023,Services,4668,55%,3.2
UK,2018,Services,300,35%,3.2
UK,2021,Agriculture,1649,40%,3.2
USA,2011,Manufacturing,2217,55%,-2.5
UK,2010,Manufacturing,3190,,0
UK,2020,Agriculture,1335,25%,
USA,2013,Services,1837,12%,-2.5
Japan,2013,Manufacturing,1518,55%,
Brazil,2022,Manufacturing,4083,40%,5.6
China,2011,Services,1552,45%,
India,2012,Services,1304,40%,-2.5
UK,2012,Services,4369,25%,-2.5
India,2014,Services,4864,45%,7.8
Germany,2010,Agriculture,2950,30%,3.2
India,2018,Services,3487,45%,-2.5
France,2017,Manufacturing,77,40%,3.2
Japan,2017,Services,950,35%,0
Brazil,2012,Services,898,12%,-2.5
USA,2011,Agriculture,150,40%,7.8
India,2010,Agriculture,2155,40%,7.8
India,2021,Services,4560,30%,5.6
India,2015,Agriculture,3290,45%,-2.5
China,2022,Agriculture,3367,40%,0
China,2019,Agriculture,1538,25%,3.2
Germany,2010,Agriculture,1503,30%,
USA,2023,Services,1851,12%,4.1
India,2020,Agriculture,4566,25%,
India,2014,Agriculture,4166,45%,
India,2018,Manufacturing,4781,12%,
India,2020,Services,3490,30%,-2.5
China,2018,Agriculture,4609,55%,5.6
Japan,2022,Manufacturing,1565,45%,7.8
Japan,2021,Agriculture,3971,45%,4.1
Germany,2013,Services,3216,40%,
France,2016,Manufacturing,73,,-2.5
UK,2023,Manufacturing,445,,5.6
USA,2020,Services,1477,35%,0
Japan,2016,Manufacturing,3254,30%,
France,2013,Manufacturing,1063,25%,4.1
Brazil,2014,Agriculture,4567,55%,3.2
Brazil,2020,Manufacturing,4276,12%,0
India,2018,Services,469,45%,0
Brazil,2016,Agriculture,3399,45%,
Japan,2016,Manufacturing,4015,55%,3.2
Germany,2019,Agriculture,4920,45%,4.1
UK,2016,Services,1476,40%,-2.5
Japan,2018,Manufacturing,4320,25%,3.2
Germany,2014,Services,513,12%,5.6
Brazil,2015,Services,439,40%,0
China,2012,Manufacturing,185,55%,
UK,2010,Manufacturing,2506,55%,3.2
Germany,2020,Agriculture,2321,30%,7.8
France,2021,Services,650,,3.2
Japan,2011,Manufacturing,668,35%,3.2
China,2017,Services,1626,12%,5.6
France,2022,Manufacturing,3819,55%,
Germany,2010,Services,2975,30%,0
Germany,2019,Agriculture,58,40%,5.6
Brazil,2016,Services,1253,45%,5.6
France,2014,Manufacturing,1771,30%,7.8
Japan,2022,Agriculture,643,40%,5.6
UK,2015,Agriculture,3810,,
China,2017,Manufacturing,655,30%,5.6
Brazil,2013,Agriculture,1519,12%,7.8
India,2015,Services,1745,25%,4.1
USA,2023,Services,1356,55%,-2.5
UK,2020,Manufacturing,1737,25%,5.6
Brazil,2012,Services,4033,55%,3.2
China,2016,Manufacturing,3776,30%,5.6
France,2011,Agriculture,1098,30%,4.1
Germany,2021,Services,1785,45%,0
France,2017,Manufacturing,4378,35%,3.2
Brazil,2022,Services,3409,45%,3.2
China,2016,Agriculture,734,25%,-2.5
France,2021,Agriculture,2388,30%,0
France,2021,Services,998,40%,0
USA,2017,Agriculture,3480,12%,0
Japan,2011,Manufacturing,2721,40%,5.6
Brazil,2012,Services,354,,4.1
USA,2021,Services,2447,25%,5.6
Brazil,2013,Agriculture,2050,35%,3.2
India,2021,Manufacturing,2576,55%,-2.5
India,2018,Services,4275,30%,5.6
USA,2021,Services,236,,
UK,2021,Agriculture,1614,30%,
UK,2014,Agriculture,1959,55%,5.6
France,2015,Manufacturing,2332,25%,4.1
France,2010,Manufacturing,327,12%,-2.5
Germany,2013,Agriculture,1532,55%,4.1
India,2023,Manufacturing,4932,40%,0
Brazil,2013,Agriculture,1927,55%,3.2
Germany,2019,Services,4510,,5.6
India,2017,Agriculture,4613,35%,-2.5
USA,2017,Agriculture,1698,,-2.5
UK,2019,Agriculture,1974,35%,4.1
France,2015,Services,2748,40%,0
UK,2017,Manufacturing,3849,12%,4.1
USA,2018,Manufacturing,1347,55%,4.1
Germany,2014,Manufacturing,1401,45%,7.8
Germany,2010,Agriculture,2958,25%,4.1
China,2010,Agriculture,2281,,7.8
France,2011,Manufacturing,2078,30%,7.8
France,2011,Services,1267,55%,4.1
Brazil,2014,Services,321,25%,7.8
France,2016,Services,1373,,5.6
India,2016,Services,2293,55%,4.1
Germany,2013,Agriculture,3002,35%,
USA,2022,Manufacturing,380,12%,
Germany,2013,Services,3607,45%,-2.5
UK,2023,Agriculture,2717,,
India,2023,Agriculture,2596,35%,
France,2020,Agriculture,3521,30%,3.2
Brazil,2019,Manufacturing,1877,12%,4.1
Brazil,2012,Agriculture,1885,35%,
Brazil,2020,Manufacturing,2178,,
Japan,2011,Manufacturing,3986,40%,4.1
China,2012,Manufacturing,2223,25%,4.1
India,2017,Manufacturing,3759,55%,
UK,2010,Agriculture,179,35%,5.6
France,2013,Agriculture,1608,40%,7.8
UK,2016,Agriculture,2311,40%,3.2
UK,2014,Services,3250,,3.2
France,2011,Services,3774,12%,
UK,2010,Manufacturing,3583,55%,
Brazil,2015,Manufacturing,1853,,7.8
USA,2022,Manufacturing,3178,40%,3.2
China,2022,Manufacturing,4743,25%,5.6
Japan,2014,Manufacturing,664,25%,0
UK,2012,Services,3460,45%,5.6
UK,2020,Manufacturing,4568,55%,5.6
Germany,2020,Agriculture,2431,25%,0
China,2020,Manufacturing,1914,35%,7.8
India,2018,Agriculture,2002,25%,7.8
China,2012,Agriculture,737,25%,4.1
China,2011,Agriculture,3977,25%,0
France,2014,Agriculture,4292,40%,
France,2018,Manufacturing,3557,45%,4.1
France,2017,Manufacturing,2109,,5.6
Japan,2015,Manufacturing,2958,12%,-2.5
Brazil,2012,Manufacturing,3354,,3.2
China,2015,Manufacturing,2259,30%,3.2
Japan,2014,Services,1667,25%,3.2
UK,2010,Agriculture,4092,12%,-2.5
France,2014,Agriculture,1949,30%,5.6
UK,2023,Services,2084,55%,7.8
France,2016,Services,3621,12%,
USA,2018,Manufacturing,4023,55%,0
Japan,2021,Manufacturing,3002,30%,3.2
Japan,2010,Agriculture,4697,45%,
Brazil,2012,Manufacturing,775,55%,-2.5
India,2017,Agriculture,3553,55%,
Germany,2015,Manufacturing,3577,35%,0
China,2022,Manufacturing,1227,45%,5.6
India,2014,Agriculture,4135,25%,-2.5
Japan,2022,Services,3459,45%,
India,2019,Services,2390,35%,-2.5
USA,2011,Manufacturing,2533,40%,0
Germany,2012,Services,4311,55%,0
Brazil,2021,Manufacturing,3091,30%,3.2
Japan,2011,Services,3573,,5.6
Japan,2010,Services,4929,45%,0
China,2016,Agriculture,1609,35%,3.2
Brazil,2023,Services,450,,
Brazil,2012,Manufacturing,4260,25%,3.2
France,2016,Agriculture,4496,55%,0
Germany,2021,Services,3381,45%,-2.5
USA,2016,Agriculture,2915,45%,
UK,2017,Services,1299,30%,-2.5
India,2010,Manufacturing,663,,-2.5
Brazil,2014,Manufacturing,4276,40%,3.2
China,2019,Agriculture,2004,40%,-2.5
Japan,2018,Services,4326,55%,5.6
UK,2021,Services,398,40%,-2.5
USA,2020,Agriculture,2568,45%,4.1
Germany,2016,Agriculture,210,55%,
Brazil,2010,Manufacturing,163,40%,
India,2017,Agriculture,1535,35%,-2.5
Brazil,2012,Services,1678,55%,3.2
China,2022,Agriculture,4288,25%,
Brazil,2013,Manufacturing,3733,55%,4.1
Brazil,2013,Agriculture,2548,,4.1
Brazil,2019,Services,2045,45%,7.8
Japan,2023,Agriculture,2159,,5.6
Japan,2021,Agriculture,645,55%,3.2
UK,2017,Agriculture,989,30%,5.6
UK,2010,Manufacturing,1349,55%,5.6
India,2017,Manufacturing,3800,55%,-2.5
Germany,2018,Manufacturing,1202,25%,5.6
USA,2018,Manufacturing,4509,,4.1
France,2014,Services,2144,25%,-2.5
Germany,2013,Services,3066,45%,5.6
Germany,2013,Manufacturing,1447,,
Germany,2018,Manufacturing,2919,45%,4.1
France,2017,Manufacturing,4805,55%,7.8
India,2019,Agriculture,1210,12%,5.6
France,2019,Services,845,,0
India,2021,Agriculture,4180,35%,-2.5
France,2016,Manufacturing,2967,55%,7.8
USA,2021,Services,2589,40%,-2.5
Brazil,2012,Manufacturing,4403,40%,7.8
Germany,2013,Agriculture,2484,35%,-2.5
Brazil,2018,Services,4415,25%,4.1
India,2023,Agriculture,2050,45%,0
France,2022,Services,3168,12%,
USA,2017,Manufacturing,2791,40%,0
France,2021,Services,1003,45%,4.1
Brazil,2021,Agriculture,1775,25%,7.8
Japan,2010,Agriculture,1560,55%,3.2
USA,2012,Agriculture,1636,30%,-2.5
Germany,2023,Agriculture,1791,25%,3.2
China,2021,Manufacturing,2508,12%,5.6
Germany,2019,Agriculture,2942,55%,0
China,2011,Manufacturing,2024,,4.1
USA,2011,Services,1442,40%,-2.5
Japan,2022,Agriculture,3387,55%,0
Brazil,2022,Services,2882,12%,5.6
Japan,2017,Services,839,40%,
India,2015,Manufacturing,349,45%,7.8
Japan,2021,Agriculture,3900,55%,-2.5
UK,2021,Manufacturing,1371,45%,4.1
USA,2021,Agriculture,4519,35%,-2.5
Brazil,2022,Services,2159,12%,-2.5
Brazil,2015,Manufacturing,2435,35%,7.8
India,2013,Agriculture,3496,55%,0
Brazil,2010,Services,4619,12%,7.8
Japan,2020,Manufacturing,4257,55%,
USA,2016,Manufacturing,668,40%,0
Germany,2017,Manufacturing,4940,12%,
Japan,2011,Manufacturing,932,45%,-2.5
France,2011,Services,1753,25%,7.8
China,2010,Services,2845,,
USA,2013,Services,2469,25%,4.1
Brazil,2015,Services,4741,30%,4.1
India,2023,Agriculture,3878,12%,4.1
Germany,2014,Services,557,40%,5.6
UK,2013,Manufacturing,2085,35%,7.8
Germany,2023,Manufacturing,1467,12%,0
Japan,2013,Manufacturing,2910,45%,-2.5
China,2019,Manufacturing,3629,,0
Germany,2016,Agriculture,2435,30%,3.2
UK,2016,Manufacturing,1336,30%,-2.5
France,2011,Manufacturing,975,35%,5.6
India,2022,Manufacturing,278,12%,5.6
USA,2016,Services,1818,40%,3.2
China,2011,Services,2471,,0
UK,2013,Agriculture,4962,,4.1
Brazil,2010,Agriculture,3306,40%,5.6
Japan,2014,Agriculture,4592,12%,0
Japan,2010,Manufacturing,3202,55%,-2.5
Japan,2013,Agriculture,4943,45%,7.8
Brazil,2022,Services,1283,45%,4.1
Brazil,2018,Services,3085,40%,-2.5
China,2022,Services,2646,25%,0
Germany,2021,Manufacturing,1359,55%,
China,2017,Manufacturing,518,40%,3.2
Japan,2015,Agriculture,2466,35%,
France,2017,Agriculture,3845,,-2.5
UK,2014,Agriculture,903,30%,4.1
USA,2016,Agriculture,1173,25%,5.6
USA,2017,Manufacturing,1670,30%,4.1
China,2016,Services,3081,45%,-2.5
Japan,2023,Manufacturing,4870,12%,-2.5
Brazil,2013,Agriculture,4024,55%,-2.5
India,2014,Manufacturing,3079,45%,3.2
France,2022,Services,1520,45%,4.1
China,2023,Manufacturing,2511,55%,0
Japan,2019,Services,142,45%,3.2
Germany,2015,Agriculture,1326,30%,5.6
USA,2023,Manufacturing,3771,30%,4.1
USA,2023,Agriculture,4706,25%,0
France,2021,Agriculture,1706,40%,5.6
USA,2020,Services,3160,30%,4.1
India,2015,Services,4691,55%,0
Japan,2022,Agriculture,3479,45%,0
Japan,2018,Services,4923,45%,
France,2019,Services,237,55%,-2.5
Japan,2023,Agriculture,4753,12%,-2.5
Brazil,2023,Agriculture,4820,30%,3.2
France,2011,Services,2395,35%,0
Japan,2015,Agriculture,1153,55%,5.6
India,2022,Agriculture,2276,12%,-2.5
UK,2012,Services,1330,,
China,2023,Manufacturing,4363,45%,5.6
China,2011,Manufacturing,4143,25%,
Japan,2015,Agriculture,2364,,-2.5
Germany,2013,Services,1390,40%,0
USA,2014,Agriculture,640,45%,5.6
India,2014,Services,728,45%,3.2
Germany,2012,Agriculture,665,,4.1
Brazil,2021,Agriculture,899,12%,3.2
Germany,2013,Services,2057,55%,3.2
Japan,2012,Agriculture,4872,30%,-2.5
India,2016,Manufacturing,4220,35%,-2.5
China,2010,Manufacturing,2834,35%,3.2
USA,2015,Services,385,30%,5.6
China,2013,Agriculture,853,55%,-2.5
Germany,2010,Manufacturing,412,40%,3.2
Brazil,2010,Services,2071,30%,-2.5
USA,2014,Services,2619,30%,7.8
UK,2023,Services,3080,55%,5.6
Germany,2014,Manufacturing,2125,25%,0
China,2019,Manufacturing,3436,55%,5.6
China,2016,Manufacturing,954,40%,4.1
Japan,2022,Manufacturing,4508,25%,0
China,2021,Agriculture,2135,55%,3.2
India,2013,Manufacturing,2761,40%,-2.5
Germany,2023,Services,3754,40%,3.2
France,2018,Agriculture,193,25%,
France,2013,Manufacturing,3699,55%,0
Brazil,2016,Agriculture,3318,55%,7.8
USA,2014,Services,1119,35%,0
China,2014,Manufacturing,2235,45%,-2.5
Japan,2015,Agriculture,2587,45%,7.8
Japan,2017,Manufacturing,4486,25%,-2.5
China,2014,Agriculture,351,12%,7.8
India,2012,Agriculture,2215,30%,-2.5
Japan,2015,Services,1810,,0
France,2023,Services,4296,35%,0
USA,2021,Manufacturing,2704,30%,0
Germany,2023,Manufacturing,4917,55%,0
UK,2011,Agriculture,1498,35%,7.8
India,2021,Services,681,12%,4.1
Brazil,2021,Services,411,35%,5.6
Brazil,2017,Agriculture,4241,12%,5.6
Japan,2017,Services,4437,,4.1
Germany,2012,Services,2124,12%,3.2
UK,2021,Agriculture,4450,12%,5.6
Brazil,2017,Manufacturing,2820,40%,3.2
China,2018,Manufacturing,2967,12%,0
China,2014,Manufacturing,818,12%,-2.5
USA,2014,Agriculture,1035,55%,5.6
UK,2015,Manufacturing,254,35%,5.6
China,2016,Agriculture,916,45%,0
Brazil,2012,Agriculture,2675,45%,0
China,2014,Services,711,30%,5.6
France,2010,Services,728,55%,0
Japan,2020,Manufacturing,349,25%,5.6
Brazil,2019,Agriculture,307,,-2.5
Brazil,2014,Manufacturing,2812,40%,
Brazil,2013,Manufacturing,289,30%,-2.5
USA,2010,Services,3350,12%,3.2
Germany,2016,Manufacturing,3595,35%,5.6
Brazil,2010,Manufacturing,2315,12%,
China,2022,Services,2562,40%,-2.5
France,2017,Manufacturing,4340,30%,
Brazil,2023,Manufacturing,4501,12%,4.1
India,2019,Agriculture,4710,30%,-2.5
India,2021,Manufacturing,4453,45%,4.1
Germany,2011,Services,458,12%,4.1
UK,2019,Services,570,30%,7.8
USA,2022,Agriculture,2582,40%,
France,2021,Services,3934,35%,-2.5
Japan,2014,Services,1926,35%,3.2
France,2022,Services,2791,45%,-2.5
India,2015,Manufacturing,3582,55%,0
India,2018,Agriculture,700,45%,7.8
Germany,2023,Agriculture,2894,45%,5.6
UK,2016,Agriculture,2208,40%,3.2
UK,2015,Agriculture,2701,12%,
Germany,2014,Services,2317,25%,
Brazil,2015,Manufacturing,1078,,-2.5
France,2023,Services,1605,55%,5.6
India,2020,Services,4814,55%,-2.5
France,2013,Services,562,40%,7.8
France,2010,Services,1285,55%,4.1
USA,2021,Agriculture,168,12%,5.6
India,2018,Agriculture,4530,30%,0
UK,2020,Manufacturing,309,45%,
Japan,2014,Services,1248,,0
France,2017,Agriculture,2199,40%,
India,2016,Manufacturing,2482,40%,5.6
France,2017,Services,1009,12%,0
USA,2010,Services,2998,35%,3.2
Brazil,2018,Agriculture,615,25%,
China,2010,Services,4152,30%,7.8
India,2012,Services,2429,25%,3.2
Germany,2017,Agriculture,3500,,5.6
China,2021,Manufacturing,494,12%,3.2
France,2020,Manufacturing,3589,45%,
Germany,2010,Agriculture,2758,55%,7.8
Germany,2023,Agriculture,2385,,7.8
Germany,2010,Manufacturing,1085,,
India,2015,Manufacturing,3094,35%,4.1
UK,2014,Agriculture,1336,35%,5.6
France,2020,Agriculture,1508,40%,
China,2015,Agriculture,2270,40%,3.2
USA,2012,Services,1680,,
UK,2019,Agriculture,4077,40%,7.8
France,2021,Services,3166,30%,5.6
Brazil,2019,Manufacturing,3004,25%,
Brazil,2015,Manufacturing,4882,,7.8
India,2011,Agriculture,4562,45%,
Germany,2017,Agriculture,313,55%,-2.5
USA,2021,Manufacturing,4249,40%,-2.5
France,2015,Manufacturing,270,25%,7.8
China,2022,Manufacturing,383,45%,5.6
France,2022,Manufacturing,4563,55%,-2.5
UK,2013,Agriculture,1374,12%,7.8
Brazil,2013,Services,2732,45%,
Japan,2023,Manufacturing,1010,,0
UK,2020,Manufacturing,1530,,
France,2016,Services,485,35%,3.2
USA,2023,Agriculture,2491,40%,7.8
France,2012,Services,92,45%,4.1
France,2020,Agriculture,1015,45%,-2.5
India,2012,Agriculture,4156,,7.8
China,2015,Agriculture,265,,
USA,2018,Agriculture,3285,30%,4.1
France,2010,Agriculture,4370,45%,5.6
Germany,2014,Manufacturing,2755,55%,-2.5
China,2010,Agriculture,822,55%,5.6
UK,2010,Manufacturing,1872,12%,5.6
USA,2012,Agriculture,4161,12%,
UK,2012,Manufacturing,3205,55%,5.6
Brazil,2013,Services,3330,30%,4.1
France,2012,Services,107,40%,4.1
UK,2015,Manufacturing,4996,30%,7.8
UK,2021,Agriculture,3739,55%,-2.5
India,2013,Manufacturing,4793,30%,5.6
UK,2017,Manufacturing,1893,25%,0
Germany,2010,Agriculture,510,45%,3.2
Germany,2017,Services,3710,45%,4.1
China,2020,Manufacturing,1018,35%,7.8
France,2010,Services,3865,55%,0
Japan,2020,Services,2789,55%,4.1
Brazil,2010,Services,339,30%,-2.5
UK,2016,Manufacturing,3335,30%,3.2
UK,2010,Manufacturing,1170,12%,4.1
USA,2018,Agriculture,782,,4.1
India,2023,Agriculture,3626,12%,5.6
Japan,2017,Manufacturing,3832,,0
China,2022,Agriculture,4721,45%,0
Brazil,2010,Services,4987,45%,5.6
Japan,2011,Services,2841,,
UK,2011,Manufacturing,2088,55%,
USA,2011,Services,3568,45%,5.6
France,2015,Manufacturing,3905,55%,4.1
India,2013,Manufacturing,4108,30%,0
France,2017,Manufacturing,4485,40%,-2.5
China,2010,Services,3567,35%,7.8
Japan,2019,Manufacturing,2206,35%,-2.5
China,2023,Manufacturing,2927,25%,-2.5
UK,2013,Agriculture,1117,12%,7.8
China,2019,Services,4487,40%,-2.5
France,2020,Manufacturing,3100,25%,3.2
USA,2014,Agriculture,3970,35%,5.6
China,2018,Manufacturing,1177,45%,0
Germany,2014,Services,4117,40%,7.8
USA,2022,Agriculture,1040,12%,-2.5
Japan,2020,Agriculture,3536,12%,0
India,2012,Manufacturing,4777,25%,
India,2020,Manufacturing,1475,12%,3.2
UK,2013,Services,1507,35%,-2.5
UK,2019,Services,3504,30%,-2.5
Germany,2016,Manufacturing,1101,45%,-2.5
Japan,2010,Agriculture,2637,25%,3.2
France,2020,Services,3307,45%,5.6
India,2015,Services,2292,,0
India,2017,Agriculture,4917,25%,4.1
India,2010,Manufacturing,921,,4.1
France,2017,Services,177,55%,-2.5
India,2016,Agriculture,155,40%,
China,2010,Services,1456,12%,-2.5
Japan,2018,Agriculture,3844,30%,3.2
USA,2020,Services,3470,55%,3.2
USA,2012,Manufacturing,2411,,0
Germany,2011,Agriculture,3644,12%,0
China,2016,Services,1050,55%,
India,2020,Services,3481,45%,-2.5
India,2012,Agriculture,4529,35%,4.1
UK,2010,Agriculture,4162,25%,
UK,2019,Manufacturing,1443,12%,
Germany,2022,Agriculture,1921,30%,
India,2012,Services,1139,30%,-2.5
Germany,2015,Manufacturing,4216,25%,-2.5
China,2012,Agriculture,3182,30%,-2.5
USA,2014,Services,4589,35%,-2.5
India,2018,Agriculture,3066,30%,
Japan,2016,Services,2580,55%,3.2
France,2011,Services,3365,40%,4.1
China,2010,Manufacturing,3942,40%,5.6
India,2016,Manufacturing,2614,45%,0
France,2013,Agriculture,1443,,3.2
Japan,2020,Manufacturing,3142,25%,7.8
UK,2016,Agriculture,2795,,7.8
Germany,2015,Manufacturing,770,55%,7.8
UK,2016,Manufacturing,4376,30%,0
USA,2013,Agriculture,3647,,-2.5
UK,2012,Manufacturing,3815,12%,7.8
India,2021,Manufacturing,3199,40%,7.8
Japan,2014,Manufacturing,3930,25%,5.6
UK,2012,Manufacturing,4708,40%,3.2
India,2023,Agriculture,4914,25%,
USA,2012,Services,339,30%,0
France,2013,Agriculture,4068,40%,0
Japan,2017,Agriculture,444,30%,5.6
UK,2011,Agriculture,425,12%,4.1
Germany,2013,Manufacturing,4927,35%,7.8
Germany,2020,Manufacturing,2189,55%,
Japan,2012,Services,2024,,
Germany,2016,Manufacturing,2508,,5.6
UK,2011,Services,4551,25%,-2.5
UK,2010,Services,2729,55%,7.8
Japan,2019,Manufacturing,3659,,4.1
UK,2010,Services,2250,45%,
France,2015,Agriculture,4446,55%,0
India,2012,Agriculture,462,55%,
USA,2016,Agriculture,1428,40%,3.2
France,2017,Services,1143,,5.6
France,2014,Services,4736,40%,
Germany,2014,Agriculture,760,12%,
India,2021,Manufacturing,3500,40%,
Japan,2011,Agriculture,3536,30%,4.1
Brazil,2017,Manufacturing,4942,,5.6
Germany,2019,Manufacturing,3549,55%,0
India,2022,Services,3277,40%,
UK,2010,Services,1661,,4.1
Japan,2019,Manufacturing,780,30%,
Brazil,2018,Manufacturing,659,,7.8
Japan,2010,Manufacturing,2390,35%,4.1
Brazil,2010,Services,1517,30%,7.8
Brazil,2010,Agriculture,1608,55%,7.8
Germany,2016,Manufacturing,2569,45%,
UK,2013,Services,279,,
Germany,2021,Agriculture,4502,55%,
Brazil,2016,Services,590,,3.2
Brazil,2014,Agriculture,2924,12%,4.1
China,2021,Services,985,45%,3.2
India,2023,Agriculture,3142,12%,7.8
China,2016,Manufacturing,3696,,3.2
India,2019,Services,2742,35%,5.6
USA,2023,Agriculture,4672,40%,4.1
France,2016,Agriculture,3119,35%,
Japan,2013,Agriculture,4768,12%,7.8
Germany,2011,Manufacturing,2948,40%,3.2
USA,2017,Services,3457,35%,
USA,2011,Agriculture,4569,,
Japan,2018,Manufacturing,1948,30%,5.6
Japan,2014,Manufacturing,53,12%,5.6
India,2018,Manufacturing,4614,40%,3.2
China,2018,Manufacturing,4809,25%,7.8
UK,2023,Manufacturing,3675,55%,7.8
India,2017,Manufacturing,2984,25%,4.1
UK,2017,Manufacturing,4683,30%,3.2
USA,2013,Services,2457,35%,3.2
UK,2023,Services,2617,12%,-2.5
China,2013,Manufacturing,1146,12%,5.6
India,2023,Agriculture,2035,40%,7.8
Brazil,2011,Agriculture,3199,,0
Japan,2013,Agriculture,1407,30%,5.6
Brazil,2013,Manufacturing,128,12%,
China,2015,Agriculture,1624,12%,7.8
France,2012,Services,1655,30%,
China,2011,Services,4301,55%,-2.5
France,2017,Services,3036,45%,5.6
India,2011,Services,77,40%,5.6
Japan,2017,Manufacturing,1960,30%,
China,2016,Services,4755,30%,4.1
Brazil,2012,Agriculture,1402,25%,7.8
France,2015,Agriculture,3784,30%,0
Japan,2015,Services,468,35%,3.2
Germany,2019,Services,4167,12%,0
Germany,2023,Services,310,25%,
Germany,2014,Agriculture,2157,45%,4.1
UK,2022,Agriculture,3034,25%,4.1
China,2017,Services,4341,35%,-2.5
India,2020,Agriculture,954,40%,5.6
Brazil,2021,Agriculture,2276,12%,
India,2014,Manufacturing,3903,40%,4.1
UK,2016,Services,4470,40%,
India,2015,Services,617,30%,4.1
France,2020,Manufacturing,828,35%,7.8
Germany,2016,Manufacturing,975,40%,5.6
Brazil,2022,Agriculture,3288,40%,3.2
China,2018,Manufacturing,3529,12%,0
India,2012,Services,1665,30%,0
India,2019,Services,1899,45%,-2.5
USA,2016,Services,1993,,7.8
USA,2022,Agriculture,2420,35%,3.2
USA,2019,Agriculture,91,25%,4.1
China,2012,Services,3240,,
Germany,2022,Services,4719,40%,3.2
Japan,2011,Agriculture,1870,45%,7.8
Germany,2021,Agriculture,490,35%,4.1
Brazil,2016,Manufacturing,153,,-2.5
Germany,2013,Agriculture,618,12%,
China,2010,Agriculture,506,,3.2
France,2015,Services,360,45%,-2.5
France,2020,Services,1957,12%,4.1
China,2015,Services,1757,,7.8
USA,2015,Manufacturing,3505,40%,7.8
India,2011,Agriculture,1741,30%,7.8
UK,2010,Manufacturing,4552,55%,3.2
UK,2012,Agriculture,2942,30%,7.8
Japan,2021,Agriculture,630,25%,3.2
India,2023,Services,2065,30%,-2.5
Japan,2011,Agriculture,4105,12%,5.6
USA,2015,Manufacturing,2694,35%,-2.5
Japan,2022,Services,1910,55%,4.1
India,2021,Manufacturing,3734,45%,3.2
Brazil,2015,Manufacturing,3925,35%,4.1
India,2022,Services,3341,40%,0
UK,2014,Agriculture,3281,45%,0
France,2019,Manufacturing,236,55%,
USA,2019,Agriculture,2993,40%,5.6
Brazil,2014,Services,4077,35%,7.8
China,2018,Agriculture,1672,30%,-2.5
Brazil,2023,Agriculture,2561,40%,-2.5
Brazil,2014,Services,2427,12%,3.2
Japan,2022,Agriculture,1940,40%,
UK,2019,Manufacturing,4635,,5.6
Japan,2015,Manufacturing,329,35%,7.8
Japan,2020,Manufacturing,904,25%,5.6
China,2013,Agriculture,447,12%,4.1
USA,2019,Manufacturing,4573,25%,0
India,2023,Agriculture,3553,35%,
Germany,2023,Agriculture,4520,35%,5.6
Japan,2010,Agriculture,3921,45%,4.1
Germany,2013,Agriculture,3845,30%,7.8
USA,2011,Services,681,35%,
Germany,2019,Manufacturing,3086,40%,7.8
Japan,2012,Manufacturing,4842,40%,-2.5
China,2016,Agriculture,977,40%,-2.5
Germany,2016,Services,2077,12%,7.8
USA,2010,Agriculture,1715,40%,-2.5
USA,2017,Manufacturing,127,25%,-2.5
France,2016,Manufacturing,4633,30%,-2.5
France,2010,Services,3291,,4.1
China,2017,Agriculture,1111,,7.8
Germany,2023,Services,3411,55%,-2.5
Germany,2023,Agriculture,4316,25%,0
France,2011,Services,4787,,
India,2017,Manufacturing,1749,,7.8
UK,2012,Services,341,45%,5.6
USA,2019,Manufacturing,630,55%,
India,2016,Manufacturing,4567,,4.1
USA,2022,Agriculture,4250,,4.1
Brazil,2015,Services,929,55%,3.2
Brazil,2014,Services,1532,35%,
India,2020,Services,2345,,4.1
Brazil,2019,Services,3494,45%,3.2
France,2023,Agriculture,1179,45%,0
France,2020,Agriculture,364,35%,7.8
UK,2011,Agriculture,658,,5.6
India,2011,Manufacturing,3975,12%,7.8
USA,2022,Manufacturing,3042,35%,5.6
Germany,2021,Manufacturing,2636,45%,5.6
USA,2010,Agriculture,2169,30%,7.8
Japan,2023,Manufacturing,427,55%,
France,2018,Services,183,40%,-2.5
China,2020,Manufacturing,3295,12%,3.2
China,2017,Agriculture,1866,40%,-2.5
France,2017,Agriculture,4538,40%,3.2
Japan,2010,Agriculture,3185,40%,-2.5
China,2014,Agriculture,4560,,7.8
Brazil,2021,Services,1186,45%,7.8
France,2015,Manufacturing,1801,30%,5.6
China,2011,Manufacturing,339,45%,0
France,2019,Agriculture,1556,40%,7.8
UK,2014,Manufacturing,1388,35%,3.2
Germany,2015,Services,2941,25%,5.6
Germany,2018,Agriculture,2034,45%,3.2
USA,2019,Manufacturing,801,30%,-2.5
Japan,2010,Manufacturing,3639,25%,0
France,2022,Manufacturing,798,30%,7.8
India,2019,Manufacturing,414,12%,-2.5
USA,2012,Agriculture,316,55%,5.6
USA,2021,Agriculture,4551,25%,3.2
France,2018,Services,3871,30%,
France,2023,Agriculture,4284,25%,4.1
USA,2010,Manufacturing,1238,25%,0
USA,2010,Manufacturing,3227,25%,7.8
Germany,2010,Manufacturing,3270,30%,3.2
India,2016,Services,2880,25%,7.8
Brazil,2022,Agriculture,752,30%,7.8
USA,2014,Agriculture,1748,12%,3.2
Brazil,2015,Agriculture,250,,7.8
Germany,2022,Manufacturing,4763,,5.6
USA,2023,Manufacturing,3848,45%,0
China,2017,Manufacturing,2063,55%,-2.5
USA,2023,Services,3591,30%,0
France,2022,Services,2059,40%,-2.5
Japan,2011,Manufacturing,3555,45%,5.6
Japan,2022,Services,3150,12%,0
USA,2011,Services,4209,12%,5.6
UK,2012,Services,3787,25%,3.2
China,2022,Agriculture,1761,30%,-2.5
India,2012,Services,4396,30%,3.2
USA,2022,Manufacturing,1779,40%,3.2
Brazil,2012,Agriculture,3400,12%,0
India,2013,Services,4184,30%,7.8
China,2012,Manufacturing,118,40%,4.1
USA,2011,Services,4422,30%,7.8
UK,2018,Manufacturing,3241,12%,5.6
Germany,2015,Manufacturing,1159,25%,0
UK,2012,Services,3068,30%,3.2
France,2018,Services,2703,12%,
UK,2013,Agriculture,390,12%,5.6
Brazil,2013,Services,470,12%,3.2
Germany,2017,Manufacturing,2325,35%,5.6
France,2016,Agriculture,1968,40%,
Germany,2016,Manufacturing,522,,-2.5
Japan,2019,Manufacturing,2185,45%,5.6
Germany,2016,Services,3471,35%,5.6
USA,2019,Manufacturing,3078,40%,3.2
India,2020,Services,2137,40%,4.1
Japan,2014,Manufacturing,3408,45%,7.8
Japan,2016,Agriculture,305,25%,3.2
India,2013,Services,3919,25%,0
Brazil,2017,Agriculture,1493,,3.2
Japan,2018,Services,588,45%,4.1
Germany,2022,Agriculture,3437,45%,4.1
UK,2021,Services,1873,,
China,2012,Agriculture,907,55%,7.8
Brazil,2016,Agriculture,181,45%,0
Germany,2021,Services,2965,45%,
France,2019,Services,4886,25%,4.1
France,2018,Manufacturing,2636,25%,4.1
UK,2010,Manufacturing,3424,12%,7.8
Brazil,2011,Services,2081,12%,4.1
Brazil,2016,Services,1975,40%,0
UK,2022,Agriculture,2051,40%,4.1
Brazil,2011,Agriculture,4427,25%,3.2
Japan,2016,Manufacturing,2377,40%,7.8
USA,2010,Manufacturing,3621,30%,
USA,2012,Manufacturing,3421,12%,
Brazil,2014,Agriculture,4031,35%,7.8
Japan,2023,Agriculture,715,35%,
Japan,2021,Agriculture,1696,,
India,2023,Manufacturing,4616,12%,4.1
India,2020,Services,4557,12%,-2.5
China,2015,Manufacturing,4658,40%,-2.5
China,2022,Agriculture,1213,45%,5.6
China,2018,Manufacturing,2975,30%,4.1
China,2018,Manufacturing,4564,45%,-2.5
UK,2012,Manufacturing,4048,30%,7.8
UK,2023,Manufacturing,874,30%,5.6
India,2017,Agriculture,782,35%,3.2
USA,2022,Manufacturing,4536,30%,4.1
Japan,2013,Agriculture,1637,40%,5.6
France,2016,Manufacturing,3714,,
USA,2015,Agriculture,4806,35%,0
Germany,2017,Services,76,45%,4.1
UK,2015,Agriculture,2720,40%,5.6
China,2013,Agriculture,933,45%,-2.5
China,2011,Services,176,,4.1
Germany,2016,Services,1529,45%,4.1
USA,2020,Services,2378,12%,3.2
China,2022,Services,368,25%,0
USA,2020,Services,2538,40%,5.6
Japan,2013,Services,390,35%,3.2
Germany,2022,Manufacturing,4839,30%,-2.5
France,2018,Manufacturing,4264,55%,4.1
USA,2018,Services,4923,,3.2
Japan,2016,Agriculture,4145,40%,3.2
Brazil,2014,Agriculture,4530,45%,0
Brazil,2012,Services,1655,12%,7.8
USA,2012,Manufacturing,4231,35%,-2.5
Brazil,2018,Manufacturing,2458,45%,0
USA,2018,Agriculture,3103,30%,0
China,2021,Services,2889,12%,0
India,2022,Manufacturing,1158,35%,7.8
Brazil,2020,Services,4504,30%,7.8
UK,2013,Services,3254,35%,4.1
USA,2020,Agriculture,3262,55%,5.6
USA,2010,Services,4592,55%,5.6
USA,2022,Services,1975,35%,-2.5
India,2019,Agriculture,1128,12%,
Japan,2014,Manufacturing,4450,45%,-2.5
Brazil,2023,Services,2026,40%,7.8
France,2017,Agriculture,2868,30%,7.8
France,2019,Manufacturing,4679,40%,7.8
Germany,2013,Services,2132,,4.1
China,2019,Manufacturing,3610,30%,0
India,2019,Agriculture,2779,45%,7.8
Japan,2013,Services,1213,35%,0
USA,2022,Agriculture,1064,40%,0
Japan,2021,Agriculture,4786,45%,-2.5
India,2023,Services,3494,55%,4.1
India,2018,Agriculture,808,45%,3.2
India,2018,Manufacturing,3144,25%,5.6
Germany,2016,Agriculture,4429,55%,5.6
UK,2019,Services,162,55%,4.1
China,2017,Services,2470,35%,-2.5
Germany,2021,Manufacturing,4342,35%,-2.5
Germany,2021,Services,871,45%,7.8
Brazil,2013,Agriculture,3689,45%,7.8
UK,2017,Agriculture,2495,35%,7.8
Germany,2023,Services,2249,30%,0
India,2015,Manufacturing,4336,12%,0
India,2022,Manufacturing,1869,45%,7.8
Brazil,2012,Services,326,12%,4.1
Japan,2016,Agriculture,1316,40%,0
USA,2012,Services,325,30%,-2.5
Germany,2020,Services,2961,55%,7.8
USA,2016,Manufacturing,1380,,5.6
China,2014,Agriculture,1943,,5.6
France,2013,Manufacturing,2393,25%,
India,2012,Manufacturing,3355,12%,0
Japan,2017,Agriculture,2438,45%,5.6
China,2013,Agriculture,642,,7.8
Brazil,2017,Agriculture,1437,40%,4.1
Japan,2019,Services,4045,35%,5.6
France,2012,Agriculture,1584,35%,-2.5
France,2019,Services,4159,25%,0
Brazil,2022,Manufacturing,1113,25%,5.6
UK,2018,Agriculture,3155,30%,0
Brazil,2015,Services,3954,55%,-2.5
India,2014,Services,3355,40%,5.6
China,2014,Services,1953,30%,
UK,2022,Services,3411,12%,7.8
France,2012,Manufacturing,904,25%,3.2
China,2011,Agriculture,3554,55%,4.1
Japan,2015,Agriculture,2945,40%,5.6
UK,2020,Agriculture,4100,55%,-2.5
UK,2010,Agriculture,3862,55%,
India,2023,Agriculture,1965,,
Brazil,2016,Agriculture,3048,,3.2
USA,2014,Services,1391,45%,
Japan,2013,Agriculture,2737,25%,5.6
Japan,2018,Services,1911,,0
Brazil,2019,Manufacturing,2505,40%,-2.5
UK,2010,Services,3842,35%,5.6
UK,2020,Manufacturing,2913,55%,4.1
India,2013,Agriculture,3201,35%,4.1
USA,2012,Manufacturing,3928,30%,-2.5
Japan,2015,Manufacturing,3112,45%,7.8
France,2014,Services,1358,12%,3.2
Germany,2016,Services,1751,45%,3.2
Germany,2022,Manufacturing,4463,45%,7.8
USA,2010,Manufacturing,4555,25%,3.2
China,2022,Agriculture,3263,55%,3.2
India,2014,Services,2068,45%,
USA,2023,Manufacturing,296,55%,4.1
Brazil,2011,Services,2274,30%,7.8
Brazil,2011,Agriculture,2908,35%,0
Germany,2020,Agriculture,1417,12%,
UK,2020,Manufacturing,4409,40%,3.2
Germany,2011,Agriculture,4313,12%,0
UK,2018,Manufacturing,752,35%,-2.5
India,2019,Services,1973,25%,-2.5
UK,2012,Services,1600,35%,4.1
USA,2013,Manufacturing,1383,30%,3.2
UK,2014,Manufacturing,1848,,-2.5
China,2023,Manufacturing,3505,35%,7.8
Brazil,2013,Services,3415,,3.2
USA,2013,Services,713,25%,7.8
Brazil,2014,Agriculture,2677,30%,4.1
India,2019,Agriculture,2134,40%,0
USA,2018,Services,2985,25%,5.6
China,2021,Services,4692,45%,5.6
India,2018,Manufacturing,4791,55%,
Germany,2023,Services,4818,12%,4.1
China,2023,Services,4517,25%,3.2
India,2015,Agriculture,4881,,4.1
France,2020,Agriculture,2199,25%,7.8
UK,2021,Manufacturing,3476,45%,5.6
USA,2023,Agriculture,529,45%,3.2
India,2012,Manufacturing,3007,40%,4.1
USA,2015,Services,3780,55%,
UK,2019,Services,1400,25%,4.1
India,2013,Manufacturing,4062,25%,5.6
Germany,2012,Agriculture,749,30%,4.1
France,2015,Agriculture,2697,45%,
France,2020,Services,1771,35%,5.6
China,2015,Agriculture,3209,55%,-2.5
India,2011,Manufacturing,383,25%,4.1
UK,2018,Services,713,30%,4.1
India,2017,Agriculture,828,12%,4.1
USA,2015,Services,1273,40%,3.2
Japan,2010,Services,3504,12%,
Brazil,2021,Agriculture,3549,,
India,2011,Manufacturing,2547,45%,5.6
France,2013,Agriculture,990,,
France,2016,Agriculture,2683,12%,3.2
Brazil,2018,Agriculture,1066,45%,-2.5
France,2019,Agriculture,4650,40%,3.2
Germany,2014,Agriculture,4583,40%,4.1
India,2019,Agriculture,3771,30%,-2.5
China,2011,Manufacturing,55,35%,4.1
India,2022,Services,2316,40%,5.6
Japan,2020,Manufacturing,4037,45%,
France,2020,Agriculture,3842,25%,
USA,2020,Manufacturing,562,12%,5.6
France,2010,Services,3310,25%,5.6
India,2019,Manufacturing,1024,12%,-2.5
Germany,2023,Agriculture,2866,12%,0
UK,2022,Services,1026,45%,-2.5
India,2023,Agriculture,2783,40%,-2.5
India,2010,Agriculture,670,40%,4.1
China,2014,Services,4700,55%,
Germany,2023,Services,4695,12%,7.8
Japan,2016,Agriculture,3891,30%,5.6
UK,2018,Manufacturing,643,12%,5.6
France,2018,Services,1469,,4.1
USA,2017,Manufacturing,1992,55%,7.8
India,2010,Manufacturing,672,25%,
Japan,2014,Services,3898,30%,0
UK,2015,Manufacturing,4579,12%,3.2
USA,2015,Services,3969,40%,5.6
Japan,2013,Services,367,45%,5.6
Germany,2010,Services,2632,55%,-2.5
Germany,2012,Services,1574,55%,0
UK,2019,Manufacturing,942,,0
France,2013,Manufacturing,677,12%,
Brazil,2013,Services,4303,25%,0
USA,2022,Services,3071,25%,0
Germany,2013,Services,1504,40%,7.8
Brazil,2023,Services,2821,35%,-2.5
UK,2014,Agriculture,602,35%,4.1
Germany,2022,Manufacturing,3640,45%,
Germany,2020,Manufacturing,2555,40%,4.1
Japan,2018,Services,2135,,7.8
Brazil,2013,Agriculture,725,12%,7.8
Japan,2018,Agriculture,1643,25%,3.2
Germany,2018,Agriculture,4447,35%,-2.5
Brazil,2010,Services,2732,12%,0
China,2014,Agriculture,3828,,
Brazil,2018,Services,3314,12%,-2.5
Japan,2013,Agriculture,1987,25%,0
USA,2014,Services,665,12%,3.2
UK,2013,Services,4277,55%,5.6
UK,2022,Manufacturing,1681,35%,7.8
France,2011,Services,994,45%,3.2
USA,2019,Agriculture,3526,35%,7.8
USA,2011,Manufacturing,520,12%,
USA,2011,Agriculture,2005,55%,0
France,2022,Services,2446,35%,
USA,2010,Manufacturing,3956,25%,0
India,2012,Services,2140,55%,4.1
France,2023,Services,2873,,3.2
UK,2020,Agriculture,2579,35%,5.6
India,2019,Agriculture,4223,30%,5.6
France,2010,Agriculture,1109,30%,7.8
Germany,2013,Manufacturing,696,12%,0
Germany,2010,Agriculture,1403,25%,0
UK,2013,Services,2749,40%,5.6
Germany,2012,Manufacturing,813,12%,4.1
USA,2018,Agriculture,4121,30%,0
France,2010,Agriculture,2376,30%,
India,2023,Agriculture,508,,0
USA,2017,Services,741,12%,3.2
Germany,2020,Agriculture,2622,,5.6
Japan,2018,Services,2589,25%,4.1
Brazil,2021,Manufacturing,4219,55%,5.6
India,2016,Agriculture,868,35%,
USA,2010,Services,4300,30%,4.1
France,2013,Agriculture,568,55%,
UK,2019,Agriculture,4520,30%,-2.5
USA,2010,Manufacturing,4041,40%,
Japan,2013,Manufacturing,392,30%,5.6
Germany,2012,Services,4693,30%,5.6
India,2011,Services,2843,,
UK,2010,Services,3224,25%,-2.5
India,2015,Manufacturing,4581,,0
UK,2021,Services,493,35%,0
Brazil,2016,Manufacturing,4624,25%,7.8
France,2015,Manufacturing,3754,45%,0
India,2018,Agriculture,1950,45%,5.6
Germany,2021,Agriculture,1567,30%,7.8
France,2018,Services,4182,55%,7.8
France,2011,Manufacturing,1606,30%,
Brazil,2011,Manufacturing,147,25%,
UK,2018,Manufacturing,2911,40%,0
China,2010,Agriculture,1094,35%,7.8
India,2014,Manufacturing,517,30%,-2.5
India,2010,Services,403,30%,4.1
USA,2016,Services,121,55%,7.8
UK,2018,Agriculture,1425,45%,3.2
Japan,2015,Services,1125,45%,-2.5
China,2023,Manufacturing,1295,45%,5.6
Germany,2011,Manufacturing,1073,55%,0
USA,2015,Services,1870,35%,0
Brazil,2018,Agriculture,1039,45%,
China,2012,Manufacturing,4605,40%,3.2
UK,2018,Manufacturing,2598,55%,0
China,2017,Agriculture,4862,55%,5.6
Brazil,2022,Manufacturing,4512,30%,7.8
France,2021,Services,3771,12%,0
India,2016,Services,3157,12%,5.6
France,2017,Agriculture,4752,40%,
India,2019,Agriculture,2625,,-2.5
USA,2015,Services,3096,35%,4.1
Brazil,2012,Agriculture,798,45%,5.6
UK,2016,Services,1749,12%,
UK,2013,Agriculture,651,30%,3.2
China,2020,Services,4765,35%,5.6
USA,2019,Manufacturing,304,12%,4.1
UK,2023,Manufacturing,3027,30%,0
Japan,2014,Services,2774,30%,7.8
Japan,2017,Manufacturing,885,40%,5.6
France,2016,Services,1900,45%,3.2
India,2016,Agriculture,4814,55%,-2.5
China,2017,Manufacturing,3152,45%,3.2
Germany,2019,Manufacturing,3699,12%,
Brazil,2012,Manufacturing,2583,45%,-2.5
India,2012,Services,2356,40%,5.6
USA,2011,Manufacturing,4398,55%,7.8
UK,2010,Agriculture,543,30%,3.2
India,2019,Manufacturing,3355,25%,7.8
Germany,2015,Agriculture,1180,55%,
Germany,2015,Manufacturing,4481,12%,5.6
Japan,2022,Manufacturing,3834,55%,7.8
USA,2019,Agriculture,2150,,7.8
India,2021,Manufacturing,4065,35%,3.2
China,2017,Agriculture,4090,45%,5.6
India,2023,Agriculture,1826,,7.8
Japan,2015,Agriculture,1917,30%,-2.5
France,2015,Manufacturing,2784,25%,0
Germany,2010,Manufacturing,3381,25%,-2.5
USA,2021,Agriculture,3490,45%,
USA,2016,Manufacturing,259,30%,7.8
China,2016,Services,3163,45%,5.6
USA,2019,Agriculture,2779,35%,-2.5
Japan,2018,Agriculture,4119,55%,5.6
Japan,2023,Services,4482,25%,
Japan,2021,Services,4820,12%,-2.5
USA,2016,Agriculture,4250,45%,5.6
USA,2017,Services,3811,45%,7.8
Japan,2013,Agriculture,4848,,3.2
USA,2018,Manufacturing,1197,,4.1
Brazil,2023,Services,3831,,-2.5
USA,2010,Agriculture,1340,25%,
Brazil,2017,Agriculture,3164,,4.1
Germany,2012,Agriculture,3928,45%,5.6
India,2023,Services,2750,25%,-2.5
UK,2010,Manufacturing,723,40%,5.6
Brazil,2011,Manufacturing,3025,12%,5.6
Brazil,2015,Services,2421,12%,3.2
USA,2014,Agriculture,806,40%,5.6
UK,2023,Agriculture,4346,25%,-2.5
France,2012,Agriculture,4387,45%,
UK,2018,Services,2951,30%,4.1
Germany,2017,Services,1537,35%,4.1
Brazil,2022,Agriculture,1017,40%,7.8
USA,2012,Agriculture,3062,35%,
Japan,2011,Agriculture,2402,55%,0
UK,2017,Services,4459,35%,5.6
USA,2023,Services,2893,30%,0
China,2014,Manufacturing,932,,7.8
France,2018,Agriculture,547,45%,
Japan,2010,Agriculture,3478,35%,0
China,2019,Manufacturing,1955,30%,5.6
China,2012,Agriculture,1590,55%,-2.5
UK,2014,Manufacturing,2048,30%,
China,2011,Services,1382,12%,
Germany,2012,Manufacturing,3416,25%,3.2
Germany,2013,Manufacturing,1622,35%,
UK,2013,Services,3714,25%,4.1
USA,2020,Agriculture,3504,40%,5.6
India,2018,Manufacturing,3866,25%,5.6
USA,2010,Manufacturing,1410,,3.2
USA,2021,Agriculture,613,,3.2
USA,2018,Manufacturing,783,12%,4.1
USA,2018,Services,802,55%,
Japan,2020,Manufacturing,2406,45%,3.2
India,2015,Agriculture,4293,45%,3.2
Japan,2020,Agriculture,3024,45%,3.2
China,2010,Manufacturing,4036,40%,5.6
France,2020,Agriculture,2765,55%,0
USA,2022,Agriculture,1835,,-2.5
France,2021,Manufacturing,4837,30%,4.1
Germany,2015,Manufacturing,2683,55%,5.6
UK,2017,Agriculture,2142,55%,4.1
UK,2014,Manufacturing,1855,35%,7.8
Japan,2014,Services,3413,25%,
Japan,2010,Manufacturing,4409,55%,4.1
Germany,2010,Agriculture,3105,55%,5.6
USA,2017,Services,1298,30%,
France,2022,Agriculture,265,40%,5.6
Brazil,2014,Agriculture,3995,35%,4.1
France,2017,Services,4376,25%,0
India,2019,Manufacturing,1775,40%,
China,2011,Agriculture,2751,,4.1
UK,2013,Manufacturing,1250,,3.2
China,2022,Manufacturing,3684,30%,
India,2020,Services,1590,45%,4.1
Japan,2023,Agriculture,4852,12%,7.8
France,2019,Services,562,30%,0
UK,2018,Services,3761,55%,-2.5
China,2022,Agriculture,3986,55%,4.1
Brazil,2012,Agriculture,2402,12%,7.8
Japan,2015,Services,3882,55%,7.8
India,2020,Services,4496,,0
Brazil,2016,Services,852,55%,7.8
China,2012,Agriculture,4596,55%,5.6
Brazil,2010,Agriculture,951,12%,5.6
France,2011,Services,4208,,3.2
USA,2020,Agriculture,1838,35%,0
Brazil,2023,Agriculture,4650,35%,4.1
Japan,2019,Agriculture,2362,12%,5.6
India,2016,Manufacturing,1749,35%,4.1
China,2016,Manufacturing,3200,45%,7.8
France,2021,Services,1258,45%,4.1
USA,2010,Manufacturing,3043,30%,7.8
USA,2019,Services,2592,30%,5.6
India,2016,Services,1644,,0
Germany,2019,Agriculture,3491,12%,0
France,2020,Services,1888,25%,-2.5
France,2015,Services,4909,,0
UK,2020,Services,3722,55%,
India,2015,Services,2952,25%,
USA,2016,Agriculture,2389,55%,
USA,2016,Agriculture,4571,,5.6
Brazil,2010,Services,2392,40%,-2.5
India,2019,Manufacturing,4978,35%,7.8
Germany,2014,Manufacturing,549,30%,5.6
UK,2023,Services,3677,35%,3.2
China,2023,Agriculture,894,30%,3.2
India,2017,Services,3713,30%,0
UK,2017,Services,1110,45%,-2.5
France,2012,Agriculture,2731,25%,-2.5
UK,2012,Manufacturing,1470,12%,7.8
Brazil,2016,Services,799,40%,4.1
Japan,2013,Agriculture,1997,55%,0
USA,2015,Agriculture,1095,35%,-2.5
Brazil,2018,Services,3461,40%,4.1
China,2019,Agriculture,4640,,5.6
India,2011,Services,3524,40%,7.8
Brazil,2011,Manufacturing,1276,55%,-2.5
USA,2015,Services,3023,12%,3.2
Japan,2012,Manufacturing,1419,40%,3.2
Brazil,2010,Agriculture,1088,55%,-2.5
Japan,2011,Services,1837,45%,
Brazil,2023,Agriculture,1702,12%,
USA,2022,Services,4765,30%,3.2
Germany,2016,Agriculture,4772,30%,5.6
UK,2013,Manufacturing,4417,12%,7.8
India,2021,Services,469,30%,5.6
India,2011,Agriculture,2947,55%,3.2
India,2020,Services,4634,55%,-2.5
USA,2021,Services,3352,35%,-2.5
France,2021,Manufacturing,845,55%,7.8
Germany,2017,Agriculture,2859,12%,3.2
China,2013,Services,516,40%,3.2
Japan,2013,Services,4585,,3.2
USA,2011,Services,1404,55%,4.1
France,2023,Services,322,,0
China,2010,Services,2799,,-2.5
Japan,2010,Agriculture,3539,35%,3.2
Japan,2012,Services,3918,25%,7.8
Germany,2015,Services,3701,,
UK,2016,Services,1005,45%,4.1
India,2022,Agriculture,3459,,0
Brazil,2018,Services,1969,40%,3.2
China,2014,Services,2982,12%,-2.5
USA,2018,Manufacturing,237,30%,
China,2017,Manufacturing,257,40%,0
UK,2010,Services,123,35%,4.1
India,2020,Services,4818,45%,5.6
China,2021,Manufacturing,2669,30%,7.8
UK,2012,Agriculture,1099,40%,-2.5
USA,2017,Agriculture,1931,55%,5.6
Germany,2018,Manufacturing,564,,-2.5
France,2023,Services,3378,55%,7.8
Japan,2013,Manufacturing,329,25%,3.2
USA,2023,Agriculture,3036,55%,5.6
India,2023,Manufacturing,4905,30%,5.6
Japan,2023,Agriculture,605,45%,0
France,2021,Services,3429,30%,3.2
USA,2015,Services,340,35%,7.8
Brazil,2013,Services,4930,40%,
USA,2022,Agriculture,2923,25%,0
USA,2018,Manufacturing,3068,45%,5.6
Brazil,2011,Services,1672,35%,-2.5
USA,2015,Agriculture,4887,40%,4.1
Japan,2020,Services,3601,45%,4.1
India,2022,Manufacturing,4228,55%,7.8
France,2012,Services,3325,45%,0
UK,2019,Agriculture,2061,25%,
China,2013,Agriculture,2739,45%,3.2
Brazil,2011,Services,132,12%,
Germany,2020,Services,4045,55%,-2.5
Brazil,2017,Agriculture,697,45%,0
France,2019,Services,4296,35%,4.1
China,2017,Services,3742,55%,4.1
China,2010,Services,1807,,7.8
Germany,2019,Manufacturing,3389,35%,4.1
France,2015,Manufacturing,3707,25%,-2.5
Japan,2010,Manufacturing,4260,,0
India,2015,Services,3202,,0
Germany,2016,Agriculture,775,,
India,2011,Services,1157,12%,7.8
Japan,2018,Services,2875,40%,3.2
China,2017,Manufacturing,4955,45%,-2.5
India,2018,Agriculture,2251,55%,
Japan,2019,Manufacturing,1890,40%,0
Japan,2022,Agriculture,4398,45%,
UK,2013,Services,2545,45%,
Germany,2013,Services,3994,55%,
UK,2021,Services,874,40%,7.8
Brazil,2017,Agriculture,4652,,0
China,2010,Manufacturing,1784,,7.8
Germany,2017,Manufacturing,400,30%,7.8
China,2016,Manufacturing,4963,12%,0
UK,2021,Agriculture,2223,12%,
France,2016,Agriculture,3335,25%,
Japan,2018,Services,884,55%,7.8
China,2022,Manufacturing,2037,55%,4.1
Germany,2019,Agriculture,3871,35%,-2.5
Brazil,2016,Manufacturing,3721,35%,
Germany,2011,Manufacturing,3052,30%,7.8
China,2010,Agriculture,2559,35%,3.2
Germany,2010,Agriculture,2722,12%,4.1
Brazil,2016,Services,3492,25%,3.2
Japan,2014,Services,4208,25%,7.8
France,2013,Services,4896,,4.1
Japan,2014,Manufacturing,4171,45%,4.1
Germany,2019,Manufacturing,4146,25%,-2.5
Brazil,2019,Services,1987,40%,
Brazil,2015,Manufacturing,347,35%,4.1
China,2021,Manufacturing,2351,55%,5.6
UK,2019,Manufacturing,3988,45%,5.6
Germany,2015,Manufacturing,1644,,-2.5
Germany,2010,Agriculture,3415,12%,3.2
Germany,2011,Agriculture,3265,25%,7.8
Germany,2012,Services,4354,,0
China,2013,Services,3347,55%,7.8
UK,2015,Manufacturing,1531,35%,7.8
UK,2021,Manufacturing,4429,12%,5.6
India,2021,Agriculture,3724,30%,4.1
Germany,2020,Manufacturing,3232,12%,7.8
Germany,2022,Manufacturing,4495,25%,5.6
India,2018,Services,3201,40%,0
UK,2021,Manufacturing,3837,55%,7.8
Brazil,2011,Agriculture,1823,35%,-2.5
Brazil,2017,Manufacturing,1401,35%,7.8
USA,2018,Manufacturing,1367,35%,
Japan,2011,Manufacturing,4329,35%,
USA,2018,Manufacturing,2080,25%,-2.5
UK,2016,Manufacturing,261,,5.6
France,2018,Agriculture,1324,,7.8
Germany,2015,Services,4312,,5.6
USA,2011,Manufacturing,3664,25%,-2.5
China,2017,Services,3784,30%,5.6
Brazil,2019,Services,1235,30%,3.2
China,2018,Agriculture,924,55%,
India,2021,Services,4552,40%,-2.5
UK,2017,Manufacturing,3513,45%,5.6
UK,2011,Manufacturing,2535,25%,7.8
USA,2017,Manufacturing,4550,35%,5.6
Germany,2012,Manufacturing,4420,,0
UK,2012,Agriculture,3448,,4.1
USA,2018,Services,4937,55%,-2.5
USA,2022,Agriculture,185,35%,5.6
Japan,2018,Services,382,25%,
Japan,2018,Agriculture,1076,,3.2
UK,2013,Agriculture,3283,55%,
USA,2021,Agriculture,1585,40%,0
India,2023,Manufacturing,2174,30%,-2.5
India,2016,Manufacturing,2282,35%,0
Japan,2022,Agriculture,4007,,7.8
UK,2017,Services,2667,45%,3.2
Brazil,2022,Services,1002,12%,7.8
Germany,2022,Manufacturing,3419,12%,
France,2014,Agriculture,3403,,
Brazil,2022,Manufacturing,2036,35%,5.6
India,2010,Manufacturing,4617,,0
India,2018,Manufacturing,3513,40%,7.8
Brazil,2015,Agriculture,214,12%,4.1
Japan,2012,Agriculture,2041,,5.6
Japan,2012,Manufacturing,2755,,3.2
UK,2023,Agriculture,1789,45%,
Japan,2023,Services,4309,,7.8
China,2019,Services,153,40%,0
France,2010,Manufacturing,4741,45%,7.8
Brazil,2022,Services,4265,35%,3.2
Brazil,2017,Manufacturing,1177,45%,5.6
USA,2011,Manufacturing,413,12%,7.8
India,2021,Manufacturing,1619,35%,7.8
Brazil,2010,Agriculture,418,40%,
China,2016,Agriculture,3999,,-2.5
Brazil,2023,Agriculture,3807,12%,5.6
Germany,2020,Agriculture,3447,45%,4.1
China,2018,Manufacturing,4280,45%,4.1
UK,2015,Agriculture,2142,55%,4.1
Germany,2017,Services,1565,25%,
Germany,2017,Services,644,40%,-2.5
Brazil,2018,Agriculture,1495,40%,-2.5
Japan,2016,Services,3672,,
Brazil,2018,Services,815,30%,3.2
China,2018,Agriculture,3266,25%,3.2
UK,2021,Manufacturing,1390,35%,0
India,2020,Manufacturing,1636,12%,
France,2010,Manufacturing,3700,30%,5.6
Japan,2015,Agriculture,4681,25%,5.6
China,2021,Manufacturing,683,35%,3.2
India,2017,Manufacturing,4806,45%,3.2
China,2019,Services,508,25%,-2.5
Japan,2018,Manufacturing,2522,12%,3.2
India,2013,Agriculture,1730,30%,4.1
Japan,2022,Manufacturing,4900,55%,7.8
China,2011,Services,1943,40%,5.6
Germany,2020,Services,2165,30%,0
France,2018,Services,558,55%,-2.5
USA,2018,Services,785,25%,7.8
France,2021,Manufacturing,2801,55%,3.2
Germany,2017,Services,2221,35%,0
Japan,2012,Services,2893,,3.2
France,2014,Services,341,12%,
Japan,2011,Manufacturing,4566,45%,7.8
Japan,2023,Agriculture,1968,12%,
India,2012,Services,861,45%,4.1
UK,2010,Services,2147,30%,
Japan,2013,Services,2059,55%,0
France,2014,Manufacturing,4328,35%,
France,2021,Manufacturing,4392,45%,3.2
France,2011,Services,699,40%,7.8
Germany,2012,Agriculture,2647,30%,7.8
USA,2021,Services,610,30%,0
Japan,2015,Agriculture,819,55%,
Brazil,2015,Agriculture,4701,45%,
Japan,2016,Manufacturing,553,25%,7.8
Japan,2021,Manufacturing,677,12%,3.2
Brazil,2018,Manufacturing,3434,,0
India,2013,Agriculture,3912,,
Japan,2014,Agriculture,3409,30%,
Germany,2020,Agriculture,4306,35%,-2.5
China,2011,Manufacturing,2224,55%,7.8
UK,2015,Manufacturing,3577,35%,3.2
France,2013,Manufacturing,2587,12%,0
Japan,2014,Services,2336,,
India,2016,Agriculture,2273,45%,-2.5
Germany,2015,Agriculture,2307,30%,-2.5
Japan,2017,Services,3630,45%,5.6
Brazil,2015,Agriculture,2045,35%,
India,2019,Agriculture,683,45%,5.6
China,2023,Services,550,45%,
USA,2017,Agriculture,1613,40%,0
Japan,2022,Manufacturing,4125,40%,7.8
Germany,2023,Services,1224,45%,
India,2023,Agriculture,1648,30%,3.2
Brazil,2013,Manufacturing,2208,25%,7.8
India,2021,Agriculture,3763,30%,3.2
Japan,2016,Services,2034,40%,3.2
India,2012,Manufacturing,569,55%,5.6
USA,2010,Agriculture,1967,30%,5.6
India,2022,Services,1378,55%,7.8
France,2018,Agriculture,982,30%,0
UK,2018,Agriculture,1591,30%,3.2
France,2015,Manufacturing,457,,5.6
UK,2011,Agriculture,1581,30%,0
India,2017,Services,673,40%,5.6
Brazil,2019,Services,2816,30%,3.2
Brazil,2015,Manufacturing,4697,12%,-2.5
Japan,2016,Manufacturing,2877,45%,5.6
Brazil,2022,Agriculture,4465,35%,0
UK,2010,Services,716,45%,4.1
Germany,2012,Manufacturing,677,12%,4.1
UK,2010,Agriculture,3158,45%,7.8
France,2019,Agriculture,3326,25%,4.1
India,2010,Services,1834,30%,7.8
Japan,2021,Services,1183,12%,3.2
China,2021,Agriculture,1559,55%,
Japan,2020,Services,3439,55%,-2.5
Japan,2022,Agriculture,1908,25%,4.1
Japan,2010,Agriculture,1665,30%,4.1
Germany,2013,Services,3903,55%,5.6
USA,2022,Manufacturing,4755,,
France,2016,Agriculture,4624,25%,5.6
India,2016,Services,4733,55%,4.1
USA,2021,Agriculture,3915,40%,-2.5
China,2022,Agriculture,4738,30%,3.2
USA,2014,Agriculture,2461,55%,3.2
India,2021,Services,358,30%,0
France,2015,Services,4412,,0
France,2011,Services,1882,45%,4.1
India,2014,Manufacturing,4831,40%,0
China,2016,Agriculture,2357,30%,4.1
India,2023,Manufacturing,2050,12%,3.2
China,2018,Agriculture,716,55%,5.6
China,2015,Services,1734,12%,7.8
India,2021,Agriculture,3126,30%,3.2
UK,2023,Agriculture,495,12%,-2.5
France,2019,Agriculture,4433,30%,7.8
China,2013,Manufacturing,1131,30%,3.2
India,2012,Services,3193,55%,
Brazil,2018,Services,4939,40%,4.1
UK,2016,Agriculture,3801,12%,3.2
France,2020,Services,4920,,0
China,2023,Manufacturing,4422,25%,5.6
France,2022,Manufacturing,1595,40%,
UK,2015,Services,3695,,5.6
France,2016,Manufacturing,4881,35%,7.8
Germany,2017,Manufacturing,3257,30%,3.2
Japan,2014,Services,2833,25%,0
Germany,2012,Services,163,40%,
UK,2012,Agriculture,821,55%,-2.5
China,2022,Agriculture,1062,25%,3.2
India,2011,Manufacturing,3733,,0
USA,2017,Services,3300,40%,-2.5
India,2010,Manufacturing,1302,30%,-2.5
France,2021,Services,3152,35%,7.8
USA,2017,Manufacturing,4253,40%,5.6
USA,2012,Manufacturing,4427,25%,5.6
France,2018,Manufacturing,2718,40%,7.8
France,2021,Agriculture,2626,12%,3.2
China,2023,Services,4140,40%,4.1
UK,2021,Manufacturing,1477,55%,
Brazil,2020,Agriculture,3291,12%,0
India,2011,Manufacturing,927,40%,
UK,2019,Manufacturing,1248,30%,
Germany,2018,Services,503,12%,5.6
China,2015,Manufacturing,4654,55%,
China,2010,Services,1313,55%,7.8
Brazil,2014,Agriculture,2193,45%,5.6
Germany,2019,Agriculture,3635,35%,5.6
India,2018,Manufacturing,4236,30%,5.6
Japan,2022,Agriculture,4378,40%,3.2
Germany,2015,Services,4804,12%,7.8
India,2016,Services,3108,,5.6
USA,2013,Agriculture,2906,12%,4.1
France,2010,Services,961,40%,5.6
China,2014,Services,2821,30%,7.8
India,2011,Manufacturing,1517,55%,-2.5
UK,2017,Manufacturing,490,55%,
Brazil,2013,Services,1045,40%,3.2
France,2010,Agriculture,2161,40%,3.2
UK,2019,Services,4150,25%,4.1
France,2016,Manufacturing,3779,12%,
China,2021,Agriculture,3518,12%,0
Germany,2020,Services,4762,55%,0
Japan,2011,Agriculture,3889,,
Germany,2012,Agriculture,4510,,-2.5
India,2023,Agriculture,2888,12%,4.1
Brazil,2018,Services,4770,35%,0
Germany,2022,Manufacturing,4652,45%,5.6
China,2018,Agriculture,572,55%,5.6
Brazil,2011,Agriculture,755,55%,
India,2012,Services,1809,12%,0
USA,2020,Manufacturing,299,40%,
Germany,2021,Manufacturing,4394,,3.2
Germany,2018,Services,1424,45%,-2.5
Japan,2010,Agriculture,1876,45%,5.6
India,2011,Services,2180,,-2.5
UK,2020,Manufacturing,3528,55%,0
Germany,2011,Agriculture,1153,55%,7.8
China,2019,Agriculture,4043,30%,
Germany,2023,Manufacturing,308,30%,
Japan,2012,Agriculture,4267,55%,4.1
USA,2019,Services,1197,35%,-2.5
Japan,2012,Manufacturing,954,12%,-2.5
Germany,2019,Manufacturing,2189,35%,0
Brazil,2022,Agriculture,3228,55%,4.1
UK,2011,Manufacturing,4197,45%,0
France,2017,Services,4439,12%,5.6
Germany,2017,Manufacturing,2397,12%,4.1
India,2017,Agriculture,1641,,7.8
Germany,2011,Manufacturing,2291,55%,4.1
UK,2022,Agriculture,3678,55%,7.8
India,2018,Agriculture,904,55%,-2.5
China,2020,Services,800,30%,7.8
Brazil,2016,Manufacturing,4099,55%,0
India,2021,Services,2417,40%,
Japan,2014,Services,288,40%,4.1
USA,2016,Manufacturing,2745,55%,0
Japan,2017,Services,4686,30%,0
France,2018,Services,1366,40%,4.1
India,2011,Agriculture,2354,55%,-2.5
China,2015,Services,157,12%,3.2
Germany,2018,Manufacturing,1654,35%,0
Brazil,2022,Agriculture,1958,30%,7.8
India,2015,Services,2280,45%,4.1
Japan,2011,Services,3827,40%,7.8
India,2010,Manufacturing,416,55%,0
India,2021,Services,4976,45%,
India,2012,Manufacturing,2959,,3.2
China,2020,Services,3644,12%,-2.5
Brazil,2014,Services,2971,45%,0
UK,2016,Manufacturing,4318,12%,-2.5
UK,2019,Agriculture,1790,25%,4.1
India,2019,Manufacturing,2868,35%,4.1
China,2012,Agriculture,1403,25%,3.2
China,2018,Agriculture,501,12%,0
France,2019,Manufacturing,4616,40%,
India,2021,Manufacturing,4466,,0
Japan,2013,Services,4586,30%,0
Japan,2019,Services,2496,25%,5.6
USA,2011,Agriculture,2285,12%,4.1
Brazil,2012,Services,3559,30%,0
India,2014,Manufacturing,934,25%,0
USA,2012,Agriculture,3569,12%,
Japan,2014,Services,792,35%,3.2
Japan,2013,Services,2089,,3.2
India,2022,Manufacturing,2612,35%,5.6
USA,2020,Manufacturing,1310,30%,0
USA,2019,Services,4326,35%,7.8
India,2022,Agriculture,4555,12%,-2.5
Brazil,2012,Agriculture,2384,45%,
France,2021,Manufacturing,435,25%,0
USA,2015,Manufacturing,652,40%,
France,2017,Manufacturing,492,30%,4.1
Germany,2022,Services,3357,30%,5.6
Brazil,2021,Services,2682,25%,7.8
Japan,2013,Manufacturing,4017,25%,3.2
UK,2018,Agriculture,3351,,-2.5
Brazil,2015,Manufacturing,2351,25%,5.6
France,2014,Manufacturing,4500,35%,3.2
France,2012,Agriculture,3616,45%,4.1
France,2014,Agriculture,2526,25%,0
China,2014,Agriculture,4620,45%,5.6
Brazil,2023,Agriculture,4060,30%,0
USA,2021,Services,2439,12%,5.6
USA,2021,Services,1880,12%,5.6
China,2013,Manufacturing,4123,,0
USA,2021,Services,3464,25%,5.6
China,2015,Manufacturing,4879,55%,4.1
France,2012,Manufacturing,2316,30%,
India,2019,Agriculture,645,,3.2
Brazil,2010,Agriculture,240,35%,4.1
Germany,2016,Services,3512,,
France,2016,Services,693,25%,
Germany,2021,Services,4239,35%,3.2
Japan,2013,Services,1168,25%,-2.5
France,2018,Agriculture,3817,30%,-2.5
UK,2021,Agriculture,1717,35%,5.6
USA,2011,Services,1155,40%,3.2
UK,2022,Manufacturing,4485,55%,
India,2010,Agriculture,2905,30%,0
Germany,2012,Agriculture,2209,55%,5.6
Brazil,2016,Agriculture,4448,30%,
France,2018,Agriculture,4196,,4.1
Brazil,2011,Services,855,12%,0
India,2015,Services,750,,7.8
India,2012,Manufacturing,3841,25%,-2.5
USA,2014,Agriculture,4806,55%,5.6
India,2021,Services,1850,55%,5.6
France,2018,Services,1957,,0
France,2012,Agriculture,1186,25%,4.1
Brazil,2010,Services,4181,30%,-2.5
Brazil,2014,Services,672,,0
Germany,2010,Services,2946,40%,0
France,2017,Manufacturing,1465,,-2.5
UK,2016,Services,2112,,4.1
Germany,2020,Agriculture,2737,25%,4.1
USA,2011,Agriculture,4312,12%,7.8
Germany,2023,Agriculture,1738,55%,3.2
China,2020,Services,4208,35%,
Brazil,2018,Manufacturing,252,25%,3.2
UK,2014,Services,1588,30%,7.8
Brazil,2016,Agriculture,1174,30%,-2.5
China,2013,Manufacturing,944,25%,5.6
China,2021,Manufacturing,1605,25%,-2.5
Japan,2022,Services,2500,,
France,2010,Agriculture,836,,0
USA,2023,Services,1025,25%,
India,2017,Agriculture,4979,55%,-2.5
China,2022,Manufacturing,4338,35%,3.2
Germany,2010,Services,2996,12%,5.6
India,2012,Manufacturing,2249,45%,
Germany,2015,Agriculture,3927,55%,7.8
Brazil,2017,Manufacturing,4531,55%,-2.5
Germany,2017,Manufacturing,3329,40%,5.6
India,2011,Manufacturing,3086,45%,
India,2018,Services,4125,45%,5.6
France,2013,Agriculture,4317,25%,3.2
Germany,2013,Manufacturing,386,35%,0
USA,2023,Manufacturing,3717,55%,4.1
France,2011,Manufacturing,2989,55%,5.6
UK,2010,Manufacturing,654,12%,5.6
Japan,2019,Agriculture,2586,45%,-2.5
UK,2016,Agriculture,715,45%,7.8
USA,2020,Services,2967,55%,-2.5
France,2019,Agriculture,1282,45%,3.2
Japan,2012,Agriculture,3837,25%,5.6
France,2013,Manufacturing,401,12%,0
India,2020,Services,1811,55%,5.6
Japan,2018,Services,2945,,0
Brazil,2015,Manufacturing,3816,30%,4.1
Germany,2023,Services,4620,12%,0
UK,2010,Agriculture,2574,,4.1
Japan,2018,Services,1199,40%,
Germany,2018,Manufacturing,4588,25%,
France,2014,Services,4400,12%,4.1
USA,2017,Services,119,,0
Japan,2016,Services,627,45%,7.8
Germany,2020,Manufacturing,4640,55%,-2.5
France,2017,Agriculture,4134,12%,4.1
France,2018,Services,4926,30%,
France,2023,Agriculture,2500,30%,4.1
USA,2011,Agriculture,4996,30%,3.2
India,2019,Agriculture,178,35%,
USA,2014,Services,1556,55%,7.8
USA,2017,Agriculture,4138,12%,7.8
Brazil,2012,Services,1698,55%,0
UK,2020,Services,3217,,7.8
France,2020,Services,2598,12%,3.2
Germany,2015,Agriculture,1529,12%,3.2
Japan,2015,Services,1852,45%,4.1
UK,2016,Manufacturing,57,30%,5.6
France,2022,Manufacturing,269,30%,7.8
China,2020,Manufacturing,774,12%,
USA,2012,Services,4247,30%,5.6
China,2017,Manufacturing,2099,35%,
France,2017,Services,3835,45%,3.2
UK,2018,Services,3962,35%,4.1
Germany,2017,Services,2792,,4.1
UK,2012,Agriculture,820,35%,7.8
Brazil,2015,Manufacturing,4979,40%,0
Germany,2018,Services,789,25%,0
Germany,2010,Manufacturing,4345,35%,7.8
France,2012,Manufacturing,4171,12%,
India,2011,Agriculture,2067,55%,5.6
France,2021,Manufacturing,4247,30%,5.6
USA,2017,Services,246,45%,4.1
UK,2015,Services,559,45%,0
Germany,2019,Manufacturing,2045,45%,5.6
France,2020,Manufacturing,1064,55%,0
France,2020,Agriculture,3151,30%,-2.5
UK,2017,Services,972,35%,0
UK,2011,Manufacturing,2396,,4.1
Brazil,2020,Manufacturing,3254,40%,-2.5
Germany,2015,Services,1841,25%,7.8
Japan,2016,Manufacturing,1605,12%,-2.5
Brazil,2017,Agriculture,70,,3.2
China,2018,Manufacturing,1972,45%,
USA,2014,Manufacturing,1114,12%,5.6
USA,2020,Agriculture,2033,30%,-2.5
Japan,2012,Agriculture,1949,35%,3.2
India,2011,Agriculture,3593,40%,4.1
Brazil,2017,Services,1016,30%,3.2
Japan,2010,Manufacturing,2556,,5.6
India,2019,Manufacturing,563,40%,0
India,2015,Agriculture,3624,25%,3.2
Japan,2011,Services,3165,40%,
USA,2012,Agriculture,90,30%,-2.5
China,2017,Manufacturing,312,45%,5.6
USA,2010,Services,1082,40%,-2.5
France,2015,Services,3174,35%,0
USA,2012,Manufacturing,1869,,5.6
USA,2015,Services,177,25%,3.2
Brazil,2012,Services,2628,,-2.5
Japan,2020,Agriculture,4670,45%,
Japan,2020,Services,4902,35%,4.1
France,2017,Agriculture,3063,12%,-2.5
France,2014,Services,3261,,
Brazil,2013,Agriculture,943,55%,3.2
Japan,2018,Agriculture,2856,45%,4.1
USA,2014,Services,2329,25%,3.2
China,2021,Agriculture,4233,25%,0
India,2023,Manufacturing,2863,55%,0
UK,2013,Manufacturing,1837,55%,4.1
India,2017,Services,4782,35%,3.2
France,2017,Services,2298,55%,4.1
France,2017,Services,3083,45%,5.6
India,2013,Manufacturing,2458,,3.2
UK,2022,Services,2229,55%,3.2
USA,2010,Services,226,45%,4.1
China,2011,Agriculture,3173,12%,7.8
China,2013,Services,71,55%,4.1
India,2019,Manufacturing,702,12%,5.6
UK,2011,Manufacturing,3440,40%,5.6
Brazil,2020,Services,832,,
France,2019,Manufacturing,217,25%,0
Germany,2023,Agriculture,1111,,0
USA,2023,Agriculture,922,40%,0
Brazil,2012,Services,1831,55%,-2.5
India,2018,Services,1446,25%,5.6
China,2018,Agriculture,681,,7.8
France,2023,Agriculture,1651,12%,0
Brazil,2020,Services,2931,25%,0
Brazil,2018,Manufacturing,1500,12%,0
Japan,2016,Services,1913,35%,0
Japan,2013,Services,771,,0
UK,2010,Services,4585,,-2.5
UK,2012,Services,3386,12%,7.8
India,2023,Services,292,30%,5.6
Brazil,2017,Services,2698,35%,7.8
Germany,2013,Services,4688,25%,3.2
China,2019,Manufacturing,4422,12%,
India,2019,Services,4695,35%,5.6
Germany,2011,Agriculture,452,12%,0
France,2023,Services,1503,45%,3.2
UK,2017,Manufacturing,1046,,
Japan,2016,Agriculture,4221,45%,3.2
USA,2020,Services,3200,25%,4.1
Brazil,2019,Services,4463,45%,3.2
France,2018,Agriculture,3551,,3.2
Japan,2011,Services,1236,55%,0
China,2014,Manufacturing,1431,35%,4.1
China,2015,Services,4474,,
Japan,2022,Manufacturing,1904,,3.2
France,2011,Services,1954,55%,7.8
Japan,2011,Agriculture,3716,45%,0
Germany,2022,Manufacturing,1998,25%,3.2
India,2023,Services,4083,30%,3.2
UK,2023,Services,4621,55%,4.1
Germany,2019,Agriculture,3577,,7.8
USA,2023,Agriculture,1802,40%,
Japan,2013,Manufacturing,1787,25%,-2.5
USA,2017,Manufacturing,1863,12%,-2.5
USA,2023,Manufacturing,2004,30%,7.8
Germany,2022,Services,4059,,
UK,2020,Services,587,55%,-2.5
France,2014,Manufacturing,2440,12%,5.6
China,2018,Services,1839,55%,
India,2013,Agriculture,1240,30%,5.6
Brazil,2012,Services,3986,30%,
China,2019,Manufacturing,1545,40%,5.6
UK,2017,Services,2237,35%,4.1
Brazil,2010,Agriculture,4573,25%,-2.5
China,2018,Manufacturing,3420,12%,5.6
Japan,2013,Manufacturing,1309,40%,5.6
Japan,2020,Manufacturing,4125,45%,-2.5
Germany,2018,Manufacturing,3080,55%,7.8
USA,2017,Services,4745,,
Brazil,2012,Agriculture,146,12%,0
UK,2012,Services,4623,40%,5.6
UK,2023,Services,4636,40%,
China,2018,Manufacturing,1369,55%,-2.5
Germany,2012,Agriculture,4551,30%,0
China,2013,Services,764,55%,0
China,2018,Agriculture,2544,55%,
UK,2021,Agriculture,2796,12%,3.2
China,2013,Agriculture,4093,12%,0
USA,2020,Agriculture,634,55%,5.6
China,2012,Services,1003,45%,7.8
Brazil,2023,Agriculture,2947,,
USA,2016,Services,2080,25%,5.6
UK,2015,Agriculture,643,40%,3.2
Germany,2010,Agriculture,1881,30%,0
Japan,2023,Services,405,55%,
Brazil,2019,Manufacturing,1726,45%,3.2
USA,2017,Services,3168,25%,5.6
Germany,2010,Agriculture,161,55%,5.6
Germany,2013,Services,3784,30%,5.6
USA,2015,Agriculture,4520,40%,7.8
UK,2015,Services,894,25%,5.6
India,2016,Services,2223,55%,4.1
Germany,2023,Services,3128,12%,5.6
Germany,2020,Manufacturing,2659,55%,0
UK,2021,Services,1433,55%,
UK,2023,Services,4020,55%,
China,2014,Manufacturing,411,55%,
UK,2014,Manufacturing,728,45%,7.8
Germany,2013,Agriculture,2861,35%,
USA,2015,Agriculture,2872,45%,0
India,2016,Services,1781,45%,3.2
France,2019,Agriculture,1337,12%,-2.5
China,2019,Services,4945,55%,4.1
France,2010,Manufacturing,324,45%,
USA,2018,Manufacturing,955,25%,0
India,2023,Services,1932,55%,
India,2017,Agriculture,541,12%,7.8
India,2016,Agriculture,4804,,0
Japan,2018,Agriculture,590,30%,4.1
USA,2012,Services,2936,,4.1
Brazil,2019,Agriculture,4465,12%,-2.5
China,2013,Manufacturing,505,40%,0
China,2016,Manufacturing,700,25%,
India,2015,Manufacturing,1362,,
USA,2023,Manufacturing,1354,12%,-2.5
Japan,2022,Manufacturing,4562,,7.8
India,2011,Manufacturing,3659,55%,0
UK,2011,Manufacturing,853,35%,4.1
Brazil,2019,Manufacturing,847,35%,7.8
France,2016,Manufacturing,3434,45%,7.8
China,2018,Services,4754,12%,3.2
France,2020,Services,2062,40%,3.2
Germany,2021,Manufacturing,2890,55%,0
India,2018,Manufacturing,3112,25%,0
UK,2016,Manufacturing,1130,25%,
China,2020,Agriculture,1363,55%,
France,2017,Services,2695,55%,7.8
Brazil,2019,Manufacturing,3684,25%,3.2
Japan,2012,Services,2103,12%,0
USA,2010,Manufacturing,3564,,4.1
China,2016,Agriculture,359,45%,0
Brazil,2017,Manufacturing,834,45%,4.1
France,2011,Services,1664,45%,0
USA,2018,Services,872,55%,3.2
France,2013,Services,1377,25%,0
USA,2019,Services,107,40%,7.8
Japan,2020,Manufacturing,1298,40%,0
Japan,2018,Agriculture,1499,25%,4.1
India,2022,Agriculture,567,25%,5.6
India,2012,Manufacturing,2127,,
China,2017,Manufacturing,200,25%,-2.5
Japan,2020,Services,4693,25%,7.8
UK,2011,Manufacturing,2207,35%,0
France,2023,Agriculture,3723,30%,5.6
France,2012,Manufacturing,2563,,3.2
France,2010,Manufacturing,2334,55%,4.1
China,2014,Agriculture,1444,30%,4.1
France,2013,Agriculture,1755,40%,4.1
Germany,2022,Manufacturing,1222,,7.8
USA,2010,Services,2471,55%,7.8
France,2019,Services,649,35%,0
Brazil,2018,Services,3554,30%,3.2
USA,2015,Agriculture,2349,45%,0
India,2015,Agriculture,4065,12%,5.6
France,2023,Services,1546,,-2.5
Brazil,2020,Manufacturing,3167,55%,
UK,2011,Manufacturing,4752,55%,
Brazil,2023,Manufacturing,484,35%,3.2
Japan,2016,Agriculture,2708,55%,-2.5
Japan,2021,Agriculture,3749,55%,5.6
India,2021,Services,2373,45%,7.8
Germany,2018,Manufacturing,2945,35%,5.6
China,2015,Agriculture,1581,,
China,2020,Agriculture,3216,30%,-2.5
UK,2017,Services,4812,55%,3.2
India,2021,Manufacturing,831,25%,0
India,2014,Agriculture,1475,35%,-2.5
Germany,2011,Agriculture,4978,45%,3.2
France,2022,Agriculture,2601,,-2.5
China,2013,Agriculture,3536,12%,4.1
France,2021,Manufacturing,2373,55%,
India,2010,Services,4471,25%,4.1
France,2010,Manufacturing,606,30%,7.8
Japan,2015,Services,562,25%,
UK,2011,Agriculture,3268,12%,7.8
China,2015,Manufacturing,4201,35%,0
Germany,2010,Services,4165,45%,7.8
UK,2020,Services,3591,55%,5.6
USA,2019,Agriculture,2949,55%,
Japan,2012,Services,4146,,
Germany,2023,Services,3010,55%,4.1
Brazil,2018,Services,4993,30%,
UK,2011,Agriculture,1302,25%,0
India,2017,Manufacturing,774,35%,4.1
USA,2015,Agriculture,1356,12%,
Germany,2021,Services,809,30%,-2.5
India,2015,Services,276,30%,4.1
Japan,2016,Manufacturing,4847,35%,4.1
Brazil,2014,Services,357,45%,
USA,2021,Manufacturing,3428,45%,5.6
China,2020,Services,3059,40%,3.2
Brazil,2013,Services,1567,12%,-2.5
India,2015,Agriculture,1581,30%,
UK,2017,Agriculture,1894,25%,
France,2013,Manufacturing,2718,30%,
Germany,2014,Agriculture,4798,,7.8
USA,2016,Manufacturing,846,30%,-2.5
India,2015,Agriculture,4625,12%,7.8
China,2022,Manufacturing,1829,30%,4.1
France,2013,Services,635,,5.6
Germany,2022,Manufacturing,1428,45%,4.1
Germany,2013,Agriculture,4407,25%,
India,2019,Manufacturing,4840,35%,5.6
China,2013,Agriculture,3860,30%,5.6
Japan,2010,Services,4081,45%,
France,2014,Agriculture,2774,25%,0
Japan,2017,Services,1897,25%,4.1
USA,2016,Services,2287,55%,7.8
India,2014,Agriculture,1091,35%,-2.5
France,2012,Services,4889,25%,
USA,2020,Agriculture,3535,12%,-2.5
Brazil,2010,Manufacturing,292,,4.1
Japan,2022,Services,2150,40%,-2.5
Brazil,2016,Manufacturing,1299,35%,0
Brazil,2022,Manufacturing,1787,35%,0
France,2020,Agriculture,3719,40%,7.8
Germany,2012,Agriculture,1968,45%,0
USA,2013,Services,4464,35%,
Brazil,2023,Agriculture,2804,35%,5.6
China,2014,Manufacturing,1442,55%,4.1
UK,2022,Manufacturing,297,35%,4.1
Japan,2021,Manufacturing,4322,,-2.5
Japan,2017,Services,1735,,5.6
China,2022,Agriculture,1981,,0
France,2016,Manufacturing,4066,30%,-2.5
France,2018,Services,4158,25%,4.1
France,2020,Agriculture,3482,40%,3.2
USA,2012,Agriculture,4434,30%,5.6
India,2023,Manufacturing,4576,40%,3.2
Brazil,2020,Services,4034,12%,7.8
Germany,2019,Manufacturing,3872,40%,4.1
UK,2010,Manufacturing,2131,,
India,2010,Services,1397,55%,5.6
India,2021,Manufacturing,4786,55%,4.1
China,2019,Services,182,55%,-2.5
USA,2022,Services,3673,55%,4.1
Japan,2023,Manufacturing,1904,45%,-2.5
Japan,2010,Manufacturing,2994,40%,
China,2011,Agriculture,450,55%,3.2
USA,2011,Agriculture,655,30%,-2.5
China,2016,Services,4756,45%,
Japan,2018,Services,181,45%,5.6
India,2017,Services,4538,35%,0
Germany,2013,Agriculture,4958,12%,4.1
Brazil,2011,Manufacturing,4726,35%,0
France,2012,Manufacturing,4556,30%,
USA,2019,Agriculture,4490,45%,-2.5
Brazil,2014,Manufacturing,853,35%,7.8
UK,2018,Manufacturing,3317,30%,5.6
UK,2017,Manufacturing,4339,30%,7.8
India,2022,Agriculture,3683,25%,3.2
China,2021,Services,2726,30%,
China,2023,Manufacturing,1265,40%,4.1
Japan,2012,Manufacturing,2527,55%,4.1
India,2018,Services,2314,55%,-2.5
Japan,2019,Manufacturing,1019,40%,
Japan,2012,Manufacturing,650,40%,4.1
UK,2019,Services,4505,45%,3.2
Japan,2021,Agriculture,1382,35%,4.1
Brazil,2023,Agriculture,2766,40%,4.1
France,2017,Manufacturing,4566,30%,7.8
Japan,2010,Manufacturing,831,25%,4.1
UK,2013,Services,3858,25%,5.6
France,2013,Services,1484,30%,7.8
China,2015,Manufacturing,4388,,0
USA,2021,Manufacturing,1066,25%,4.1
Germany,2021,Agriculture,2269,45%,7.8
Japan,2011,Agriculture,2752,,7.8
Brazil,2016,Agriculture,3956,35%,4.1
France,2014,Agriculture,2866,25%,7.8
USA,2019,Services,4041,25%,4.1
UK,2015,Agriculture,509,35%,7.8
USA,2020,Agriculture,3690,35%,5.6
Germany,2023,Manufacturing,581,55%,-2.5
Brazil,2015,Agriculture,2027,30%,5.6
USA,2023,Manufacturing,3327,12%,
Brazil,2023,Manufacturing,3814,12%,3.2
France,2021,Agriculture,340,25%,0
USA,2023,Agriculture,3625,35%,-2.5
Brazil,2020,Manufacturing,4804,55%,4.1
USA,2015,Services,4699,45%,
USA,2019,Manufacturing,2525,12%,4.1
India,2021,Services,562,,4.1
Japan,2017,Services,1689,12%,
UK,2019,Agriculture,304,35%,0
Germany,2013,Agriculture,4866,40%,0
UK,2019,Agriculture,2687,45%,-2.5
India,2017,Agriculture,2015,12%,
India,2018,Manufacturing,100,40%,
France,2022,Services,849,55%,-2.5
India,2022,Manufacturing,149,12%,
Japan,2013,Services,1797,35%,3.2
India,2010,Manufacturing,2561,35%,5.6
USA,2012,Services,286,,4.1
UK,2010,Agriculture,521,,4.1
China,2016,Services,2254,30%,-2.5
Germany,2021,Agriculture,188,30%,
India,2010,Services,2912,45%,3.2
UK,2020,Manufacturing,1433,12%,7.8
France,2013,Services,3145,45%,-2.5
India,2022,Manufacturing,4551,40%,5.6
Japan,2023,Manufacturing,1762,30%,7.8
India,2010,Agriculture,1000,12%,7.8
India,2022,Services,3846,25%,7.8
Brazil,2022,Manufacturing,2423,12%,4.1
Brazil,2011,Services,1407,35%,7.8
India,2020,Agriculture,4474,30%,0
France,2023,Agriculture,1749,30%,5.6
Brazil,2010,Services,2186,35%,3.2
India,2022,Manufacturing,4160,30%,-2.5
Germany,2014,Manufacturing,3422,25%,3.2
UK,2016,Manufacturing,683,12%,4.1
Brazil,2012,Services,1933,12%,0
Brazil,2023,Manufacturing,2366,35%,7.8
Japan,2017,Manufacturing,1178,25%,
India,2023,Manufacturing,2436,35%,-2.5
India,2014,Agriculture,441,40%,5.6
India,2014,Manufacturing,218,25%,-2.5
India,2022,Services,3138,35%,4.1
Brazil,2014,Services,2102,55%,-2.5
USA,2017,Manufacturing,4015,30%,3.2
USA,2011,Services,3258,12%,
China,2011,Services,4764,45%,7.8
India,2023,Manufacturing,1235,30%,5.6
China,2021,Agriculture,4914,55%,-2.5
Germany,2017,Manufacturing,2777,35%,0
China,2018,Services,3559,25%,0
UK,2020,Services,4527,45%,4.1
USA,2021,Manufacturing,4627,25%,
USA,2019,Services,3476,,7.8
India,2019,Agriculture,4770,30%,4.1
Brazil,2011,Manufacturing,1763,25%,
India,2013,Services,2562,,-2.5
Germany,2017,Agriculture,3311,40%,7.8
Japan,2011,Services,4639,,-2.5
Germany,2013,Agriculture,2728,12%,5.6
UK,2019,Services,331,30%,0
India,2022,Manufacturing,4976,35%,4.1
India,2022,Services,479,12%,
Germany,2010,Manufacturing,2678,,3.2
Germany,2011,Agriculture,4398,25%,
Germany,2016,Agriculture,4708,12%,7.8
USA,2010,Services,3262,55%,5.6
China,2021,Manufacturing,4682,40%,0
China,2010,Manufacturing,2995,,4.1
India,2011,Agriculture,2367,25%,5.6
USA,2013,Agriculture,4034,25%,
Germany,2016,Services,3482,55%,4.1
India,2013,Agriculture,2713,25%,
USA,2014,Agriculture,985,45%,3.2
UK,2013,Manufacturing,2392,45%,-2.5
Japan,2013,Manufacturing,1738,35%,-2.5
USA,2018,Manufacturing,932,35%,5.6
France,2015,Agriculture,2569,12%,5.6
India,2021,Services,866,30%,4.1
Brazil,2012,Services,3282,12%,7.8
China,2015,Agriculture,3916,40%,4.1
France,2022,Services,2896,55%,5.6
Germany,2016,Agriculture,727,55%,4.1
Japan,2016,Services,2304,,-2.5
Brazil,2017,Agriculture,3033,40%,
UK,2022,Manufacturing,2539,25%,4.1
Brazil,2013,Services,2364,35%,5.6
Japan,2010,Manufacturing,2496,,0
Brazil,2015,Manufacturing,1938,35%,0
Japan,2017,Services,1770,35%,-2.5
USA,2014,Agriculture,1953,30%,5.6
India,2022,Manufacturing,273,35%,4.1
Brazil,2012,Manufacturing,4810,12%,
Brazil,2013,Agriculture,984,45%,5.6
India,2017,Agriculture,1362,,5.6
Japan,2015,Services,1358,55%,0
Germany,2022,Services,275,55%,-2.5
India,2022,Agriculture,249,35%,7.8
Japan,2014,Manufacturing,4649,35%,
India,2022,Agriculture,4156,12%,0
Germany,2018,Services,2934,30%,-2.5
UK,2019,Manufacturing,2374,12%,-2.5
France,2012,Manufacturing,4043,55%,7.8
Japan,2016,Services,3983,35%,3.2
China,2018,Manufacturing,1647,35%,7.8
China,2020,Agriculture,54,40%,7.8
Japan,2022,Services,329,,-2.5
USA,2020,Manufacturing,3069,55%,3.2
UK,2021,Services,2414,12%,3.2
USA,2013,Manufacturing,176,,5.6
France,2019,Agriculture,4449,55%,7.8
China,2019,Services,2846,12%,7.8
Germany,2012,Manufacturing,4876,12%,3.2
Japan,2010,Agriculture,3299,30%,3.2
France,2018,Agriculture,3951,,
Brazil,2022,Agriculture,4635,,4.1
Brazil,2010,Manufacturing,4582,12%,3.2
India,2011,Manufacturing,3751,35%,-2.5
China,2018,Agriculture,532,55%,-2.5
UK,2014,Agriculture,3089,12%,-2.5
China,2013,Agriculture,4460,30%,4.1
UK,2018,Agriculture,1557,45%,
UK,2018,Agriculture,3218,40%,7.8
Japan,2011,Manufacturing,988,30%,
UK,2012,Services,66,12%,
USA,2021,Services,4592,12%,3.2
Brazil,2012,Services,4424,30%,4.1
France,2014,Manufacturing,3992,30%,-2.5
Germany,2022,Services,4597,,5.6
China,2012,Services,2763,12%,3.2
Germany,2019,Services,4751,40%,
France,2015,Services,3935,30%,4.1
India,2011,Agriculture,3667,30%,3.2
France,2015,Manufacturing,1083,25%,
China,2015,Services,1861,,4.1
Brazil,2011,Agriculture,2057,45%,3.2
Germany,2015,Services,4246,35%,-2.5
Germany,2015,Services,519,40%,0
Japan,2015,Services,1374,30%,5.6
Japan,2021,Services,3327,,5.6
France,2022,Services,1674,55%,4.1
France,2023,Agriculture,1285,55%,0
India,2014,Services,168,,5.6
UK,2016,Agriculture,1933,55%,4.1
China,2022,Services,2054,,-2.5
Japan,2021,Manufacturing,837,35%,4.1
China,2014,Agriculture,2525,12%,3.2
India,2020,Services,2817,30%,0
Japan,2010,Agriculture,1477,45%,3.2
Japan,2021,Services,292,55%,
UK,2018,Services,4088,30%,5.6
China,2012,Agriculture,4772,25%,7.8
Brazil,2011,Services,3963,25%,5.6
China,2019,Services,65,45%,5.6
China,2015,Services,4661,55%,0
UK,2017,Services,2832,12%,3.2
Japan,2011,Services,1873,55%,0
India,2013,Services,4973,40%,-2.5
China,2011,Agriculture,60,12%,3.2
Germany,2021,Manufacturing,328,55%,-2.5
Brazil,2021,Services,2992,25%,-2.5
Brazil,2018,Agriculture,4478,35%,4.1
UK,2019,Manufacturing,2841,,4.1
USA,2022,Agriculture,2135,30%,0
India,2011,Manufacturing,1156,45%,4.1
Germany,2019,Manufacturing,81,12%,5.6
China,2011,Manufacturing,3175,35%,
USA,2023,Agriculture,786,30%,7.8
India,2022,Manufacturing,1898,12%,
UK,2014,Services,3082,40%,5.6
USA,2021,Services,3658,45%,5.6
Japan,2014,Manufacturing,4190,30%,3.2
France,2021,Manufacturing,2727,40%,0
USA,2016,Services,343,40%,3.2
France,2010,Agriculture,3246,35%,7.8
Brazil,2021,Agriculture,1621,40%,0
Germany,2011,Services,3098,30%,
India,2020,Agriculture,2989,35%,
Germany,2020,Agriculture,4312,,
Germany,2015,Manufacturing,318,,5.6
China,2011,Agriculture,1197,45%,-2.5
UK,2013,Services,3392,45%,4.1
USA,2019,Agriculture,929,12%,5.6
India,2015,Manufacturing,108,30%,5.6
Brazil,2022,Services,2547,40%,0
Japan,2021,Services,3941,35%,5.6
UK,2016,Services,266,45%,7.8
UK,2019,Manufacturing,4389,,4.1
India,2014,Services,4662,12%,5.6
UK,2017,Manufacturing,2361,30%,-2.5
China,2015,Manufacturing,783,30%,0
UK,2014,Agriculture,2552,55%,
Brazil,2013,Services,4689,,7.8
Brazil,2015,Agriculture,2471,45%,
China,2015,Agriculture,3427,,0
USA,2015,Manufacturing,423,40%,-2.5
USA,2010,Agriculture,161,,3.2
Germany,2015,Agriculture,2590,35%,7.8
Brazil,2010,Agriculture,343,55%,-2.5
China,2014,Services,2519,45%,
Japan,2016,Agriculture,2248,40%,3.2
USA,2010,Manufacturing,3318,25%,
UK,2022,Services,217,30%,-2.5
India,2010,Manufacturing,3203,35%,3.2
India,2022,Services,119,40%,3.2
France,2022,Services,1475,,0
Brazil,2015,Services,2622,35%,4.1
China,2016,Manufacturing,1704,12%,5.6
Japan,2015,Agriculture,2309,40%,5.6
Germany,2014,Services,151,25%,-2.5
UK,2015,Manufacturing,1781,45%,3.2
China,2022,Services,1411,25%,5.6
France,2023,Agriculture,382,,-2.5
India,2012,Services,2302,45%,-2.5
China,2018,Manufacturing,4374,40%,7.8
UK,2014,Services,3310,12%,0
Japan,2011,Manufacturing,1172,,0
Brazil,2023,Agriculture,2007,,
Japan,2023,Agriculture,2009,55%,4.1
USA,2021,Services,509,25%,3.2
UK,2019,Agriculture,1267,30%,5.6
France,2019,Manufacturing,980,35%,3.2
USA,2016,Services,360,45%,5.6
USA,2012,Manufacturing,2939,25%,5.6
USA,2010,Services,1808,45%,5.6
China,2012,Manufacturing,4391,25%,
France,2018,Services,521,35%,5.6
India,2014,Manufacturing,4467,45%,5.6
Japan,2016,Manufacturing,4286,45%,7.8
Brazil,2012,Services,3230,55%,7.8
China,2013,Manufacturing,2410,12%,5.6
India,2010,Agriculture,1194,25%,
Japan,2012,Manufacturing,148,30%,-2.5
Brazil,2016,Services,3699,35%,-2.5
France,2013,Agriculture,543,40%,0
Brazil,2011,Agriculture,2207,55%,5.6
France,2023,Manufacturing,4629,55%,-2.5
UK,2014,Manufacturing,2227,12%,0
Brazil,2014,Manufacturing,1473,40%,4.1
Japan,2011,Agriculture,4985,35%,-2.5
Japan,2020,Agriculture,555,40%,0
France,2015,Agriculture,4355,,3.2
Japan,2019,Services,410,30%,-2.5
Germany,2013,Services,203,25%,5.6
UK,2023,Manufacturing,582,45%,4.1
China,2010,Services,2061,30%,5.6
Brazil,2012,Services,2407,30%,7.8
China,2023,Manufacturing,2833,12%,3.2
India,2018,Manufacturing,2019,45%,3.2
China,2019,Agriculture,2397,55%,-2.5
USA,2016,Agriculture,4486,45%,0
Japan,2022,Manufacturing,684,25%,4.1
China,2015,Manufacturing,2651,,
India,2023,Services,1242,30%,4.1
India,2010,Services,4565,25%,4.1
USA,2018,Services,786,,7.8
India,2022,Manufacturing,2486,45%,3.2
France,2018,Manufacturing,1258,45%,3.2
Germany,2010,Agriculture,2108,12%,
France,2023,Services,657,,5.6
Japan,2022,Agriculture,3115,25%,
Japan,2022,Manufacturing,3799,45%,5.6
Japan,2015,Services,4376,35%,0
UK,2016,Agriculture,2087,12%,-2.5
China,2011,Manufacturing,2235,12%,0
Germany,2019,Agriculture,1046,40%,-2.5
China,2017,Services,2628,12%,7.8
Germany,2017,Agriculture,1229,12%,
China,2015,Agriculture,4752,,3.2
USA,2018,Manufacturing,1970,,4.1
Brazil,2012,Services,3281,45%,0
France,2011,Agriculture,1382,30%,4.1
India,2011,Manufacturing,2794,55%,-2.5
India,2015,Services,2310,40%,
France,2016,Manufacturing,3548,30%,7.8
USA,2015,Services,3463,30%,0
Germany,2020,Manufacturing,255,35%,4.1
France,2012,Manufacturing,1859,55%,3.2
UK,2014,Manufacturing,949,55%,7.8
Germany,2017,Agriculture,797,45%,5.6
India,2015,Agriculture,2679,12%,3.2
UK,2011,Manufacturing,2492,12%,4.1
China,2016,Services,4482,45%,5.6
UK,2017,Manufacturing,1811,45%,7.8
Germany,2013,Agriculture,4926,,7.8
USA,2021,Services,4424,25%,5.6
China,2010,Agriculture,2346,12%,-2.5
Germany,2011,Manufacturing,4978,35%,
China,2013,Agriculture,1781,25%,7.8
UK,2016,Agriculture,4048,55%,0
India,2011,Agriculture,3009,40%,
Germany,2015,Manufacturing,988,,0
Brazil,2011,Agriculture,4669,,7.8
USA,2021,Manufacturing,4605,12%,
Brazil,2016,Manufacturing,2214,45%,5.6
Brazil,2011,Agriculture,2923,45%,5.6
France,2012,Services,1500,40%,3.2
UK,2018,Agriculture,1253,45%,5.6
Germany,2022,Agriculture,1922,12%,-2.5
USA,2013,Agriculture,4541,,-2.5
Germany,2023,Services,3074,35%,0
UK,2014,Services,2105,45%,7.8
Germany,2018,Manufacturing,2241,,0
China,2016,Services,1728,12%,7.8
UK,2017,Services,4432,55%,0
Germany,2020,Agriculture,2587,25%,7.8
France,2012,Manufacturing,1715,12%,7.8
India,2020,Manufacturing,4778,12%,0
Germany,2020,Services,4874,,3.2
China,2013,Services,4176,45%,-2.5
USA,2016,Agriculture,3061,40%,5.6
France,2013,Services,293,25%,4.1
USA,2011,Services,189,25%,4.1
Brazil,2023,Manufacturing,2498,45%,-2.5
France,2019,Services,774,35%,5.6
USA,2015,Agriculture,1614,12%,7.8
India,2018,Manufacturing,4309,45%,
China,2011,Manufacturing,153,40%,0
Brazil,2010,Services,4097,,4.1
UK,2017,Agriculture,112,35%,0
USA,2010,Manufacturing,2112,45%,5.6
France,2010,Agriculture,3919,55%,0
China,2012,Agriculture,3615,35%,0
Germany,2014,Services,2276,40%,0
India,2022,Agriculture,1596,,-2.5
China,2021,Manufacturing,4872,35%,0
China,2018,Services,4122,25%,3.2
UK,2020,Manufacturing,4883,30%,5.6
China,2019,Agriculture,3696,12%,-2.5
UK,2011,Agriculture,1840,45%,-2.5
India,2021,Services,179,40%,4.1
India,2021,Services,3065,40%,7.8
Germany,2010,Manufacturing,976,,7.8
UK,2010,Manufacturing,2030,,4.1
UK,2017,Agriculture,1775,45%,0
USA,2019,Services,1869,30%,-2.5
USA,2019,Agriculture,4594,30%,
Germany,2019,Agriculture,2257,12%,4.1
India,2011,Manufacturing,3338,,-2.5
Japan,2022,Manufacturing,4833,30%,0
USA,2018,Manufacturing,2945,,4.1
China,2018,Services,1806,30%,5.6
India,2011,Manufacturing,2587,12%,-2.5
Japan,2012,Services,2377,,7.8
Brazil,2011,Agriculture,2178,,0
China,2015,Services,3246,,-2.5
France,2016,Manufacturing,2267,25%,
UK,2021,Services,3703,12%,
India,2015,Services,3211,30%,7.8
France,2012,Manufacturing,2477,55%,3.2
Germany,2021,Manufacturing,4309,25%,-2.5
UK,2012,Agriculture,464,35%,4.1
UK,2021,Services,4144,12%,
China,2011,Agriculture,4300,35%,0
France,2011,Agriculture,1885,25%,7.8
UK,2020,Services,2118,,-2.5
USA,2021,Agriculture,2920,55%,7.8
India,2014,Services,1072,40%,0
USA,2020,Agriculture,448,55%,-2.5
China,2020,Agriculture,3027,12%,4.1
Japan,2017,Services,2969,55%,4.1
Brazil,2015,Manufacturing,4020,,
China,2018,Services,178,30%,0
India,2020,Manufacturing,1582,40%,5.6
UK,2014,Services,1100,45%,-2.5
France,2019,Services,3002,30%,-2.5
France,2013,Manufacturing,393,,4.1
Germany,2018,Manufacturing,1474,25%,4.1
China,2021,Services,653,,
India,2019,Services,1640,55%,7.8
Germany,2020,Services,4878,25%,-2.5
UK,2023,Manufacturing,4301,25%,5.6
Japan,2014,Services,2198,,7.8
China,2010,Manufacturing,797,,7.8
Japan,2014,Agriculture,549,45%,3.2
India,2014,Manufacturing,3406,30%,-2.5
Japan,2014,Agriculture,435,,3.2
Japan,2022,Services,4283,30%,
India,2011,Services,4393,,5.6
India,2022,Manufacturing,1785,40%,-2.5
China,2015,Agriculture,2607,12%,3.2
Japan,2014,Services,4872,25%,3.2
Germany,2011,Services,1228,45%,4.1
Brazil,2021,Agriculture,929,55%,7.8
India,2019,Services,1555,30%,3.2
UK,2023,Services,1056,40%,3.2
Japan,2017,Manufacturing,3707,35%,
India,2015,Services,2355,12%,-2.5
Germany,2020,Agriculture,322,40%,4.1
France,2019,Services,2945,,4.1
China,2021,Manufacturing,3145,35%,-2.5
Japan,2020,Services,2922,45%,7.8
France,2012,Agriculture,1656,25%,4.1
India,2018,Services,4740,45%,-2.5
India,2022,Agriculture,2497,12%,5.6
UK,2020,Manufacturing,2901,12%,7.8
UK,2020,Services,1374,55%,5.6
Japan,2023,Services,2107,30%,-2.5
France,2013,Manufacturing,3952,45%,-2.5
Brazil,2012,Agriculture,3172,12%,7.8
France,2016,Agriculture,2816,45%,4.1
India,2021,Services,2204,55%,3.2
Brazil,2022,Agriculture,4916,55%,0
Japan,2023,Agriculture,1779,45%,0
India,2017,Services,4635,,-2.5
UK,2016,Agriculture,2772,12%,5.6
Germany,2010,Agriculture,4620,40%,7.8
USA,2010,Services,4726,25%,3.2
Brazil,2022,Services,2944,,
USA,2014,Agriculture,3413,25%,-2.5
India,2023,Services,1890,,5.6
France,2017,Agriculture,2011,55%,-2.5
UK,2023,Agriculture,4474,12%,
China,2019,Agriculture,4912,55%,0
China,2020,Agriculture,4651,40%,-2.5
USA,2012,Services,2725,55%,5.6
Germany,2017,Services,1989,55%,0
USA,2012,Manufacturing,4623,40%,
India,2013,Services,63,55%,
Germany,2019,Manufacturing,4872,45%,4.1
China,2016,Agriculture,3108,45%,-2.5
France,2012,Services,795,12%,0
UK,2013,Agriculture,2060,,
Brazil,2017,Manufacturing,2663,12%,7.8
UK,2013,Services,4620,35%,4.1
India,2018,Services,2996,25%,5.6
USA,2013,Services,4669,40%,5.6
India,2022,Services,3232,45%,7.8
Brazil,2023,Agriculture,3536,40%,
UK,2013,Services,4556,12%,
Brazil,2022,Manufacturing,4128,30%,5.6
China,2014,Services,1957,,5.6
UK,2010,Manufacturing,4041,55%,-2.5
Germany,2016,Manufacturing,1697,45%,3.2
France,2018,Agriculture,4826,25%,-2.5
Brazil,2021,Services,2713,45%,7.8
France,2018,Manufacturing,1932,,7.8
Japan,2010,Services,378,25%,3.2
UK,2015,Agriculture,4417,35%,-2.5
UK,2012,Agriculture,4320,12%,-2.5
France,2013,Services,2255,,-2.5
Japan,2017,Manufacturing,4767,25%,0
Germany,2013,Agriculture,1737,35%,4.1
USA,2017,Manufacturing,4379,,
Brazil,2013,Manufacturing,4286,,0
Brazil,2018,Services,2216,45%,-2.5
UK,2015,Agriculture,431,12%,0
France,2010,Services,3642,40%,-2.5
India,2022,Services,1483,40%,7.8
UK,2019,Services,4194,25%,-2.5
India,2011,Manufacturing,3931,,0
Germany,2016,Services,3491,40%,3.2
UK,2019,Agriculture,3454,,7.8
Brazil,2016,Manufacturing,4294,25%,5.6
France,2012,Services,2254,30%,3.2
